timestamp,timestamp_sample,gyro_device_id,gyro_bias[0],gyro_bias[1],gyro_bias[2],gyro_bias_limit,gyro_bias_variance[0],gyro_bias_variance[1],gyro_bias_variance[2],accel_device_id,accel_bias[0],accel_bias[1],accel_bias[2],accel_bias_limit,accel_bias_variance[0],accel_bias_variance[1],accel_bias_variance[2],mag_device_id,mag_bias[0],mag_bias[1],mag_bias[2],mag_bias_limit,mag_bias_variance[0],mag_bias_variance[1],mag_bias_variance[2],gyro_bias_valid,accel_bias_valid,mag_bias_valid
112789082,112788784,6684682,-0.00071153796,0.0010274264,0.0011878606,0.34906584,2.1425928e-09,2.1427606e-09,2.4269302e-09,6946826,0.0,0.0,0.045055598,0.4,0.00040181095,0.00040181095,5.022646e-06,396809,0.0,0.0,0.0,0.5,0.0,0.0,0.0,1,1,0
115114860,115114419,6684682,-0.0006886558,0.001021507,0.0013283347,0.34906584,2.1833932e-09,2.1835749e-09,2.5366416e-09,6946826,0.0,0.0,0.04606475,0.4,0.00040117666,0.00040117666,5.0147078e-06,396809,0.0,0.0,0.0,0.5,0.0,0.0,0.0,1,1,0
116222691,116222371,6684682,-0.00063674664,0.0010639161,0.0014269635,0.34906584,2.173033e-09,2.173218e-09,2.561234e-09,6946826,0.0,0.0,0.0470735,0.4,0.00040124243,0.00040124243,5.0155395e-06,396809,0.0,0.0,0.0,0.5,0.0,0.0,0.0,1,1,0
116688243,116687792,6684682,-0.0005895386,0.0010996972,0.0014714437,0.34906584,2.1581106e-09,2.1582935e-09,2.558905e-09,6946826,0.0,0.0,0.04810044,0.4,0.00040028553,0.00040028553,5.0035687e-06,396809,0.0,0.0,0.0,0.5,0.0,0.0,0.0,1,1,0
117126528,117126234,6684682,-0.00055034016,0.0011327035,0.0015221811,0.34906584,2.1523234e-09,2.152503e-09,2.5626232e-09,6946826,0.0,0.0,0.049123526,0.4,0.00040096344,0.00040096344,5.012052e-06,396809,0.0,0.0,0.0,0.5,0.0,0.0,0.0,1,1,0
117716660,117716223,6684682,-0.0005012659,0.0011613268,0.001587881,0.34906584,2.1253759e-09,2.1255526e-09,2.543504e-09,6946826,0.0,0.0,0.050157733,0.4,0.00039915583,0.00039915583,4.9894475e-06,396809,0.0,0.0,0.0,0.5,0.0,0.0,0.0,1,1,0
118078526,118078050,6684682,-0.0004828067,0.0011841397,0.0016389793,0.34906584,2.119396e-09,2.1195745e-09,2.5449274e-09,6946826,0.0,0.0,0.05116742,0.4,0.00040036702,0.00040036702,5.0045874e-06,396809,0.0,0.0,0.0,0.5,0.0,0.0,0.0,1,1,0
118905762,118903798,6684682,-0.00045476455,0.0012111117,0.0017327049,0.34906584,2.0986946e-09,2.0988766e-09,2.5336944e-09,6946826,0.0,0.0,0.05217252,0.4,0.0004000661,0.0004000661,5.000826e-06,396809,0.0,0.0,0.0,0.5,0.0,0.0,0.0,1,1,0
119851636,119851201,6684682,-0.0004290529,0.0012192208,0.0018383375,0.34906584,2.0617446e-09,2.061924e-09,2.5058366e-09,6946826,-0.00045222926,0.0008365109,0.052802872,0.4,0.00039693894,0.00039693894,4.98237e-06,396809,0.0,0.0,0.0,0.5,0.0,0.0,0.0,1,1,0
119895126,119890192,6684682,-0.00042806534,0.0012209725,0.0018459958,0.34906584,2.0608555e-09,2.0610347e-09,2.505253e-09,6946826,-0.00091310136,0.0017394018,0.052889466,0.4,0.00039418362,0.00039418362,4.9863543e-06,396809,0.0,0.0,0.0,0.5,0.0,0.0,0.0,1,1,0
119958179,119953247,6684682,-0.00042875067,0.0012277754,0.0018614552,0.34906584,2.0703277e-09,2.070507e-09,2.5168196e-09,6946826,-0.0017190193,0.003244589,0.053196304,0.4,0.00038844312,0.00038844303,5.0106664e-06,396809,0.0,0.0,0.0,0.5,0.0,0.0,0.0,1,1,0
119988192,119983274,6684682,-0.00042861598,0.0012299094,0.0018692969,0.34906584,2.073059e-09,2.0732385e-09,2.520014e-09,6946826,-0.002176499,0.004270735,0.05330403,0.4,0.0003826847,0.0003826846,5.01771e-06,396809,0.0,0.0,0.0,0.5,0.0,0.0,0.0,1,1,0
120013738,120013302,6684682,-0.00042780102,0.001230268,0.0018789006,0.34906584,2.0730098e-09,2.0731887e-09,2.519637e-09,6946826,-0.00253178,0.0055574263,0.0533445,0.4,0.00037442104,0.0003744209,5.017669e-06,396809,0.0,0.0,0.0,0.5,0.0,0.0,0.0,1,1,0
120043744,120043330,6684682,-0.00042704755,0.0012314622,0.0018977077,0.34906584,2.074728e-09,2.0749067e-09,2.5211517e-09,6946826,-0.002533679,0.0074947653,0.053437866,0.4,0.00036436145,0.0003643612,5.021421e-06,396809,0.0,0.0,0.0,0.5,0.0,0.0,0.0,1,1,0
120063270,120062846,6684682,-0.00042571255,0.001231069,0.0019178838,0.34906584,2.073145e-09,2.0733233e-09,2.5184292e-09,6946826,-0.00239996,0.009629591,0.05346485,0.4,0.00035331267,0.00035331238,5.018721e-06,396809,0.0,0.0,0.0,0.5,0.0,0.0,0.0,1,1,0
120087307,120086868,6684682,-0.00042460603,0.0012317036,0.0019455387,0.34906584,2.0735613e-09,2.0737394e-09,2.5177387e-09,6946826,-0.0021325976,0.0121426815,0.05353583,0.4,0.0003420629,0.0003420626,5.0200574e-06,396809,0.0,0.0,0.0,0.5,0.0,0.0,0.0,1,1,0
120130830,120125904,6684682,-0.0004219167,0.0012274687,0.0019692637,0.34906584,2.0680273e-09,2.068205e-09,2.5091969e-09,6946826,-0.0018857109,0.014937879,0.05337922,0.4,0.00032576008,0.00032575967,5.0018034e-06,396809,0.0,0.0,0.0,0.5,0.0,0.0,0.0,1,1,0
120156365,120155930,6684682,-0.00042118807,0.0012279681,0.0019996844,0.34906584,2.0695021e-09,2.0696795e-09,2.5090199e-09,6946826,-0.0017307842,0.01698819,0.053406376,0.4,0.00030922628,0.00030922575,5.0022463e-06,396809,0.0,0.0,0.0,0.5,0.0,0.0,0.0,1,1,0
120166953,120166485,6684682,-0.00042081598,0.0012290413,0.0020326702,0.34906584,2.0702513e-09,2.0704285e-09,2.507958e-09,6946826,-0.0014521866,0.018554922,0.053458545,0.4,0.00029526744,0.00029526677,5.004867e-06,396809,0.0,0.0,0.0,0.5,0.0,0.0,0.0,1,1,0
120214929,120214483,6684682,-0.0004203838,0.0012304677,0.0020964036,0.34906584,2.074045e-09,2.07422e-09,2.5071516e-09,6946826,0.00016234528,0.020058578,0.053625405,0.4,0.0002636605,0.00026365902,5.0068234e-06,396809,0.0,0.0,0.0,0.5,0.0,0.0,0.0,1,1,0
120244987,120244510,6684682,-0.0004202758,0.001230937,0.002125574,0.34906584,2.0765056e-09,2.0766797e-09,2.5069429e-09,6946826,0.0012436258,0.020285023,0.05376782,0.4,0.00024829642,0.0002482943,5.00719e-06,396809,0.0,0.0,0.0,0.5,0.0,0.0,0.0,1,1,0
120277956,120273037,6684682,-0.00041889865,0.0012271106,0.0021446245,0.34906584,2.0722064e-09,2.0723794e-09,2.4983724e-09,6946826,0.002454413,0.019969877,0.053806055,0.4,0.00023165884,0.00023165591,4.9908786e-06,396809,0.0,0.0,0.0,0.5,0.0,0.0,0.0,1,1,0
120307977,120303063,6684682,-0.00041898774,0.0012272443,0.0021707367,0.34906584,2.0750968e-09,2.0752697e-09,2.4982985e-09,6946826,0.004166171,0.019698096,0.05414246,0.4,0.00021578405,0.0002157802,4.991563e-06,396809,0.0,0.0,0.0,0.5,0.0,0.0,0.0,1,1,0
120324578,120324128,6684682,-0.00041918523,0.0012276368,0.002197515,0.34906584,2.0776254e-09,2.0777988e-09,2.4978628e-09,6946826,0.0060749273,0.01954407,0.05456664,0.4,0.00020161453,0.00020160983,4.993509e-06,396809,0.0,0.0,0.0,0.5,0.0,0.0,0.0,1,1,0
120344025,120342099,6684682,-0.00041908617,0.001227077,0.0022209508,0.34906584,2.0785498e-09,2.0787234e-09,2.4954059e-09,6946826,0.0076279826,0.019101813,0.05496289,0.4,0.00018866532,0.00018865989,4.9913997e-06,396809,0.0,0.0,0.0,0.5,0.0,0.0,0.0,1,1,0
120377107,120376675,6684682,-0.00041959636,0.0012281185,0.0022462634,0.34906584,2.0833388e-09,2.083513e-09,2.4972928e-09,6946826,0.009419459,0.018501231,0.055543784,0.4,0.00017602487,0.0001760187,4.996007e-06,396809,0.0,0.0,0.0,0.5,0.0,0.0,0.0,1,1,0
120407133,120406710,6684682,-0.00042006266,0.0012301093,0.002271156,0.34906584,2.0893665e-09,2.0895414e-09,2.5005846e-09,6946826,0.010893838,0.01745732,0.056190077,0.4,0.0001637855,0.0001637786,5.0034496e-06,396809,0.0,0.0,0.0,0.5,0.0,0.0,0.0,1,1,0
120450623,120445692,6684682,-0.00041993117,0.0012301125,0.0022905266,0.34906584,2.0930162e-09,2.0931918e-09,2.5007507e-09,6946826,0.012412964,0.016074976,0.05688063,0.4,0.00015079018,0.00015078261,5.002698e-06,396809,0.0,0.0,0.0,0.5,0.0,0.0,0.0,1,1,0
120465615,120460708,6684682,-0.0004199917,0.0012307316,0.0023096784,0.34906584,2.095683e-09,2.095859e-09,2.5001181e-09,6946826,0.0133650405,0.014645872,0.057554923,0.4,0.00013981134,0.00013980335,5.004338e-06,396809,0.0,0.0,0.0,0.5,0.0,0.0,0.0,1,1,0
120485162,120480223,6684682,-0.0004200349,0.0012313295,0.0023268762,0.34906584,2.0983197e-09,2.0984963e-09,2.4994424e-09,6946826,0.013832022,0.013189172,0.058182966,0.4,0.00013032272,0.00013031442,5.0058798e-06,396809,0.0,0.0,0.0,0.5,0.0,0.0,0.0,1,1,0
120494159,120489277,6684682,-0.0004198533,0.0012312518,0.0023434756,0.34906584,2.098837e-09,2.099014e-09,2.4964537e-09,6946826,0.015066029,0.01249953,0.058895376,0.4,0.00012260827,0.0001225998,5.0047433e-06,396809,0.0,0.0,0.0,0.5,0.0,0.0,0.0,1,1,0
120519729,120519305,6684682,-0.00042012235,0.0012325026,0.002360578,0.34906584,2.1035818e-09,2.1037594e-09,2.4980968e-09,6946826,0.015162753,0.011243029,0.059552934,0.4,0.00011516611,0.00011515757,5.008902e-06,396809,0.0,0.0,0.0,0.5,0.0,0.0,0.0,1,1,0
120549773,120549331,6684682,-0.0004184073,0.0012278252,0.0023652872,0.34906584,2.0981739e-09,2.098351e-09,2.4876878e-09,6946826,0.014844567,0.009743167,0.059956253,0.4,0.00010745818,0.00010744969,4.988916e-06,396809,0.0,0.0,0.0,0.5,0.0,0.0,0.0,1,1,0
120579829,120579361,6684682,-0.000418482,0.0012282768,0.0023785727,0.34906584,2.1015092e-09,2.1016862e-09,2.4876559e-09,6946826,0.01440451,0.008209772,0.060674775,0.4,0.000100578494,0.000100570105,4.9897594e-06,396809,0.0,0.0,0.0,0.5,0.0,0.0,0.0,1,1,0
120599270,120598832,6684682,-0.00041863564,0.0012289612,0.0023905465,0.34906584,2.1042943e-09,2.1044713e-09,2.4871658e-09,6946826,0.013641221,0.006649973,0.061329845,0.4,9.459042e-05,9.4582174e-05,4.991673e-06,396809,0.0,0.0,0.0,0.5,0.0,0.0,0.0,1,1,0
120621772,120616892,6684682,-0.00041874693,0.001229599,0.0024020823,0.34906584,2.1070217e-09,2.1071984e-09,2.4866162e-09,6946826,0.012590108,0.0050112386,0.061912153,0.4,8.929829e-05,8.9290224e-05,4.9934556e-06,396809,0.0,0.0,0.0,0.5,0.0,0.0,0.0,1,1,0
120641296,120636365,6684682,-0.00042083004,0.0012360035,0.0024272306,0.34906584,2.1195465e-09,2.119724e-09,2.497621e-09,6946826,0.01206321,0.003718802,0.06289639,0.4,8.497056e-05,8.496266e-05,5.0184426e-06,396809,0.0,0.0,0.0,0.5,0.0,0.0,0.0,1,1,0
120677375,120676946,6684682,-0.00042127375,0.0012376723,0.00244161,0.34906584,2.1259923e-09,2.12617e-09,2.501072e-09,6946826,0.011158548,0.0021608204,0.06372806,0.4,8.0088066e-05,8.0080434e-05,5.024291e-06,396809,0.0,0.0,0.0,0.5,0.0,0.0,0.0,1,1,0
120720909,120715936,6684682,-0.00042137073,0.0012383843,0.002453106,0.34906584,2.130835e-09,2.1310127e-09,2.5026226e-09,6946826,0.009907461,0.0005384036,0.06456074,0.4,7.510732e-05,7.510004e-05,5.0263807e-06,396809,0.0,0.0,0.0,0.5,0.0,0.0,0.0,1,1,0
120737454,120737000,6684682,-0.0004213709,0.0012388352,0.0024623638,0.34906584,2.1333257e-09,2.1335038e-09,2.5017663e-09,6946826,0.008526075,-0.00089120585,0.06525805,0.4,7.083432e-05,7.082736e-05,5.0276594e-06,396809,0.0,0.0,0.0,0.5,0.0,0.0,0.0,1,1,0
120756894,120754972,6684682,-0.00042102495,0.0012382397,0.0024694358,0.34906584,2.134071e-09,2.1342486e-09,2.4988718e-09,6946826,0.007063099,-0.0020437047,0.06578512,0.4,6.706747e-05,6.706079e-05,5.024826e-06,396809,0.0,0.0,0.0,0.5,0.0,0.0,0.0,1,1,0
120783918,120778995,6684682,-0.00042105996,0.0012386383,0.00247789,0.34906584,2.1365385e-09,2.1367161e-09,2.4980038e-09,6946826,0.005811194,-0.0029193454,0.06639219,0.4,6.380386e-05,6.379746e-05,5.026051e-06,396809,0.0,0.0,0.0,0.5,0.0,0.0,0.0,1,1,0
120813951,120809021,6684682,-0.00042151505,0.001240327,0.0024895985,0.34906584,2.1423043e-09,2.142482e-09,2.5008153e-09,6946826,0.0043152245,-0.0036295885,0.06694165,0.4,6.0760445e-05,6.07543e-05,5.0326817e-06,396809,0.0,0.0,0.0,0.5,0.0,0.0,0.0,1,1,0
120820005,120819574,6684682,-0.00042167748,0.0012410071,0.0024997022,0.34906584,2.1442628e-09,2.1444404e-09,2.4995281e-09,6946826,0.0031946674,-0.00410545,0.06747358,0.4,5.820704e-05,5.82011e-05,5.035067e-06,396809,0.0,0.0,0.0,0.5,0.0,0.0,0.0,1,1,0
120839476,120839048,6684682,-0.00042134497,0.0012402887,0.0025027199,0.34906584,2.1449933e-09,2.1451705e-09,2.4966518e-09,6946826,0.0019954215,-0.004554387,0.06780338,0.4,5.5835626e-05,5.5829878e-05,5.0322074e-06,396809,0.0,0.0,0.0,0.5,0.0,0.0,0.0,1,1,0
120863484,120858564,6684682,-0.00042132183,0.0012405,0.0025101115,0.34906584,2.1473023e-09,2.1474795e-09,2.4956228e-09,6946826,0.00077085436,-0.004846837,0.0680597,0.4,5.371198e-05,5.3706404e-05,5.033057e-06,396809,0.0,0.0,0.0,0.5,0.0,0.0,0.0,1,1,0
120880084,120879632,6684682,-0.00042130926,0.001240694,0.0025134664,0.34906584,2.1496993e-09,2.1498763e-09,2.4947033e-09,6946826,-0.00033731773,-0.0050955713,0.068325184,0.4,5.1766332e-05,5.17609e-05,5.034114e-06,396809,0.0,0.0,0.0,0.5,0.0,0.0,0.0,1,1,0
120913068,120912613,6684682,-0.0004210593,0.00124044,0.0025167475,0.34906584,2.152438e-09,2.152615e-09,2.4940183e-09,6946826,-0.0018246309,-0.005357987,0.06826762,0.4,4.9828723e-05,4.9823437e-05,5.033637e-06,396809,0.0,0.0,0.0,0.5,0.0,0.0,0.0,1,1,0
120926580,120921623,6684682,-0.00042082102,0.001239951,0.0025179402,0.34906584,2.1527167e-09,2.1528936e-09,2.4908202e-09,6946826,-0.0028806946,-0.005441709,0.06838806,0.4,4.816616e-05,4.8160982e-05,5.032098e-06,396809,0.0,0.0,0.0,0.5,0.0,0.0,0.0,1,1,0
120956616,120951650,6684682,-0.0004191936,0.0012355174,0.0025127728,0.34906584,2.1482236e-09,2.1483997e-09,2.4817988e-09,6946826,-0.004183408,-0.0054197363,0.06805019,0.4,4.6363144e-05,4.6358084e-05,5.0147473e-06,396809,0.0,0.0,0.0,0.5,0.0,0.0,0.0,1,1,0
120962614,120962204,6684682,-0.00041921737,0.0012359632,0.0025154264,0.34906584,2.1502489e-09,2.1504245e-09,2.4806466e-09,6946826,-0.005370828,-0.0054364423,0.067938894,0.4,4.497783e-05,4.497284e-05,5.017299e-06,396809,0.0,0.0,0.0,0.5,0.0,0.0,0.0,1,1,0
120992694,120992230,6684682,-0.00041905208,0.0012358086,0.0025198783,0.34906584,2.1531827e-09,2.1533584e-09,2.4802325e-09,6946826,-0.006564387,-0.005295115,0.06774385,0.4,4.356356e-05,4.355863e-05,5.0173103e-06,396809,0.0,0.0,0.0,0.5,0.0,0.0,0.0,1,1,0
121025621,121020711,6684682,-0.00041890694,0.0012356349,0.0025246087,0.34906584,2.1561357e-09,2.1563116e-09,2.4798394e-09,6946826,-0.0077687846,-0.0049838973,0.06750033,0.4,4.216068e-05,4.215579e-05,5.017388e-06,396809,0.0,0.0,0.0,0.5,0.0,0.0,0.0,1,1,0
121042161,121041731,6684682,-0.0004188069,0.0012356953,0.00252709,0.34906584,2.158608e-09,2.1587836e-09,2.479049e-09,6946826,-0.008963684,-0.004713645,0.06718106,0.4,4.0879604e-05,4.0874736e-05,5.0186795e-06,396809,0.0,0.0,0.0,0.5,0.0,0.0,0.0,1,1,0
121061671,121061246,6684682,-0.00041839902,0.0012348193,0.0025299196,0.34906584,2.1593876e-09,2.159563e-09,2.4763225e-09,6946826,-0.01011741,-0.0043721804,0.066727124,0.4,3.966433e-05,3.9659466e-05,5.016036e-06,396809,0.0,0.0,0.0,0.5,0.0,0.0,0.0,1,1,0
121091702,121089817,6684682,-0.0004167339,0.0012303444,0.0025214613,0.34906584,2.155074e-09,2.155249e-09,2.4676212e-09,6946826,-0.0112757785,-0.0039849444,0.06598557,0.4,3.8352922e-05,3.8348066e-05,4.9992777e-06,396809,0.0,0.0,0.0,0.5,0.0,0.0,0.0,1,1,0
121124713,121124303,6684682,-0.00041644383,0.001230107,0.0025227321,0.34906584,2.1581938e-09,2.1583693e-09,2.467441e-09,6946826,-0.012547071,-0.0036186595,0.06523546,0.4,3.7200167e-05,3.719529e-05,4.9998034e-06,396809,0.0,0.0,0.0,0.5,0.0,0.0,0.0,1,1,0
121148747,121143821,6684682,-0.00041631967,0.0012301193,0.002524815,0.34906584,2.1607283e-09,2.160904e-09,2.4667366e-09,6946826,-0.013638355,-0.0031155313,0.06465206,0.4,3.6153175e-05,3.614826e-05,5.0012804e-06,396809,0.0,0.0,0.0,0.5,0.0,0.0,0.0,1,1,0
121168266,121163338,6684682,-0.00041622214,0.0012302169,0.0025284463,0.34906584,2.1633528e-09,2.1635285e-09,2.4661373e-09,6946826,-0.01466324,-0.0026168532,0.06401592,0.4,3.5192286e-05,3.5187328e-05,5.002958e-06,396809,0.0,0.0,0.0,0.5,0.0,0.0,0.0,1,1,0
121198295,121193365,6684682,-0.00041594167,0.0012300073,0.0025319809,0.34906584,2.1664417e-09,2.1666173e-09,2.4659228e-09,6946826,-0.01573988,-0.0021932512,0.06315471,0.4,3.423823e-05,3.4233213e-05,5.003411e-06,396809,0.0,0.0,0.0,0.5,0.0,0.0,0.0,1,1,0
121226807,121221892,6684682,-0.00041565017,0.0012296557,0.0025307657,0.34906584,2.1694992e-09,2.169675e-09,2.465669e-09,6946826,-0.016744038,-0.0016502771,0.06236591,0.4,3.3306587e-05,3.33015e-05,5.0038075e-06,396809,0.0,0.0,0.0,0.5,0.0,0.0,0.0,1,1,0
121246323,121241408,6684682,-0.00041555957,0.0012296763,0.0025353066,0.34906584,2.1720428e-09,2.1722188e-09,2.4649687e-09,6946826,-0.017640937,-0.000982182,0.061646923,0.4,3.2463624e-05,3.2458473e-05,5.0053154e-06,396809,0.0,0.0,0.0,0.5,0.0,0.0,0.0,1,1,0
121262934,121262473,6684682,-0.00041540054,0.0012296374,0.0025351592,0.34906584,2.1745974e-09,2.1747737e-09,2.4642823e-09,6946826,-0.018476767,-0.00044263017,0.06089773,0.4,3.1690113e-05,3.1684885e-05,5.0068393e-06,396809,0.0,0.0,0.0,0.5,0.0,0.0,0.0,1,1,0
121301905,121301462,6684682,-0.00041360952,0.001224938,0.0025249354,0.34906584,2.1709652e-09,2.171141e-09,2.4563196e-09,6946826,-0.019277198,9.8745106e-05,0.05971678,0.4,3.0768304e-05,3.0763003e-05,4.9895757e-06,396809,0.0,0.0,0.0,0.5,0.0,0.0,0.0,1,1,0
121342457,121341998,6684682,-0.0004135881,0.0012253247,0.0025268632,0.34906584,2.176391e-09,2.1765678e-09,2.4586049e-09,6946826,-0.020152796,0.0008310007,0.058808208,0.4,2.9961702e-05,2.9956298e-05,4.9931914e-06,396809,0.0,0.0,0.0,0.5,0.0,0.0,0.0,1,1,0
121361942,121360060,6684682,-0.00041312477,0.0012244117,0.0025275392,0.34906584,2.1773876e-09,2.1775646e-09,2.4561415e-09,6946826,-0.02090584,0.0014870968,0.05785228,0.4,2.9208208e-05,2.9202714e-05,4.9912023e-06,396809,0.0,0.0,0.0,0.5,0.0,0.0,0.0,1,1,0
121388973,121384038,6684682,-0.00041299537,0.0012244266,0.0025292987,0.34906584,2.1800262e-09,2.1802036e-09,2.45553e-09,6946826,-0.021596255,0.0021164708,0.05703234,0.4,2.8548817e-05,2.8543242e-05,4.9929604e-06,396809,0.0,0.0,0.0,0.5,0.0,0.0,0.0,1,1,0
121418992,121414063,6684682,-0.00041333775,0.001225873,0.0025358386,0.34906584,2.186128e-09,2.1863056e-09,2.4586804e-09,6946826,-0.022254456,0.0027274285,0.056252103,0.4,2.7944841e-05,2.7939184e-05,5.000362e-06,396809,0.0,0.0,0.0,0.5,0.0,0.0,0.0,1,1,0
121444532,121444089,6684682,-0.00041309997,0.0012255557,0.0025349832,0.34906584,2.1892124e-09,2.1893907e-09,2.4584255e-09,6946826,-0.022836087,0.0033181447,0.05544421,0.4,2.7327033e-05,2.7321292e-05,5.0008616e-06,396809,0.0,0.0,0.0,0.5,0.0,0.0,0.0,1,1,0
121474545,121474117,6684682,-0.00041320093,0.0012262199,0.0025374226,0.34906584,2.1939797e-09,2.1941586e-09,2.46005e-09,6946826,-0.02336677,0.0038989019,0.054667804,0.4,2.6756396e-05,2.6750567e-05,5.005206e-06,396809,0.0,0.0,0.0,0.5,0.0,0.0,0.0,1,1,0
121503109,121502688,6684682,-0.00041302838,0.00122598,0.0025406643,0.34906584,2.1970328e-09,2.1972124e-09,2.4597413e-09,6946826,-0.023827447,0.004507356,0.0539093,0.4,2.619151e-05,2.61856e-05,5.0056397e-06,396809,0.0,0.0,0.0,0.5,0.0,0.0,0.0,1,1,0
121552656,121552186,6684682,-0.00041104888,0.0012206503,0.0025310908,0.34906584,2.1935131e-09,2.1936932e-09,2.4484763e-09,6946826,-0.024481058,0.0055470807,0.05229733,0.4,2.5071742e-05,2.506572e-05,4.986886e-06,396809,0.0,0.0,0.0,0.5,0.0,0.0,0.0,1,1,0
121596152,121591222,6684682,-0.0004110265,0.0012209376,0.00253413,0.34906584,2.1988786e-09,2.1990594e-09,2.4472686e-09,6946826,-0.02499342,0.0064836005,0.051137637,0.4,2.4250463e-05,2.4244328e-05,4.99057e-06,396809,0.0,0.0,0.0,0.5,0.0,0.0,0.0,1,1,0
121632186,121630301,6684682,-0.0004107884,0.0012203383,0.0025344824,0.34906584,2.2026223e-09,2.2028035e-09,2.444264e-09,6946826,-0.025309075,0.0073722424,0.050138887,0.4,2.3540808e-05,2.3534587e-05,4.9905275e-06,396809,0.0,0.0,0.0,0.5,0.0,0.0,0.0,1,1,0
121675819,121675341,6684682,-0.00041122147,0.0012216012,0.002538636,0.34906584,2.2096034e-09,2.2097855e-09,2.444862e-09,6946826,-0.025478626,0.0081456555,0.049288854,0.4,2.2961312e-05,2.2955017e-05,4.997786e-06,396809,0.0,0.0,0.0,0.5,0.0,0.0,0.0,1,1,0
121714757,121714331,6684682,-0.00041132382,0.0012216894,0.0025407008,0.34906584,2.2144717e-09,2.214654e-09,2.443134e-09,6946826,-0.025524564,0.008910786,0.048571374,0.4,2.2432654e-05,2.2426304e-05,5.0002386e-06,396809,0.0,0.0,0.0,0.5,0.0,0.0,0.0,1,1,0
121786818,121781892,6684682,-0.0004116118,0.0012217624,0.002543079,0.34906584,2.2227888e-09,2.222973e-09,2.4415847e-09,6946826,-0.025403608,0.0100884475,0.04777426,0.4,2.1719377e-05,2.1712958e-05,5.0039744e-06,396809,0.0,0.0,0.0,0.5,0.0,0.0,0.0,1,1,0
121866378,121861462,6684682,-0.0004105799,0.0012177263,0.002536961,0.34906584,2.224325e-09,2.2245101e-09,2.4358398e-09,6946826,-0.025019515,0.010870798,0.04714474,0.4,2.1166868e-05,2.1160431e-05,4.9901137e-06,396809,0.0,0.0,0.0,0.5,0.0,0.0,0.0,1,1,0
121915989,121915556,6684682,-0.0004110137,0.001217585,0.0025388564,0.34906584,2.2301883e-09,2.2303757e-09,2.4351314e-09,6946826,-0.024599453,0.011775966,0.046969697,0.4,2.069737e-05,2.0690892e-05,4.9928335e-06,396809,0.0,0.0,0.0,0.5,0.0,0.0,0.0,1,1,0
121995512,121995083,6684682,-0.00041218454,0.0012186974,0.002544305,0.34906584,2.2420108e-09,2.242202e-09,2.4373268e-09,6946826,-0.023929741,0.013041773,0.046976335,0.4,2.0107373e-05,2.0100826e-05,5.0026015e-06,396809,0.0,0.0,0.0,0.5,0.0,0.0,0.0,1,1,0
122058606,122053633,6684682,-0.00041258795,0.0012176299,0.0025484012,0.34906584,2.247884e-09,2.2480786e-09,2.4332505e-09,6946826,-0.023231706,0.014219327,0.047238488,0.4,1.9588619e-05,1.9582016e-05,5.00357e-06,396809,0.0,0.0,0.0,0.5,0.0,0.0,0.0,1,1,0
122121610,122116689,6684682,-0.00041160447,0.0012126955,0.0025436445,0.34906584,2.2463036e-09,2.2464992e-09,2.4212174e-09,6946826,-0.022548718,0.015076796,0.047412846,0.4,1.911175e-05,1.9105119e-05,4.9879573e-06,396809,0.0,0.0,0.0,0.5,0.0,0.0,0.0,1,1,0
122171228,122166234,6684682,-0.00041209938,0.0012122851,0.0025463325,0.34906584,2.2519742e-09,2.2521716e-09,2.4172204e-09,6946826,-0.022055592,0.015849836,0.048016068,0.4,1.8789253e-05,1.8782563e-05,4.990675e-06,396809,0.0,0.0,0.0,0.5,0.0,0.0,0.0,1,1,0
122249222,122244303,6684682,-0.00041265794,0.0012119171,0.0025509903,0.34906584,2.2607562e-09,2.260955e-09,2.4164897e-09,6946826,-0.021539286,0.016569836,0.048757628,0.4,1.8485902e-05,1.8479139e-05,4.994006e-06,396809,0.0,0.0,0.0,0.5,0.0,0.0,0.0,1,1,0
122328848,122323875,6684682,-0.0004118085,0.0012074779,0.0025470757,0.34906584,2.2619153e-09,2.2621158e-09,2.407806e-09,6946826,-0.02097978,0.017163571,0.04934092,0.4,1.814597e-05,1.8139137e-05,4.980933e-06,396809,0.0,0.0,0.0,0.5,0.0,0.0,0.0,1,1,0
122397871,122397442,6684682,-0.00041230384,0.0012072735,0.0025486886,0.34906584,2.270112e-09,2.2703148e-09,2.4068787e-09,6946826,-0.020582138,0.017822174,0.05026039,0.4,1.7903465e-05,1.7896511e-05,4.9859623e-06,396809,0.0,0.0,0.0,0.5,0.0,0.0,0.0,1,1,0
122477444,122477011,6684682,-0.00041286656,0.0012082085,0.0025542958,0.34906584,2.2814433e-09,2.2816489e-09,2.4094329e-09,6946826,-0.020300454,0.018548824,0.0512022,0.4,1.7694438e-05,1.7687331e-05,4.9963023e-06,396809,0.0,0.0,0.0,0.5,0.0,0.0,0.0,1,1,0
122599083,122594113,6684682,-0.00041065828,0.0012027802,0.0025547885,0.34906584,2.2849416e-09,2.28515e-09,2.40088e-09,6946826,-0.019953128,0.01948777,0.05207849,0.4,1.7352762e-05,1.734544e-05,4.982725e-06,396809,0.0,0.0,0.0,0.5,0.0,0.0,0.0,1,1,0
122692119,122687196,6684682,-0.00041041704,0.001203595,0.0025611836,0.34906584,2.2965363e-09,2.2967488e-09,2.404122e-09,6946826,-0.019853532,0.020197917,0.05286624,0.4,1.7197934e-05,1.7190376e-05,4.992699e-06,396809,0.0,0.0,0.0,0.5,0.0,0.0,0.0,1,1,0
122791207,122786329,6684682,-0.00040880975,0.0012027895,0.0025669595,0.34906584,2.3054412e-09,2.3056606e-09,2.3989117e-09,6946826,-0.019802457,0.021079207,0.0536207,0.4,1.6970796e-05,1.6962815e-05,4.997498e-06,396809,0.0,0.0,0.0,0.5,0.0,0.0,0.0,1,1,0
122938351,122933413,6684682,-0.0004043148,0.0011992854,0.00256462,0.34906584,2.311806e-09,2.3120375e-09,2.385638e-09,6946826,-0.020008758,0.022031462,0.054137982,0.4,1.6704562e-05,1.669589e-05,4.98897e-06,396809,0.0,0.0,0.0,0.5,0.0,0.0,0.0,1,1,0
123252156,123251740,6684682,-0.00040750133,0.0012136007,0.0025930163,0.34906584,2.3488187e-09,2.349103e-09,2.3871547e-09,6946826,-0.020888403,0.02182614,0.05460272,0.4,1.6496328e-05,1.648503e-05,5.0259637e-06,396809,0.0,0.0,0.0,0.5,0.0,0.0,0.0,1,1,0
123442787,123442361,6684682,-0.00041152522,0.0012155325,0.0025927406,0.34906584,2.3531455e-09,2.353467e-09,2.3724618e-09,6946826,-0.021116503,0.02104908,0.055281818,0.4,1.6322756e-05,1.6309552e-05,5.0122017e-06,396809,0.0,0.0,0.0,0.5,0.0,0.0,0.0,1,1,0
123564386,123559510,6684682,-0.00041681653,0.0012201905,0.0026011346,0.34906584,2.3618396e-09,2.3621896e-09,2.3675875e-09,6946826,-0.021213014,0.020638678,0.056262825,0.4,1.6273469e-05,1.6258746e-05,5.0191356e-06,396809,0.0,0.0,0.0,0.5,0.0,0.0,0.0,1,1,0
123741523,123736620,6684682,-0.0004240387,0.0012207705,0.0026062576,0.34906584,2.3681224e-09,2.3685085e-09,2.359986e-09,6946826,-0.021059502,0.020127935,0.05735609,0.4,1.6188435e-05,1.6171662e-05,5.0147837e-06,396809,0.0,0.0,0.0,0.5,0.0,0.0,0.0,1,1,0
123870660,123870236,6684682,-0.0004308631,0.0012233165,0.0026185524,0.34906584,2.3772189e-09,2.3776345e-09,2.357551e-09,6946826,-0.02093701,0.01989451,0.058486126,0.4,1.617587e-05,1.6157333e-05,5.0245967e-06,396809,0.0,0.0,0.0,0.5,0.0,0.0,0.0,1,1,0
124522223,124521804,6684682,-0.0004236114,0.0012069903,0.0026272454,0.34906584,2.3845055e-09,2.3850373e-09,2.3167506e-09,6946826,-0.020342652,0.02021375,0.059351876,0.4,1.6016966e-05,1.5991047e-05,5.0087183e-06,396809,0.0,0.0,0.0,0.5,0.0,0.0,0.0,1,1,0
124624326,124619390,6684682,-0.00042147833,0.0012079411,0.0026336808,0.34906584,2.389748e-09,2.3902937e-09,2.3171147e-09,6946826,-0.020362543,0.020399379,0.06043344,0.4,1.6033802e-05,1.6007172e-05,5.0158314e-06,396809,0.0,0.0,0.0,0.5,0.0,0.0,0.0,1,1,0
124738499,124738039,6684682,-0.0004168187,0.0012045858,0.00262997,0.34906584,2.3840498e-09,2.3846074e-09,2.3063969e-09,6946826,-0.020315943,0.020512553,0.061606918,0.4,1.5983014e-05,1.5955755e-05,5.001556e-06,396809,0.0,0.0,0.0,0.5,0.0,0.0,0.0,1,1,0
124829999,124825070,6684682,-0.00041476416,0.0012073744,0.0026382012,0.34906584,2.3879991e-09,2.388567e-09,2.3062274e-09,6946826,-0.020367878,0.02065302,0.06270169,0.4,1.6005875e-05,1.5978107e-05,5.009519e-06,396809,0.0,0.0,0.0,0.5,0.0,0.0,0.0,1,1,0
124929082,124924155,6684682,-0.00041299374,0.0012114842,0.0026504046,0.34906584,2.3930744e-09,2.3936528e-09,2.3079454e-09,6946826,-0.02043135,0.020784218,0.063858695,0.4,1.6036094e-05,1.6007863e-05,5.019497e-06,396809,0.0,0.0,0.0,0.5,0.0,0.0,0.0,1,1,0
125028208,125027744,6684682,-0.00041223053,0.0012158802,0.0026620855,0.34906584,2.3969104e-09,2.3975004e-09,2.3092774e-09,6946826,-0.02048932,0.020893589,0.06508543,0.4,1.6064823e-05,1.6036181e-05,5.028791e-06,396809,0.0,0.0,0.0,0.5,0.0,0.0,0.0,1,1,0
125140749,125135883,6684682,-0.00041104053,0.0012191032,0.002670605,0.34906584,2.394759e-09,2.3953606e-09,2.3042557e-09,6946826,-0.020510802,0.020960728,0.06633384,0.4,1.6065333e-05,1.6036325e-05,5.0291155e-06,396809,0.0,0.0,0.0,0.5,0.0,0.0,0.0,1,1,0
125268416,125263494,6684682,-0.00040959936,0.00121927,0.0026720704,0.34906584,2.3857716e-09,2.3863815e-09,2.2913311e-09,6946826,-0.020465761,0.020953974,0.0673815,0.4,1.6018374e-05,1.5989146e-05,5.0144545e-06,396809,0.0,0.0,0.0,0.5,0.0,0.0,0.0,1,1,0
125425879,125425590,6684682,-0.00041110604,0.0012257352,0.002685602,0.34906584,2.389512e-09,2.3901319e-09,2.2924773e-09,6946826,-0.020505993,0.021035297,0.068401754,0.4,1.6048796e-05,1.6019283e-05,5.0240033e-06,396809,0.0,0.0,0.0,0.5,0.0,0.0,0.0,1,1,0
126280283,126279827,6684682,-0.0004526884,0.0012321185,0.0027317556,0.34906584,2.3646654e-09,2.3652855e-09,2.2654343e-09,6946826,-0.020666344,0.021395218,0.0674484,0.4,1.6046097e-05,1.6016202e-05,5.02744e-06,396809,0.0,0.0,0.0,0.5,0.0,0.0,0.0,1,1,0
126814711,126814286,6684682,-0.00043734067,0.0012214835,0.0027518696,0.34906584,2.3429085e-09,2.3434723e-09,2.255924e-09,6946826,-0.020767735,0.020989735,0.06836536,0.4,1.6006663e-05,1.5977272e-05,5.0235944e-06,396809,0.0,0.0,0.0,0.5,0.0,0.0,0.0,1,1,0
127752875,127752590,6684682,-0.00044325282,0.0012157053,0.0028384104,0.34906584,2.3075102e-09,2.3081117e-09,2.2427686e-09,6946826,-0.021180935,0.020991398,0.06744597,0.4,1.6000264e-05,1.5970874e-05,5.050069e-06,396809,0.0,0.0,0.0,0.5,0.0,0.0,0.0,1,1,0
128105819,128105391,6684682,-0.00048189663,0.0012113967,0.0028551403,0.34906584,2.2992492e-09,2.299798e-09,2.239303e-09,6946826,-0.021649888,0.021906516,0.067533925,0.4,1.6014981e-05,1.5985643e-05,5.065192e-06,396809,0.0,0.0,0.0,0.5,0.0,0.0,0.0,1,1,0
128376051,128375622,6684682,-0.0004929962,0.0012036759,0.0028724119,0.34906584,2.2880509e-09,2.2885318e-09,2.2324822e-09,6946826,-0.021973608,0.022135459,0.06849349,0.4,1.6004857e-05,1.5975753e-05,5.0703406e-06,396809,0.0,0.0,0.0,0.5,0.0,0.0,0.0,1,1,0
128793392,128792976,6684682,-0.00045814848,0.0011970116,0.0028768126,0.34906584,2.2539737e-09,2.254404e-09,2.2079585e-09,6946826,-0.021633305,0.021144966,0.06864718,0.4,1.5856082e-05,1.58273e-05,5.0377766e-06,396809,0.0,0.0,0.0,0.5,0.0,0.0,0.0,1,1,0
129234688,129234396,6684682,-0.00042542943,0.0012168617,0.0029191074,0.34906584,2.2365698e-09,2.2370332e-09,2.2042639e-09,6946826,-0.021021744,0.02034737,0.0686798,0.4,1.5843334e-05,1.5814461e-05,5.0541494e-06,396809,0.0,0.0,0.0,0.5,0.0,0.0,0.0,1,1,0
130269152,130268725,6684682,-0.0004482082,0.0012125015,0.0029942545,0.34906584,2.1986688e-09,2.1992004e-09,2.190821e-09,6946826,-0.021629622,0.020973967,0.06922835,0.4,1.5776226e-05,1.57474e-05,5.078418e-06,396809,0.0,0.0,0.0,0.5,0.0,0.0,0.0,1,1,0
133315212,133314779,6684682,-0.00047538275,0.0011933004,0.0031593975,0.34906584,2.0695772e-09,2.0699586e-09,2.1416156e-09,6946826,-0.022416206,0.021597128,0.069206916,0.4,1.5330374e-05,1.5302212e-05,5.0697263e-06,396809,0.0,0.0,0.0,0.5,0.0,0.0,0.0,1,1,0
134113777,134108940,6684682,-0.00047031397,0.001180665,0.0031834876,0.34906584,2.044212e-09,2.0445023e-09,2.1298896e-09,6946826,-0.022770446,0.021370044,0.07012775,0.4,1.5238498e-05,1.5210575e-05,5.070149e-06,396809,0.0,0.0,0.0,0.5,0.0,0.0,0.0,1,1,0
135508525,135508098,6684682,-0.00043916082,0.0011751875,0.00321751,0.34906584,1.9849822e-09,1.9852804e-09,2.086534e-09,6946826,-0.022265937,0.020483794,0.0698464,0.4,1.4957281e-05,1.4928847e-05,5.0302e-06,396809,0.0,0.0,0.0,0.5,0.0,0.0,0.0,1,1,0
136003929,136003507,6684682,-0.00043575882,0.001175078,0.0032491535,0.34906584,1.9778454e-09,1.9781958e-09,2.0862647e-09,6946826,-0.022458412,0.020366797,0.070890084,0.4,1.4969587e-05,1.494035e-05,5.0531644e-06,396809,0.0,0.0,0.0,0.5,0.0,0.0,0.0,1,1,0
136846037,136845745,6684682,-0.00044189882,0.0011720234,0.0032596055,0.34906584,1.951126e-09,1.9515725e-09,2.0636903e-09,6946826,-0.022393908,0.020510223,0.069832265,0.4,1.4817753e-05,1.4788488e-05,5.0285803e-06,396809,0.0,0.0,0.0,0.5,0.0,0.0,0.0,1,1,0
137335528,137330597,6684682,-0.00047538066,0.0011821823,0.003298469,0.34906584,1.9468762e-09,1.9473225e-09,2.0674398e-09,6946826,-0.022722859,0.021451723,0.06965825,0.4,1.4837415e-05,1.4807568e-05,5.050289e-06,396809,0.0,0.0,0.0,0.5,0.0,0.0,0.0,1,1,0
137694223,137689392,6684682,-0.0005090695,0.0011732392,0.0033094857,0.34906584,1.9405972e-09,1.9410038e-09,2.0608542e-09,6946826,-0.023275817,0.022186076,0.07005978,0.4,1.4801275e-05,1.47705105e-05,5.047758e-06,396809,0.0,0.0,0.0,0.5,0.0,0.0,0.0,1,1,0
138366901,138366446,6684682,-0.0005390677,0.0011488531,0.0033365537,0.34906584,1.9229223e-09,1.9231972e-09,2.0535535e-09,6946826,-0.024079153,0.022646474,0.069661014,0.4,1.4715041e-05,1.4682256e-05,5.0372664e-06,396809,0.0,0.0,0.0,0.5,0.0,0.0,0.0,1,1,0
138607067,138602185,6684682,-0.0005474616,0.0011450535,0.0033442562,0.34906584,1.9133708e-09,1.9136093e-09,2.0465238e-09,6946826,-0.024150433,0.022767931,0.06863791,0.4,1.46673465e-05,1.4633996e-05,5.026993e-06,396809,0.0,0.0,0.0,0.5,0.0,0.0,0.0,1,1,0
139518353,139517934,6684682,-0.00053901924,0.0011662056,0.0033818397,0.34906584,1.903524e-09,1.9037127e-09,2.0411448e-09,6946826,-0.023732737,0.022739489,0.06958307,0.4,1.4634904e-05,1.4601062e-05,5.033686e-06,396809,0.0,0.0,0.0,0.5,0.0,0.0,0.0,1,1,0
140905434,140900513,6684682,-0.0005785055,0.0011427052,0.0034228195,0.34906584,1.8857378e-09,1.8859958e-09,2.027548e-09,6946826,-0.024341911,0.023396306,0.06912142,0.4,1.456417e-05,1.4530629e-05,5.0325266e-06,396809,0.0,0.0,0.0,0.5,0.0,0.0,0.0,1,1,0
142059922,142059454,6684682,-0.0005981699,0.0011455867,0.0034399705,0.34906584,1.8684214e-09,1.868738e-09,2.0240931e-09,6946826,-0.02428143,0.023800367,0.07010045,0.4,1.4484434e-05,1.4447593e-05,5.021529e-06,396809,0.0,0.0,0.0,0.5,0.0,0.0,0.0,1,1,0
142876535,142876111,6684682,-0.00064724364,0.0011336184,0.0034470148,0.34906584,1.8576459e-09,1.85779e-09,2.0091566e-09,6946826,-0.024621869,0.02463989,0.06962431,0.4,1.4435795e-05,1.43940515e-05,5.016082e-06,396809,0.0,0.0,0.0,0.5,0.0,0.0,0.0,1,1,0
142963525,142958678,6684682,-0.0006453853,0.0011192234,0.0034128737,0.34906584,1.8355754e-09,1.8356983e-09,1.9845736e-09,6946826,-0.024412079,0.02444139,0.0685938,0.4,1.4277084e-05,1.4235351e-05,4.9621635e-06,396809,0.0,0.0,0.0,0.5,0.0,0.0,0.0,1,1,0
144107527,144107102,6684682,-0.00062633154,0.0011470059,0.0034975114,0.34906584,1.8336261e-09,1.8337494e-09,1.9922588e-09,6946826,-0.02399204,0.024254171,0.06752559,0.4,1.428478e-05,1.4241553e-05,4.981821e-06,396809,0.0,0.0,0.0,0.5,0.0,0.0,0.0,1,1,0
144200644,144200176,6684682,-0.0006218694,0.0011486883,0.0034895595,0.34906584,1.8335022e-09,1.8336543e-09,1.992833e-09,6946826,-0.02401137,0.024178619,0.06617723,0.4,1.430109e-05,1.4257827e-05,4.9886207e-06,396809,0.0,0.0,0.0,0.5,0.0,0.0,0.0,1,1,0
144250177,144249715,6684682,-0.0006206646,0.0011507868,0.0034921134,0.34906584,1.8364329e-09,1.8366002e-09,1.9961393e-09,6946826,-0.024061462,0.024178116,0.065108664,0.4,1.4327638e-05,1.4284304e-05,4.998332e-06,396809,0.0,0.0,0.0,0.5,0.0,0.0,0.0,1,1,0
144317709,144317270,6684682,-0.0006182128,0.001150733,0.0034897684,0.34906584,1.8378581e-09,1.8380419e-09,1.9977429e-09,6946826,-0.024074398,0.02413473,0.06331007,0.4,1.4328032e-05,1.4284704e-05,4.998821e-06,396809,0.0,0.0,0.0,0.5,0.0,0.0,0.0,1,1,0
144347720,144347294,6684682,-0.00061524386,0.0011468696,0.0034771832,0.34906584,1.8320404e-09,1.8322324e-09,1.9914996e-09,6946826,-0.02400443,0.024039559,0.062185932,0.4,1.42814515e-05,1.4238269e-05,4.9827067e-06,396809,0.0,0.0,0.0,0.5,0.0,0.0,0.0,1,1,0
144397319,144395333,6684682,-0.00061418704,0.0011472546,0.0034771808,0.34906584,1.8325531e-09,1.8327628e-09,1.9921338e-09,6946826,-0.024036624,0.024029281,0.060389902,0.4,1.4289721e-05,1.4246522e-05,4.9857977e-06,396809,0.0,0.0,0.0,0.5,0.0,0.0,0.0,1,1,0
144410781,144410344,6684682,-0.000613718,0.0011478506,0.0034789569,0.34906584,1.8321719e-09,1.8323886e-09,1.9915058e-09,6946826,-0.024059938,0.02403028,0.059306756,0.4,1.4297672e-05,1.4254453e-05,4.9886503e-06,396809,0.0,0.0,0.0,0.5,0.0,0.0,0.0,1,1,0
144449868,144449446,6684682,-0.00061308494,0.0011477706,0.0034786803,0.34906584,1.833531e-09,1.8337561e-09,1.9927067e-09,6946826,-0.024070889,0.024020085,0.058137413,0.4,1.4297508e-05,1.4254291e-05,4.988636e-06,396809,0.0,0.0,0.0,0.5,0.0,0.0,0.0,1,1,0
144473806,144468891,6684682,-0.0006131395,0.0011489325,0.0034804787,0.34906584,1.8351329e-09,1.8353663e-09,1.9942072e-09,6946826,-0.02411129,0.024035644,0.056939542,0.4,1.4313771e-05,1.42705085e-05,4.994345e-06,396809,0.0,0.0,0.0,0.5,0.0,0.0,0.0,1,1,0
144503833,144498916,6684682,-0.0006128791,0.0011497657,0.0034827935,0.34906584,1.8370283e-09,1.8372702e-09,1.9959654e-09,6946826,-0.02414396,0.02404422,0.05556375,0.4,1.432481e-05,1.4281516e-05,4.99821e-06,396809,0.0,0.0,0.0,0.5,0.0,0.0,0.0,1,1,0
144523354,144518431,6684682,-0.00061250466,0.0011500058,0.0034818614,0.34906584,1.8372274e-09,1.8374772e-09,1.995839e-09,6946826,-0.024165234,0.024041995,0.054309327,0.4,1.4329451e-05,1.42861445e-05,4.9998353e-06,396809,0.0,0.0,0.0,0.5,0.0,0.0,0.0,1,1,0
144551915,144546999,6684682,-0.000611859,0.0011500579,0.003480839,0.34906584,1.8380377e-09,1.8382953e-09,1.9963184e-09,6946826,-0.024182683,0.024036663,0.05295373,0.4,1.4331324e-05,1.4288016e-05,5.0004837e-06,396809,0.0,0.0,0.0,0.5,0.0,0.0,0.0,1,1,0
144587965,144587487,6684682,-0.0006095369,0.0011459532,0.0034674741,0.34906584,1.8331588e-09,1.8334245e-09,1.9906983e-09,6946826,-0.024109783,0.023950549,0.051897604,0.4,1.4282409e-05,1.4239251e-05,4.983406e-06,396809,0.0,0.0,0.0,0.5,0.0,0.0,0.0,1,1,0
144601414,144596494,6684682,-0.0006092033,0.0011464398,0.0034670425,0.34906584,1.8328622e-09,1.8331353e-09,1.990027e-09,6946826,-0.024136126,0.023958987,0.0507574,0.4,1.4290283e-05,1.42471035e-05,4.9861533e-06,396809,0.0,0.0,0.0,0.5,0.0,0.0,0.0,1,1,0
144650989,144650537,6684682,-0.0006082729,0.0011469277,0.0034666853,0.34906584,1.8344313e-09,1.8347195e-09,1.9907367e-09,6946826,-0.024172906,0.023969483,0.048827566,0.4,1.4299263e-05,1.4256059e-05,4.9892974e-06,396809,0.0,0.0,0.0,0.5,0.0,0.0,0.0,1,1,0
144720078,144719638,6684682,-0.000608246,0.0011483616,0.0034693843,0.34906584,1.8394231e-09,1.8397289e-09,1.9952562e-09,6946826,-0.024222882,0.024006821,0.047697976,0.4,1.4321315e-05,1.4278046e-05,4.997063e-06,396809,0.0,0.0,0.0,0.5,0.0,0.0,0.0,1,1,0
144835595,144830681,6684682,-0.0006052242,0.0011443327,0.0034582333,0.34906584,1.8340452e-09,1.8343913e-09,1.9870987e-09,6946826,-0.024159241,0.023950033,0.04668162,0.4,1.4282366e-05,1.4239209e-05,4.983917e-06,396809,0.0,0.0,0.0,0.5,0.0,0.0,0.0,1,1,0
144949737,144949276,6684682,-0.00060735404,0.001145742,0.003467523,0.34906584,1.8415669e-09,1.8419437e-09,1.992621e-09,6946826,-0.024182705,0.024020689,0.048413143,0.4,1.4314069e-05,1.4270799e-05,4.9953587e-06,396809,0.0,0.0,0.0,0.5,0.0,0.0,0.0,1,1,0
144991767,144986821,6684682,-0.0006074566,0.0011418636,0.0034593332,0.34906584,1.8360786e-09,1.8364699e-09,1.98572e-09,6946826,-0.024091534,0.02396653,0.050028402,0.4,1.427491e-05,1.4231743e-05,4.9818477e-06,396809,0.0,0.0,0.0,0.5,0.0,0.0,0.0,1,1,0
145027845,145027384,6684682,-0.0006101974,0.0011420441,0.0034633647,0.34906584,1.8373931e-09,1.8377976e-09,1.985872e-09,6946826,-0.024087131,0.023999365,0.05190346,0.4,1.4286211e-05,1.4242988e-05,4.9858927e-06,396809,0.0,0.0,0.0,0.5,0.0,0.0,0.0,1,1,0
145047281,145046855,6684682,-0.00061264914,0.0011428831,0.0034681198,0.34906584,1.8390783e-09,1.8394896e-09,1.9870978e-09,6946826,-0.024098443,0.024032136,0.053130824,0.4,1.4300151e-05,1.4256873e-05,4.9907885e-06,396809,0.0,0.0,0.0,0.5,0.0,0.0,0.0,1,1,0
145110369,145109950,6684682,-0.00061666797,0.0011435112,0.003474228,0.34906584,1.842775e-09,1.8431995e-09,1.9898811e-09,6946826,-0.024106374,0.024083769,0.05518879,0.4,1.4316059e-05,1.4272707e-05,4.9963687e-06,396809,0.0,0.0,0.0,0.5,0.0,0.0,0.0,1,1,0
145140448,145139975,6684682,-0.00061899587,0.0011433114,0.0034758362,0.34906584,1.8434518e-09,1.843884e-09,1.9903592e-09,6946826,-0.024101645,0.02410631,0.056311436,0.4,1.4317625e-05,1.4274253e-05,4.996917e-06,396809,0.0,0.0,0.0,0.5,0.0,0.0,0.0,1,1,0
145173385,145168452,6684682,-0.00062194135,0.0011440197,0.003479383,0.34906584,1.8455434e-09,1.8459836e-09,1.992477e-09,6946826,-0.024119364,0.024152378,0.05742201,0.4,1.433102e-05,1.428759e-05,5.0015915e-06,396809,0.0,0.0,0.0,0.5,0.0,0.0,0.0,1,1,0
145203448,145198475,6684682,-0.00062511506,0.0011445842,0.0034826894,0.34906584,1.8471628e-09,1.8476108e-09,1.9941868e-09,6946826,-0.02413384,0.02419929,0.058576714,0.4,1.4341504e-05,1.42980225e-05,5.0052513e-06,396809,0.0,0.0,0.0,0.5,0.0,0.0,0.0,1,1,0
145251433,145246515,6684682,-0.00063054403,0.0011445129,0.0034845504,0.34906584,1.8476842e-09,1.8481453e-09,1.9945297e-09,6946826,-0.024142742,0.024269149,0.060490295,0.4,1.434729e-05,1.4303751e-05,5.0072863e-06,396809,0.0,0.0,0.0,0.5,0.0,0.0,0.0,1,1,0
145337021,145335130,6684682,-0.0006368336,0.0011407818,0.0034745382,0.34906584,1.8444943e-09,1.8449698e-09,1.9920794e-09,6946826,-0.024084099,0.024313102,0.062680244,0.4,1.4304744e-05,1.4261268e-05,4.992526e-06,396809,0.0,0.0,0.0,0.5,0.0,0.0,0.0,1,1,0
145380636,145380168,6684682,-0.0006448193,0.00114127,0.0034783815,0.34906584,1.8433797e-09,1.8438675e-09,1.991899e-09,6946826,-0.024119213,0.024442306,0.06456803,0.4,1.4314118e-05,1.4270549e-05,4.9959563e-06,396809,0.0,0.0,0.0,0.5,0.0,0.0,0.0,1,1,0
145419635,145419152,6684682,-0.00065231975,0.00114253,0.0034843474,0.34906584,1.8441991e-09,1.8446946e-09,1.9930442e-09,6946826,-0.024171865,0.024576485,0.066044115,0.4,1.4332568e-05,1.4288882e-05,5.0025787e-06,396809,0.0,0.0,0.0,0.5,0.0,0.0,0.0,1,1,0
145478178,145477745,6684682,-0.00066080503,0.0011436986,0.003490921,0.34906584,1.8462393e-09,1.8467402e-09,1.9955069e-09,6946826,-0.024221584,0.024734661,0.06765232,0.4,1.4345915e-05,1.4302118e-05,5.007493e-06,396809,0.0,0.0,0.0,0.5,0.0,0.0,0.0,1,1,0
145547196,145546755,6684682,-0.00066851533,0.001140051,0.003481514,0.34906584,1.8403126e-09,1.8408159e-09,1.9902897e-09,6946826,-0.024179295,0.024836328,0.06907533,0.4,1.4296905e-05,1.42531635e-05,4.9908035e-06,396809,0.0,0.0,0.0,0.5,0.0,0.0,0.0,1,1,0
145610233,145609805,6684682,-0.00067812024,0.0011405185,0.0034838496,0.34906584,1.8401384e-09,1.8406424e-09,1.991417e-09,6946826,-0.024228502,0.025028083,0.070506364,0.4,1.4300426e-05,1.4256584e-05,4.9925666e-06,396809,0.0,0.0,0.0,0.5,0.0,0.0,0.0,1,1,0
145659783,145659346,6684682,-0.00068705034,0.0011432192,0.0034912073,0.34906584,1.8422553e-09,1.8427571e-09,1.99457e-09,6946826,-0.02429701,0.0252536,0.07228007,0.4,1.4325331e-05,1.4281325e-05,5.001842e-06,396809,0.0,0.0,0.0,0.5,0.0,0.0,0.0,1,1,0
145689799,145689368,6684682,-0.00069019233,0.0011442975,0.0034899171,0.34906584,1.8422387e-09,1.8427379e-09,1.9950146e-09,6946826,-0.024291271,0.02536721,0.07388605,0.4,1.4325942e-05,1.4281894e-05,5.0023996e-06,396809,0.0,0.0,0.0,0.5,0.0,0.0,0.0,1,1,0
145718422,145717938,6684682,-0.0006937999,0.001146603,0.003491483,0.34906584,1.8435994e-09,1.8440952e-09,1.9969952e-09,6946826,-0.02429514,0.025517177,0.0759341,0.4,1.4337489e-05,1.4293367e-05,5.006816e-06,396809,0.0,0.0,0.0,0.5,0.0,0.0,0.0,1,1,0
145737839,145737406,6684682,-0.00069600635,0.0011475898,0.0034881714,0.34906584,1.8416886e-09,1.84218e-09,1.995348e-09,6946826,-0.024258776,0.025633242,0.07804414,0.4,1.43300795e-05,1.4285945e-05,5.004621e-06,396809,0.0,0.0,0.0,0.5,0.0,0.0,0.0,1,1,0
146646091,146645633,6684682,-0.0007260778,0.0011539408,0.003503341,0.34906584,1.8001665e-09,1.800586e-09,1.9919326e-09,6946826,-0.024165548,0.025552798,0.07704475,0.4,1.4249177e-05,1.42054605e-05,4.996816e-06,396809,0.0,0.0,0.0,0.5,0.0,0.0,0.0,1,1,0
146808193,146807763,6684682,-0.0007258504,0.0011581853,0.0035231616,0.34906584,1.8044737e-09,1.8049147e-09,2.0014561e-09,6946826,-0.02430271,0.025848627,0.07602456,0.4,1.4144421e-05,1.4101458e-05,5.0158205e-06,396809,0.0,0.0,0.0,0.5,0.0,0.0,0.0,1,1,0
146905759,146905341,6684682,-0.00072396075,0.0011590647,0.0035280061,0.34906584,1.8051659e-09,1.8056233e-09,2.0041238e-09,6946826,-0.02431719,0.025864027,0.074909024,0.4,1.4152866e-05,1.4109878e-05,5.018809e-06,396809,0.0,0.0,0.0,0.5,0.0,0.0,0.0,1,1,0
146968808,146963934,6684682,-0.00072011095,0.0011556161,0.003520393,0.34906584,1.7991777e-09,1.7996439e-09,1.997879e-09,6946826,-0.024237785,0.025779571,0.07381559,0.4,1.4106652e-05,1.4063804e-05,5.002421e-06,396809,0.0,0.0,0.0,0.5,0.0,0.0,0.0,1,1,0
147018416,147017933,6684682,-0.0007186424,0.0011565184,0.0035249167,0.34906584,1.7977252e-09,1.7982018e-09,1.9952449e-09,6946826,-0.024248052,0.025790492,0.07266538,0.4,1.41126275e-05,1.4069761e-05,5.00454e-06,396809,0.0,0.0,0.0,0.5,0.0,0.0,0.0,1,1,0
147117305,147117012,6684682,-0.0007181169,0.0011587123,0.003534293,0.34906584,1.8043825e-09,1.8048666e-09,1.999697e-09,6946826,-0.024282655,0.025827296,0.071654275,0.4,1.4132766e-05,1.4089839e-05,5.0116996e-06,396809,0.0,0.0,0.0,0.5,0.0,0.0,0.0,1,1,0
147176021,147175558,6684682,-0.0007172177,0.0011603441,0.0035413268,0.34906584,1.806088e-09,1.8065803e-09,1.9989201e-09,6946826,-0.024302652,0.025848564,0.070517644,0.4,1.4144404e-05,1.4101442e-05,5.0158087e-06,396809,0.0,0.0,0.0,0.5,0.0,0.0,0.0,1,1,0
147225395,147225098,6684682,-0.00071375066,0.001156528,0.0035309927,0.34906584,1.801073e-09,1.8015673e-09,1.9909994e-09,6946826,-0.024213267,0.025753494,0.069521,0.4,1.4092382e-05,1.4049578e-05,4.9973696e-06,396809,0.0,0.0,0.0,0.5,0.0,0.0,0.0,1,1,0
147321594,147316718,6684682,-0.0007137126,0.0011595737,0.0035429138,0.34906584,1.8073193e-09,1.8078207e-09,1.9926862e-09,6946826,-0.024258742,0.025801862,0.06829206,0.4,1.4118848e-05,1.4075964e-05,5.006746e-06,396809,0.0,0.0,0.0,0.5,0.0,0.0,0.0,1,1,0
147405674,147405245,6684682,-0.00071326835,0.001161363,0.0035511148,0.34906584,1.8114228e-09,1.8119327e-09,1.992261e-09,6946826,-0.024278667,0.025823053,0.067017764,0.4,1.41304445e-05,1.40875245e-05,5.0108583e-06,396809,0.0,0.0,0.0,0.5,0.0,0.0,0.0,1,1,0
147474821,147474389,6684682,-0.00071094104,0.0011588327,0.0035457083,0.34906584,1.8095273e-09,1.810039e-09,1.985891e-09,6946826,-0.024215514,0.025755884,0.06601129,0.4,1.4093689e-05,1.4050881e-05,4.9978244e-06,396809,0.0,0.0,0.0,0.5,0.0,0.0,0.0,1,1,0
147618845,147613911,6684682,-0.0007120848,0.0011618418,0.0035596846,0.34906584,1.8195999e-09,1.8201207e-09,1.9904862e-09,6946826,-0.024267668,0.025811356,0.06484055,0.4,1.4124044e-05,1.40811435e-05,5.0085887e-06,396809,0.0,0.0,0.0,0.5,0.0,0.0,0.0,1,1,0
147746433,147741514,6684682,-0.00071250944,0.0011622586,0.0035668144,0.34906584,1.8247508e-09,1.8252797e-09,1.9903226e-09,6946826,-0.024274273,0.02581838,0.063755274,0.4,1.4127888e-05,1.4084975e-05,5.0099516e-06,396809,0.0,0.0,0.0,0.5,0.0,0.0,0.0,1,1,0
148010680,148010230,6684682,-0.0007178786,0.0011674337,0.0035946874,0.34906584,1.8453108e-09,1.845858e-09,2.0052733e-09,6946826,-0.024397885,0.025949856,0.062682405,0.4,1.4199832e-05,1.4156701e-05,5.035464e-06,396809,0.0,0.0,0.0,0.5,0.0,0.0,0.0,1,1,0
148240249,148239960,6684682,-0.0007192495,0.0011637107,0.003597406,0.34906584,1.8495814e-09,1.8501345e-09,2.002222e-09,6946826,-0.024352875,0.025901983,0.061680563,0.4,1.41736355e-05,1.41305845e-05,5.0261833e-06,396809,0.0,0.0,0.0,0.5,0.0,0.0,0.0,1,1,0
148540494,148540202,6684682,-0.00072072435,0.001155803,0.0035926604,0.34906584,1.8517409e-09,1.8522932e-09,1.9954738e-09,6946826,-0.024248164,0.025790611,0.060681578,0.4,1.4112692e-05,1.4069826e-05,5.004572e-06,396809,0.0,0.0,0.0,0.5,0.0,0.0,0.0,1,1,0
