timestamp,x,y,z,yaw,yawspeed,vx,vy,vz,acceleration[0],acceleration[1],acceleration[2],jerk[0],jerk[1],jerk[2],thrust[0],thrust[1],thrust[2]
115664219,nan,nan,nan,0.4290958,0.0,nan,nan,nan,0.0,0.0,100.0,0.0,0.0,0.0,-0.0,-0.0,-0.001
115670393,nan,nan,nan,0.42908978,0.0,nan,nan,nan,0.0,0.0,100.0,0.0,0.0,0.0,-0.0,-0.0,-0.001
115769301,nan,nan,nan,0.4291659,0.0,nan,nan,nan,0.0,0.0,100.0,0.0,0.0,0.0,-0.0,-0.0,-0.001
115862575,nan,nan,nan,0.42932257,0.0,nan,nan,nan,0.0,0.0,100.0,0.0,0.0,0.0,-0.0,-0.0,-0.001
115970529,nan,nan,nan,0.4294927,0.0,nan,nan,nan,0.0,0.0,100.0,0.0,0.0,0.0,-0.0,-0.0,-0.001
116063722,nan,nan,nan,0.4295461,0.0,nan,nan,nan,0.0,0.0,100.0,0.0,0.0,0.0,-0.0,-0.0,-0.001
116162666,nan,nan,nan,0.42961577,0.0,nan,nan,nan,0.0,0.0,100.0,0.0,0.0,0.0,-0.0,-0.0,-0.001
116269381,nan,nan,nan,0.4296051,0.0,nan,nan,nan,0.0,0.0,100.0,0.0,0.0,0.0,-0.0,-0.0,-0.001
116365381,nan,nan,nan,0.4296608,0.0,nan,nan,nan,0.0,0.0,100.0,0.0,0.0,0.0,-0.0,-0.0,-0.001
116463068,nan,nan,nan,0.4297149,0.0,nan,nan,nan,0.0,0.0,100.0,0.0,0.0,0.0,-0.0,-0.0,-0.001
116571235,nan,nan,nan,0.42979407,0.0,nan,nan,nan,0.0,0.0,100.0,0.0,0.0,0.0,-0.0,-0.0,-0.001
116668667,nan,nan,nan,0.42992702,0.0,nan,nan,nan,0.0,0.0,100.0,0.0,0.0,0.0,-0.0,-0.0,-0.001
116767842,nan,nan,nan,0.42990714,0.0,nan,nan,nan,0.0,0.0,100.0,0.0,0.0,0.0,-0.0,-0.0,-0.001
116860794,nan,nan,nan,0.42988837,0.0,nan,nan,nan,0.0,0.0,100.0,0.0,0.0,0.0,-0.0,-0.0,-0.001
116967524,nan,nan,nan,0.42987338,0.0,nan,nan,nan,0.0,0.0,100.0,0.0,0.0,0.0,-0.0,-0.0,-0.001
117072501,nan,nan,nan,0.43009236,0.0,nan,nan,nan,0.0,0.0,100.0,0.0,0.0,0.0,-0.0,-0.0,-0.001
117165708,nan,nan,nan,0.43000382,0.0,nan,nan,nan,0.0,0.0,100.0,0.0,0.0,0.0,-0.0,-0.0,-0.001
117267649,nan,nan,nan,0.4300653,0.0,nan,nan,nan,0.0,0.0,100.0,0.0,0.0,0.0,-0.0,-0.0,-0.001
117366801,nan,nan,nan,0.42995334,0.0,nan,nan,nan,0.0,0.0,100.0,0.0,0.0,0.0,-0.0,-0.0,-0.001
117465974,nan,nan,nan,0.43000734,0.0,nan,nan,nan,0.0,0.0,100.0,0.0,0.0,0.0,-0.0,-0.0,-0.001
117559087,nan,nan,nan,0.43006963,0.0,nan,nan,nan,0.0,0.0,100.0,0.0,0.0,0.0,-0.0,-0.0,-0.001
117668573,nan,nan,nan,0.42997682,0.0,nan,nan,nan,0.0,0.0,100.0,0.0,0.0,0.0,-0.0,-0.0,-0.001
117766119,nan,nan,nan,0.43007892,0.0,nan,nan,nan,0.0,0.0,100.0,0.0,0.0,0.0,-0.0,-0.0,-0.001
117863698,nan,nan,nan,0.4300545,0.0,nan,nan,nan,0.0,0.0,100.0,0.0,0.0,0.0,-0.0,-0.0,-0.001
117971803,nan,nan,nan,0.42999867,0.0,nan,nan,nan,0.0,0.0,100.0,0.0,0.0,0.0,-0.0,-0.0,-0.001
118063516,nan,nan,nan,0.43005446,0.0,nan,nan,nan,0.0,0.0,100.0,0.0,0.0,0.0,-0.0,-0.0,-0.001
118171473,nan,nan,nan,0.42997104,0.0,nan,nan,nan,0.0,0.0,100.0,0.0,0.0,0.0,-0.0,-0.0,-0.001
118264693,nan,nan,nan,0.42995137,0.0,nan,nan,nan,0.0,0.0,100.0,0.0,0.0,0.0,-0.0,-0.0,-0.001
118363794,nan,nan,nan,0.42996687,0.0,nan,nan,nan,0.0,0.0,100.0,0.0,0.0,0.0,-0.0,-0.0,-0.001
118462921,nan,nan,nan,0.42995143,0.0,nan,nan,nan,0.0,0.0,100.0,0.0,0.0,0.0,-0.0,-0.0,-0.001
118569332,nan,nan,nan,0.42995113,0.0,nan,nan,nan,0.0,0.0,100.0,0.0,0.0,0.0,-0.0,-0.0,-0.001
118664100,nan,nan,nan,0.42999083,0.0,nan,nan,nan,0.0,0.0,100.0,0.0,0.0,0.0,-0.0,-0.0,-0.001
118763065,nan,nan,nan,0.43005684,0.0,nan,nan,nan,0.0,0.0,100.0,0.0,0.0,0.0,-0.0,-0.0,-0.001
118869599,0.0,0.0,-1.0,0.0,0.0,0.00085333886,0.0010170748,2.258052,0.010889034,-0.002346549,9.465587,0.0,0.0,0.0,1.5572909e-05,-3.355908e-06,-0.013911535
118968838,0.0,0.0,-1.0,0.0,0.0,5.3098498e-05,0.00093976496,2.077713,0.011218494,0.0071461834,9.206228,0.0,0.0,0.0,2.7621043e-05,1.7594612e-05,-0.024490414
119066423,0.0,0.0,-1.0,0.0,0.0,-0.0007456622,0.00094302185,1.9003797,-0.0026757806,-0.011576727,8.883247,0.0,0.0,0.0,-1.0957545e-05,-4.7407662e-05,-0.037664365
119165385,0.0,0.0,-1.0,0.0,0.0,-0.0013977824,0.000921288,1.7205455,-3.9766688e-05,-0.01976109,8.51321,0.0,0.0,0.0,-2.1374136e-07,-0.00010621357,-0.052757677
119268981,0.0,0.0,-1.0,0.0,0.0,-0.0018702227,0.0009231723,1.5322907,-0.015678724,-0.010471686,8.089872,0.0,0.0,0.0,-0.00011194224,-7.476526e-05,-0.07002506
119362069,0.0,0.0,-1.0,0.0,0.0,-0.0021270649,0.00090543524,1.3631347,-0.0012160987,-0.014202204,7.6907477,0.0,0.0,0.0,-1.10813835e-05,-0.0001294139,-0.08630481
119468885,0.0,0.0,-1.0,0.0,0.0,-0.0022026475,0.0009667486,1.1683778,0.0051426683,-0.00054403685,7.182765,0.0,0.0,0.0,7.349413e-05,-7.774858e-06,-0.107024744
119566280,0.0,0.0,-1.0,0.0,0.0,-0.0021016137,0.0010586842,0.9906863,-0.0032383413,-0.02090786,6.6951566,0.0,0.0,0.0,-4.1885294e-05,-0.00027042607,-0.12691362
119659475,0.0,0.0,-1.0,0.0,0.0,-0.0018214713,0.0010962612,0.8213414,0.0051959604,-0.007583034,6.180161,0.0,0.0,0.0,7.071197e-05,-0.00010319772,-0.1479196
119767552,0.0,0.0,-1.0,0.0,0.0,-0.0013269727,0.0012855298,0.6241274,0.039645918,-0.0073450697,5.5453157,0.0,0.0,0.0,0.00070316734,-0.00013027353,-0.17381409
119871025,0.0,0.0,-1.0,0.0,0.0,-0.00063943106,0.0016367029,0.43608662,0.004127521,0.019473568,4.908571,0.0,0.0,0.0,8.339915e-05,0.0003934756,-0.19978605
119964158,0.0,0.0,-1.0,0.0,0.0,-0.00017754333,0.00379014,0.2668473,-0.010141619,0.16939905,4.372905,0.0,0.0,0.0,-0.00022923006,0.0038289113,-0.22163513
120063324,0.0,0.0,-1.0,0.0,0.0,-0.00018555428,0.009122329,0.08663541,0.029094318,0.13644439,3.6208646,0.0,0.0,0.0,0.0007484455,0.0035100046,-0.25230983
120167012,0.0,0.0,-1.0,0.0,0.0,0.0015175586,0.017172413,-0.10177939,0.12769368,0.26878712,3.1964695,0.0,0.0,0.0,0.003510587,0.007389563,-0.26962033
120264414,0.0,0.0,-1.0,0.0,0.0,0.005727831,0.02828758,-0.27878943,0.1658735,0.34994194,2.8840532,0.0,0.0,0.0,0.004775935,0.010075751,-0.28236338
120357479,0.0,0.0,-1.0,0.0,0.0,0.012392685,0.040247962,-0.44789279,0.25475743,0.33607775,2.488789,0.0,0.0,0.0,0.00775414,0.010229315,-0.29848567
120471570,0.0,0.0,-1.0,0.0,0.0,0.023902275,0.05510958,-0.65624094,0.22833791,0.4495467,2.0154395,0.0,0.0,0.0,0.007399693,0.014568354,-0.31779295
120569155,0.0,0.0,-1.0,0.0,0.0,0.03566524,0.06521496,-0.8113718,0.2894027,0.118174195,1.5866195,0.0,0.0,0.0,0.0098944,0.004040262,-0.33528394
120657738,0.0,0.0,-1.0,0.0,0.0,0.046673156,0.0713859,-0.76508886,0.25574163,0.12135417,1.9577509,0.0,0.0,0.0,0.0083488,0.003961662,-0.320146
120770343,0.0,0.0,-1.0,0.0,0.0,0.059654724,0.07679106,-0.7013953,0.29422706,0.42172164,2.2317953,0.0,0.0,0.0,0.009270139,0.013287079,-0.3089681
120869428,0.0,0.0,-1.0,0.0,0.0,0.06912643,0.07904545,-0.6459836,0.22730356,0.029185787,2.224359,0.0,0.0,0.0,0.0071691177,0.000920515,-0.30927143
120962670,0.0,0.0,-1.0,0.0,0.0,0.075598106,0.07971253,-0.59761477,0.22111526,-0.003265053,2.272223,0.0,0.0,0.0,0.006929289,-0.00010231991,-0.3073191
121061749,0.0,0.0,-1.0,0.0,0.0,0.079823256,0.079564795,-0.55119413,0.1879703,0.19163613,2.2611194,0.0,0.0,0.0,0.0058998386,0.0060148984,-0.307772
121168319,0.0,0.0,-1.0,0.0,0.0,0.08142986,0.08014766,-0.5111437,0.2180947,0.40468365,2.1922784,0.0,0.0,0.0,0.006907205,0.012816601,-0.31057993
121262997,0.0,0.0,-1.0,0.0,0.0,0.08026125,0.08085629,-0.4809572,0.13228974,0.09982318,2.064639,0.0,0.0,0.0,0.0042588385,0.003213634,-0.31578618
121362006,0.0,0.0,-1.0,0.0,0.0,0.07693767,0.08150738,-0.45675737,0.08953093,0.09221238,2.0438352,0.0,0.0,0.0,0.0028900492,0.0029766061,-0.31663474
121468460,0.0,0.0,-1.0,0.0,0.0,0.071816884,0.08283067,-0.43676436,0.09718732,0.4080217,1.9503334,0.0,0.0,0.0,0.0031757061,0.013332574,-0.32044855
121563120,0.0,0.0,-1.0,0.0,0.0,0.066031076,0.08474609,-0.42243326,0.09496718,0.17474149,1.8389571,0.0,0.0,0.0,0.0031467292,0.0057900446,-0.32499143
121665144,0.0,0.0,-1.0,0.0,0.0,0.059929,0.087620385,-0.41078216,0.08317857,0.10508244,1.8119316,0.0,0.0,0.0,0.0027663603,0.0034948413,-0.32609376
121767358,0.0,0.0,-1.0,0.0,0.0,0.054283805,0.091282174,-0.4017318,0.083715826,0.41191596,1.7565916,0.0,0.0,0.0,0.0028029,0.013791409,-0.32835102
121866439,0.0,0.0,-1.0,0.0,0.0,0.04952345,0.09537273,-0.39289123,0.06858087,0.3167956,1.6983697,0.0,0.0,0.0,0.0023127696,0.010683376,-0.3307258
121965537,0.0,0.0,-1.0,0.0,0.0,0.045736246,0.09975693,-0.3821956,0.083496004,0.105014354,1.7337112,0.0,0.0,0.0,0.0028028656,0.003525212,-0.32928428
122064497,0.0,0.0,-1.0,0.0,0.0,0.043045904,0.10414079,-0.37004292,0.054403733,0.354386,1.7647353,0.0,0.0,0.0,0.0018197562,0.011853894,-0.32801884
122171301,0.0,0.0,-1.0,0.0,0.0,0.041463643,0.10936792,-0.3543129,0.089200646,0.3840307,1.8412304,0.0,0.0,0.0,0.002955284,0.012723223,-0.32489872
122265680,0.0,0.0,-1.0,0.0,0.0,0.041004386,0.1144418,-0.33752728,0.049158365,0.19436342,1.8591201,0.0,0.0,0.0,0.0016252461,0.006425933,-0.324169
122364754,0.0,0.0,-1.0,0.0,0.0,0.04125555,0.11968117,-0.31998664,0.10964278,0.32808942,1.8678555,0.0,0.0,0.0,0.003620345,0.010833332,-0.3238127
122457844,0.0,0.0,-1.0,0.0,0.0,0.041950658,0.12551905,-0.30308175,0.08145072,0.46971548,1.8704797,0.0,0.0,0.0,0.002688615,0.015504885,-0.32370567
122568976,0.0,0.0,-1.0,0.0,0.0,0.043349676,0.13388187,-0.2822851,0.10569776,0.35497054,1.9333422,0.0,0.0,0.0,0.003461231,0.011624041,-0.3211416
122668033,0.0,0.0,-1.0,0.0,0.0,0.044980317,0.1426591,-0.26304,0.12321853,0.4309827,1.9290872,0.0,0.0,0.0,0.004037153,0.014120791,-0.32131514
122767279,0.0,0.0,-1.0,0.0,0.0,0.046750367,0.15332648,-0.2454179,0.1410352,0.7414497,1.9112606,0.0,0.0,0.0,0.004631435,0.024348363,-0.3220423
122869379,0.0,0.0,-1.0,0.0,0.0,0.048116103,0.16566408,-0.22996622,0.12358662,0.6696253,1.8652548,0.0,0.0,0.0,0.0040820893,0.022117853,-0.3239188
122962332,0.0,0.0,-1.0,0.0,0.0,0.04881326,0.17770275,-0.2165274,0.06447531,0.4411233,1.802874,0.0,0.0,0.0,0.0021463714,0.014684915,-0.32646322
123059876,0.0,0.0,-1.0,0.0,0.0,0.048418794,0.18867557,-0.20489699,0.068576016,0.5913205,1.8157144,0.0,0.0,0.0,0.0022792448,0.019653581,-0.32593948
123166597,0.0,0.0,-1.0,0.0,0.0,0.04670756,0.19907409,-0.1937272,0.050072122,0.68866813,1.7939042,0.0,0.0,0.0,0.0016687664,0.022951419,-0.32682908
123265554,0.0,0.0,-1.0,0.0,0.0,0.04381105,0.20776388,-0.1833564,0.041851927,0.5233566,1.843704,0.0,0.0,0.0,0.0013861207,0.01733338,-0.3247978
123360145,0.0,0.0,-1.0,0.0,0.0,0.039928585,0.21455675,-0.17352957,0.0045047402,0.43553656,1.8043936,0.0,0.0,0.0,0.0001499365,0.014496469,-0.32640123
123462284,0.0,0.0,-1.0,0.0,0.0,0.03537485,0.21999742,-0.16383052,0.040911783,0.70864266,1.8206875,0.0,0.0,0.0,0.0013589214,0.023538198,-0.3257366
123570316,0.0,0.0,-1.0,0.0,0.0,0.030019619,0.22347552,-0.1540643,0.011077898,0.43230933,1.8248582,0.0,0.0,0.0,0.00036776066,0.014351674,-0.3255665
123663534,0.0,0.0,-1.0,0.0,0.0,0.02554141,0.22449304,-0.1463278,0.012688226,0.44881025,1.8122865,0.0,0.0,0.0,0.00042188753,0.014923083,-0.32607928
123771490,0.0,0.0,-1.0,0.0,0.0,0.02029004,0.22383864,-0.13760704,0.015848963,0.6386833,1.8249233,0.0,0.0,0.0,0.00052615,0.021202855,-0.32556385
123860157,-0.022358518,-0.23584166,-0.8607594,0.0,0.0,-0.0052273124,-0.0022311858,0.008875966,-0.06433108,0.1821849,2.3132064,0.0,0.0,0.0,-0.0020052758,0.0056789187,-0.30564743
123962168,-0.022358518,-0.23584166,-0.8607594,0.0,0.0,-0.009500733,-0.0046399883,0.011332929,-0.049574796,0.056768827,2.0316076,0.0,0.0,0.0,-0.0016024421,0.00183498,-0.3171335
124068754,-0.022358518,-0.23584166,-0.8607594,0.0,0.0,-0.013201001,-0.0056997566,0.007848322,-0.04649633,0.21774183,1.8503253,0.0,0.0,0.0,-0.0015386064,0.007205277,-0.32452774
124168029,-0.022358518,-0.23584166,-0.8607594,0.0,0.0,-0.015822083,-0.0057808287,0.0019517541,-0.011538142,0.21295129,1.8001544,0.0,0.0,0.0,-0.00038424594,0.0070917537,-0.32657415
124262430,-0.022358518,-0.23584166,-0.8607594,0.0,0.0,-0.017384663,-0.0054444657,-0.0049365163,-0.034455683,0.09980677,1.782568,0.0,0.0,0.0,-0.0011497218,0.0033303655,-0.32729146
124370740,-0.022358518,-0.23584166,-0.8607594,0.0,0.0,-0.018119138,-0.0042371056,-0.012088597,0.0033241436,0.2639338,1.7708511,0.0,0.0,0.0,0.00011110386,0.00882154,-0.3277694
124466608,-0.022358518,-0.23584166,-0.8607594,0.0,0.0,-0.018288957,-0.0022572756,-0.017179072,-0.009415783,0.28269076,1.7439623,0.0,0.0,0.0,-0.00031575825,0.009480034,-0.32886615
124565729,-0.022358518,-0.23584166,-0.8607594,0.0,0.0,-0.0182749,0.00094051735,-0.022010803,-0.043423496,0.14851859,1.7382656,0.0,0.0,0.0,-0.0014571991,0.004983964,-0.3290985
124660436,-0.022358518,-0.23584166,-0.8607594,0.0,0.0,-0.018222049,0.005039035,-0.025808752,-0.026395692,0.12612173,1.6992967,0.0,0.0,0.0,-0.00089036906,0.004254288,-0.330688
124771497,-0.022358518,-0.23584166,-0.8607594,0.0,0.0,-0.018269219,0.010771987,-0.029048562,-0.031125793,0.32346237,1.7040482,0.0,0.0,0.0,-0.0010490136,0.010901455,-0.3304942
124866007,-0.022358518,-0.23584166,-0.8607594,0.0,0.0,-0.018796321,0.01658948,-0.030326188,-0.0536161,0.18330105,1.7427799,0.0,0.0,0.0,-0.0017983958,0.0061482987,-0.32891437
124965049,-0.022358518,-0.23584166,-0.8607594,0.0,0.0,-0.019853588,0.022968277,-0.030159175,-0.03752118,0.25721538,1.7895255,0.0,0.0,0.0,-0.001251207,0.008577281,-0.32700768
125058291,-0.022358518,-0.23584166,-0.8607594,0.0,0.0,-0.021259895,0.029382804,-0.029026687,-0.07619304,0.3569731,1.7861894,0.0,0.0,0.0,-0.002541689,0.011908105,-0.32714376
125169339,-0.022358518,-0.23584166,-0.8607594,0.0,0.0,-0.023587555,0.037757467,-0.025739253,-0.10062061,0.31663647,1.8660339,0.0,0.0,0.0,-0.003323215,0.01045761,-0.32388702
125268472,-0.022358518,-0.23584166,-0.8607594,0.0,0.0,-0.026438676,0.045879733,-0.02199322,-0.12323724,0.29127017,1.8753507,0.0,0.0,0.0,-0.004065393,0.009608523,-0.32350698
125362896,-0.022358518,-0.23584166,-0.8607594,0.0,0.0,-0.029840473,0.053800806,-0.018562436,-0.08624718,0.47058868,1.8720381,0.0,0.0,0.0,-0.002846363,0.01553055,-0.3236421
125469471,-0.022358518,-0.23584166,-0.8607594,0.0,0.0,-0.033863492,0.06171373,-0.015648484,-0.11840392,0.43209863,1.8860724,0.0,0.0,0.0,-0.0039007466,0.014235233,-0.32306966
125567060,-0.022358518,-0.23584166,-0.8607594,0.0,0.0,-0.038119454,0.068206795,-0.01332885,-0.15240167,0.27452523,1.88106,0.0,0.0,0.0,-0.0050235703,0.009049091,-0.3232741
125672146,-0.022358518,-0.23584166,-0.8607594,0.0,0.0,-0.04288892,0.074323535,-0.012444794,-0.10732897,0.4808575,1.8194127,0.0,0.0,0.0,-0.0035657093,0.015975164,-0.32578862
125760730,-0.022358518,-0.23584166,-0.8607594,0.0,0.0,-0.046535462,0.07794681,-0.01310271,-0.11601753,0.47296077,1.7903609,0.0,0.0,0.0,-0.0038682816,0.015769562,-0.32697362
125871988,-0.022358518,-0.23584166,-0.8607594,0.0,0.0,-0.050552633,0.080440156,-0.015263855,-0.11898948,0.21626881,1.7599952,0.0,0.0,0.0,-0.003982286,0.0072379857,-0.32821217
125957392,-0.022358518,-0.23584166,-0.8607594,0.0,0.0,-0.053498335,0.080926366,-0.01801759,-0.1473178,0.1799593,1.706207,0.0,0.0,0.0,-0.004963486,0.006063256,-0.33040613
126065493,-0.022358518,-0.23584166,-0.8607594,0.0,0.0,-0.056780495,0.07982771,-0.021391809,-0.142292,0.38482484,1.732443,0.0,0.0,0.0,-0.004778709,0.012923887,-0.329336
126170583,-0.022358518,-0.23584166,-0.8607594,0.0,0.0,-0.060006008,0.07729204,-0.0245834,-0.15994924,0.14320982,1.7150401,0.0,0.0,0.0,-0.005383764,0.0048203277,-0.33004585
126269847,-0.022358518,-0.23584166,-0.8607594,0.0,0.0,-0.06287729,0.074003324,-0.027728736,-0.14034098,0.31205198,1.7159302,0.0,0.0,0.0,-0.004722822,0.010501322,-0.33000952
126362760,-0.022358518,-0.23584166,-0.8607594,0.0,0.0,-0.06508474,0.07168778,-0.030033708,-0.14988585,0.40812612,1.7019733,0.0,0.0,0.0,-0.0050525395,0.013757626,-0.3305788
126460472,-0.022358518,-0.23584166,-0.8607594,0.0,0.0,-0.06690264,0.070141196,-0.031235933,-0.16515595,0.3443943,1.7646111,0.0,0.0,0.0,-0.005524217,0.011519469,-0.3280239
126568428,-0.022358518,-0.23584166,-0.8607594,0.0,0.0,-0.06839708,0.06939857,-0.031238198,-0.17379895,0.3010825,1.7917197,0.0,0.0,0.0,-0.0057935556,0.010036528,-0.32691818
126667692,-0.022358518,-0.23584166,-0.8607594,0.0,0.0,-0.06933529,0.071209446,-0.030280232,-0.15181775,0.45893002,1.8133245,0.0,0.0,0.0,-0.005047443,0.015257918,-0.32603696
126765142,-0.022358518,-0.23584166,-0.8607594,0.0,0.0,-0.06990922,0.07549911,-0.02806276,-0.15275615,0.45507196,1.8730723,0.0,0.0,0.0,-0.0050406344,0.0150164245,-0.32359993
126873173,-0.022358518,-0.23584166,-0.8607594,0.0,0.0,-0.07035764,0.08309335,-0.02480203,-0.17699955,0.5041818,1.8695916,0.0,0.0,0.0,-0.0058431597,0.016644193,-0.32374188
126966399,-0.022358518,-0.23584166,-0.8607594,0.0,0.0,-0.070678264,0.091522634,-0.02205354,-0.1489709,0.5593227,1.914872,0.0,0.0,0.0,-0.0048898663,0.018359378,-0.32189497
127065544,-0.022358518,-0.23584166,-0.8607594,0.0,0.0,-0.07092298,0.10240887,-0.019325256,-0.13806735,0.56412715,1.8813907,0.0,0.0,0.0,-0.004551131,0.018595392,-0.32326064
127163133,-0.022358518,-0.23584166,-0.8607594,0.0,0.0,-0.07124257,0.11299175,-0.01751399,-0.18095052,0.40750226,1.8430873,0.0,0.0,0.0,-0.005993592,0.0134976255,-0.32482296
127271033,-0.022358518,-0.23584166,-0.8607594,0.0,0.0,-0.07173285,0.12364991,-0.016268909,-0.15460378,0.6350927,1.8470153,0.0,0.0,0.0,-0.0051183454,0.021025512,-0.32466274
127370249,-0.022358518,-0.23584166,-0.8607594,0.0,0.0,-0.07202572,0.13217828,-0.016041815,-0.20316371,0.5079791,1.8125178,0.0,0.0,0.0,-0.006755206,0.016890336,-0.32606986
127467831,-0.022358518,-0.23584166,-0.8607594,0.0,0.0,-0.0722444,0.13850914,-0.016552448,-0.1958126,0.35060713,1.7963476,0.0,0.0,0.0,-0.0065238727,0.011681149,-0.32672942
127569769,-0.022358518,-0.23584166,-0.8607594,0.0,0.0,-0.072298124,0.14262712,-0.017329812,-0.143973,0.45587966,1.7994986,0.0,0.0,0.0,-0.004794814,0.015182418,-0.3266009
127667363,-0.022358518,-0.23584166,-0.8607594,0.0,0.0,-0.0717229,0.14432472,-0.019056022,-0.12307291,0.51854193,1.7510568,0.0,0.0,0.0,-0.0041235834,0.017373858,-0.32857677
127766586,-0.022358518,-0.23584166,-0.8607594,0.0,0.0,-0.07062532,0.14243981,-0.021475434,-0.14703071,0.2299429,1.7030902,0.0,0.0,0.0,-0.0049560973,0.0077508935,-0.33053327
127861084,-0.022358518,-0.23584166,-0.8607594,0.0,0.0,-0.06893178,0.13649014,-0.024058104,-0.12014006,0.20467716,1.6981708,0.0,0.0,0.0,-0.0040517817,0.0069028367,-0.33073393
127972114,-0.022358518,-0.23584166,-0.8607594,0.0,0.0,-0.06601422,0.12579711,-0.02647841,-0.08199633,0.33130142,1.6949468,0.0,0.0,0.0,-0.0027665633,0.011178139,-0.3308654
128066876,-0.022358518,-0.23584166,-0.8607594,0.0,0.0,-0.06225384,0.113967896,-0.027855039,-0.05228963,0.09295563,1.695596,0.0,0.0,0.0,-0.0017639551,0.0031357948,-0.33083895
128164296,-0.022358518,-0.23584166,-0.8607594,0.0,0.0,-0.05737727,0.10081909,-0.028299272,-0.043321773,0.086872675,1.726663,0.0,0.0,0.0,-0.0014568602,0.002921426,-0.32957175
128263523,-0.022358518,-0.23584166,-0.8607594,0.0,0.0,-0.05138153,0.08711697,-0.027872682,0.0042913724,0.27872956,1.7635118,0.0,0.0,0.0,0.00014355016,0.009323748,-0.32806873
128369953,-0.022358518,-0.23584166,-0.8607594,0.0,0.0,-0.04417845,0.07375862,-0.026481211,0.023510749,0.1590555,1.7817512,0.0,0.0,0.0,0.00078465557,0.005308371,-0.32732478
128469104,-0.022358518,-0.23584166,-0.8607594,0.0,0.0,-0.036548395,0.061771967,-0.024976552,0.03486338,0.047466964,1.7690492,0.0,0.0,0.0,0.0011663862,0.0015880507,-0.3278429
128568257,-0.022358518,-0.23584166,-0.8607594,0.0,0.0,-0.029421734,0.052456968,-0.0238446,-0.0052876044,0.27401856,1.7300963,0.0,0.0,0.0,-0.00017763692,0.009205646,-0.3294317
128665716,-0.022358518,-0.23584166,-0.8607594,0.0,0.0,-0.023067458,0.045708895,-0.022720039,0.021910828,0.2197366,1.7267036,0.0,0.0,0.0,0.00073644624,0.0073855813,-0.3295701
128767964,-0.022358518,-0.23584166,-0.8607594,0.0,0.0,-0.01766562,0.040867537,-0.021559238,0.008306607,0.09843944,1.7397785,0.0,0.0,0.0,0.00027883655,0.0033044198,-0.3290368
128871391,-0.022358518,-0.23584166,-0.8607594,0.0,0.0,-0.01299031,0.037559226,-0.020567954,0.011808984,0.30345884,1.7266828,0.0,0.0,0.0,0.00039684254,0.010197776,-0.32957095
128964501,-0.022358518,-0.23584166,-0.8607594,0.0,0.0,-0.010114134,0.036594205,-0.01981771,-0.01052852,0.31359762,1.7409122,0.0,0.0,0.0,-0.0003532027,0.010520332,-0.32899055
129059075,-0.022358518,-0.23584166,-0.8607594,0.0,0.0,-0.007837834,0.036548622,-0.019216001,0.0016668527,0.17104769,1.7302184,0.0,0.0,0.0,5.598582e-05,0.0057451054,-0.32942674
129170263,-0.022358518,-0.23584166,-0.8607594,0.0,0.0,-0.006436324,0.03734646,-0.018954337,-0.015881509,0.17202218,1.7240901,0.0,0.0,0.0,-0.00053404603,0.005784574,-0.32967672
129264775,-0.022358518,-0.23584166,-0.8607594,0.0,0.0,-0.0059067598,0.03886779,-0.018944085,-0.030915733,0.36713815,1.7014724,0.0,0.0,0.0,-0.0010422167,0.012376788,-0.33059925
129363974,-0.022358518,-0.23584166,-0.8607594,0.0,0.0,-0.0056922557,0.040546674,-0.018903196,-0.055052824,0.21809046,1.7247704,0.0,0.0,0.0,-0.0018505033,0.007330725,-0.32964894
129461391,-0.022358518,-0.23584166,-0.8607594,0.0,0.0,-0.0059120343,0.04160269,-0.018576264,-0.037958834,0.13670954,1.7578709,0.0,0.0,0.0,-0.0012708895,0.0045771343,-0.32829884
129569483,-0.022358518,-0.23584166,-0.8607594,0.0,0.0,-0.006257787,0.042633906,-0.017766595,-0.008376494,0.31303415,1.768257,0.0,0.0,0.0,-0.0002800603,0.010466007,-0.3278752
129667055,-0.022358518,-0.23584166,-0.8607594,0.0,0.0,-0.0065282946,0.04310989,-0.017160237,-0.043991327,0.19701421,1.7237674,0.0,0.0,0.0,-0.0014788745,0.0066231075,-0.32968986
129766286,-0.022358518,-0.23584166,-0.8607594,0.0,0.0,-0.0067072343,0.04267473,-0.016619265,-0.046032857,0.14606419,1.7484626,0.0,0.0,0.0,-0.0015430708,0.0048962287,-0.32868257
129863729,-0.022358518,-0.23584166,-0.8607594,0.0,0.0,-0.006713232,0.04154369,-0.016268373,-0.044864673,0.26076615,1.6986603,0.0,0.0,0.0,-0.0015130464,0.008794253,-0.33071396
129965810,-0.022358518,-0.23584166,-0.8607594,0.0,0.0,-0.006540111,0.039787058,-0.015777111,0.0019854512,0.27226597,1.7594826,0.0,0.0,0.0,6.6461165e-05,0.009113855,-0.3282331
130070904,-0.022358518,-0.23584166,-0.8607594,0.0,0.0,-0.006296808,0.03689477,-0.014557958,-0.054325163,0.16464595,1.7524133,0.0,0.0,0.0,-0.0018197563,0.0055152257,-0.32852143
130168484,-0.022358518,-0.23584166,-0.8607594,0.0,0.0,-0.0061525344,0.033899423,-0.013456941,-0.05114699,0.25403786,1.7752697,0.0,0.0,0.0,-0.0017086565,0.008486588,-0.32758915
130269207,-0.022358518,-0.23584166,-0.8607594,0.0,0.0,-0.006050375,0.030840317,-0.012718558,-0.046026498,0.20197262,1.7355013,0.0,0.0,0.0,-0.0015449624,0.0067795757,-0.32921126
130368339,-0.022358518,-0.23584166,-0.8607594,0.0,0.0,-0.0059987316,0.027645906,-0.012701392,-0.04867999,0.07696762,1.7186881,0.0,0.0,0.0,-0.0016360286,0.0025867145,-0.32989705
130465776,-0.022358518,-0.23584166,-0.8607594,0.0,0.0,-0.0060296524,0.02475288,-0.013389945,-0.042937145,0.1837882,1.6898363,0.0,0.0,0.0,-0.0014494953,0.0062044207,-0.33107388
130567806,-0.022358518,-0.23584166,-0.8607594,0.0,0.0,-0.0060817483,0.022412254,-0.014095485,-0.046642855,0.28174257,1.6846468,0.0,0.0,0.0,-0.0015756552,0.009517623,-0.33128554
130665538,-0.022358518,-0.23584166,-0.8607594,0.0,0.0,-0.0060074944,0.020639824,-0.014877617,-0.02055679,0.1683645,1.7113358,0.0,0.0,0.0,-0.00069217937,0.0056690965,-0.33019695
130764480,-0.022358518,-0.23584166,-0.8607594,0.0,0.0,-0.0059814756,0.019653823,-0.015190065,-0.052869238,0.08193203,1.7017566,0.0,0.0,0.0,-0.0017819402,0.0027614925,-0.33058766
130859078,-0.022358518,-0.23584166,-0.8607594,0.0,0.0,-0.005889631,0.01968545,-0.015215874,-0.05429434,0.2745412,1.6649615,0.0,0.0,0.0,-0.0018386723,0.00929731,-0.33208847
130970145,-0.022358518,-0.23584166,-0.8607594,0.0,0.0,-0.005785486,0.02118928,-0.014617324,-0.053048477,0.22627771,1.7247456,0.0,0.0,0.0,-0.0017831038,0.00760581,-0.32964996
131064909,-0.022358518,-0.23584166,-0.8607594,0.0,0.0,-0.0055119265,0.02363384,-0.013727963,-0.040316146,0.19158925,1.7260964,0.0,0.0,0.0,-0.001355089,0.0064396155,-0.32959488
131162464,-0.022358518,-0.23584166,-0.8607594,0.0,0.0,-0.0051757386,0.027064629,-0.012896478,-0.016165301,0.3546254,1.7388138,0.0,0.0,0.0,-0.00054243655,0.0118996715,-0.32907614
131261451,-0.022358518,-0.23584166,-0.8607594,0.0,0.0,-0.0050773625,0.031210158,-0.011292696,-0.037384503,0.3376841,1.7580048,0.0,0.0,0.0,-0.0012514851,0.011304325,-0.32829338
131361999,-0.022358518,-0.23584166,-0.8607594,0.0,0.0,-0.005400741,0.035851605,-0.009547293,-0.05752924,0.19505355,1.7506576,0.0,0.0,0.0,-0.0019278735,0.0065364772,-0.32859305
131459582,-0.022358518,-0.23584166,-0.8607594,0.0,0.0,-0.0059917495,0.040816575,-0.008363247,-0.049732186,0.26522,1.7519937,0.0,0.0,0.0,-0.0016660047,0.008884744,-0.32853857
131558663,-0.022358518,-0.23584166,-0.8607594,0.0,0.0,-0.006825165,0.045828458,-0.008134782,-0.07173853,0.43083224,1.694769,0.0,0.0,0.0,-0.0024204415,0.01453618,-0.33087268
131666961,-0.022358518,-0.23584166,-0.8607594,0.0,0.0,-0.008108286,0.050234064,-0.00813216,-0.08138113,0.19559461,1.7018889,0.0,0.0,0.0,-0.0027432293,0.0065931855,-0.33058226
131764370,-0.022358518,-0.23584166,-0.8607594,0.0,0.0,-0.009617229,0.05348119,-0.007994473,-0.055860996,0.3411383,1.7245246,0.0,0.0,0.0,-0.001877951,0.011468484,-0.329659
131862081,-0.022358518,-0.23584166,-0.8607594,0.0,0.0,-0.011222804,0.056681007,-0.007766962,-0.09156664,0.3972085,1.7045376,0.0,0.0,0.0,-0.0030858398,0.013386119,-0.33047423
131968613,-0.022358518,-0.23584166,-0.8607594,0.0,0.0,-0.012909331,0.060166355,-0.007474661,-0.09465428,0.3037488,1.7122979,0.0,0.0,0.0,-0.003186636,0.010226024,-0.3301577
132067563,-0.022358518,-0.23584166,-0.8607594,0.0,0.0,-0.014722071,0.06333551,-0.007092774,-0.08371988,0.2778311,1.7537864,0.0,0.0,0.0,-0.0028040155,0.00930535,-0.32846543
132162215,-0.022358518,-0.23584166,-0.8607594,0.0,0.0,-0.016444476,0.06633618,-0.0062440634,-0.091624826,0.46739393,1.7485071,0.0,0.0,0.0,-0.0030709398,0.01566539,-0.32868075
132259849,-0.022358518,-0.23584166,-0.8607594,0.0,0.0,-0.018125266,0.069398485,-0.0053139925,-0.0734886,0.42015246,1.7435898,0.0,0.0,0.0,-0.002464514,0.014090234,-0.32888135
132367908,-0.022358518,-0.23584166,-0.8607594,0.0,0.0,-0.01983327,0.07315393,-0.004477203,-0.12136032,0.35512963,1.7090666,0.0,0.0,0.0,-0.004087439,0.011960834,-0.33028948
132465555,-0.022358518,-0.23584166,-0.8607594,0.0,0.0,-0.021303507,0.07684326,-0.0039536357,-0.081734136,0.47651577,1.7563347,0.0,0.0,0.0,-0.0027366877,0.015955083,-0.32836148
132564639,-0.022358518,-0.23584166,-0.8607594,0.0,0.0,-0.023015613,0.08038515,-0.0032328367,-0.11824573,0.39114884,1.741581,0.0,0.0,0.0,-0.00396653,0.013121011,-0.32896328
132671078,-0.022358518,-0.23584166,-0.8607594,0.0,0.0,-0.024999525,0.083546996,-0.0026843548,-0.10358644,0.30596775,1.7552392,0.0,0.0,0.0,-0.0034690343,0.010246635,-0.32840618
132768648,-0.022358518,-0.23584166,-0.8607594,0.0,0.0,-0.026740901,0.08608372,-0.002426684,-0.090546034,0.47513112,1.74817,0.0,0.0,0.0,-0.0030349279,0.015925476,-0.32869452
132867931,-0.022358518,-0.23584166,-0.8607594,0.0,0.0,-0.028269926,0.088403106,-0.0028438568,-0.09754797,0.3835044,1.6806267,0.0,0.0,0.0,-0.0032968184,0.012961257,-0.3314495
132962508,-0.022358518,-0.23584166,-0.8607594,0.0,0.0,-0.029539742,0.089217596,-0.003779769,-0.09562738,0.23720706,1.7079712,0.0,0.0,0.0,-0.0032215384,0.007991139,-0.33033416
133059913,-0.022358518,-0.23584166,-0.8607594,0.0,0.0,-0.030615589,0.088592686,-0.005019307,-0.10432991,0.34184012,1.6874429,0.0,0.0,0.0,-0.0035232026,0.011543881,-0.33117148
133168080,-0.022358518,-0.23584166,-0.8607594,0.0,0.0,-0.031401288,0.08696986,-0.0061139464,-0.09596573,0.32413095,1.6820455,0.0,0.0,0.0,-0.003243166,0.0109540215,-0.33139166
133265626,-0.022358518,-0.23584166,-0.8607594,0.0,0.0,-0.03158325,0.084992,-0.007170737,-0.09130056,0.21798503,1.6547529,0.0,0.0,0.0,-0.003095717,0.0073911916,-0.33250487
133364802,-0.022358518,-0.23584166,-0.8607594,0.0,0.0,-0.031026961,0.08331294,-0.008276224,-0.06726532,0.30650204,1.6723216,0.0,0.0,0.0,-0.0022757282,0.010369613,-0.33178827
133457919,-0.022358518,-0.23584166,-0.8607594,0.0,0.0,-0.029635726,0.081887476,-0.009184122,-0.042560093,0.3799809,1.6555703,0.0,0.0,0.0,-0.0014429162,0.012882505,-0.33247155
133568817,-0.022358518,-0.23584166,-0.8607594,0.0,0.0,-0.027053459,0.079957575,-0.010462165,-0.03088383,0.22488551,1.641415,0.0,0.0,0.0,-0.0010487757,0.007636827,-0.3330489
133663627,-0.022358518,-0.23584166,-0.8607594,0.0,0.0,-0.02422207,0.07725727,-0.011079967,-0.06315844,0.19492394,1.6618307,0.0,0.0,0.0,-0.0021393173,0.0066025094,-0.33221617
133761047,-0.022358518,-0.23584166,-0.8607594,0.0,0.0,-0.021203253,0.07348113,-0.010783792,0.002009116,0.2550726,1.7122631,0.0,0.0,0.0,6.763701e-05,0.008587033,-0.3301591
133860210,-0.022358518,-0.23584166,-0.8607594,0.0,0.0,-0.018058987,0.06870311,-0.0102446675,-0.009980033,0.20286402,1.6810663,0.0,0.0,0.0,-0.00033728036,0.0068558943,-0.3314316
133968201,-0.022358518,-0.23584166,-0.8607594,0.0,0.0,-0.014663947,0.062645055,-0.009073138,-0.00089493673,0.11298421,1.7324315,0.0,0.0,0.0,-3.0048654e-05,0.0037935902,-0.32933646
134070384,-0.022358518,-0.23584166,-0.8607594,0.0,0.0,-0.011551179,0.056334693,-0.007843494,-0.029440414,0.18731445,1.679257,0.0,0.0,0.0,-0.0009953326,0.0063327975,-0.3315054
134163473,-0.022358518,-0.23584166,-0.8607594,0.0,0.0,-0.009022042,0.05039686,-0.0068324804,0.026416816,0.18887495,1.7405392,0.0,0.0,0.0,0.0008861711,0.0063359453,-0.32900578
134271454,-0.022358518,-0.23584166,-0.8607594,0.0,0.0,-0.0064343964,0.042739343,-0.00509429,-0.007514266,0.05228334,1.7449982,0.0,0.0,0.0,-0.00025177337,0.0017518082,-0.3288239
134369023,-0.022358518,-0.23584166,-0.8607594,0.0,0.0,-0.0043301573,0.035608854,-0.0036480427,0.004530777,0.116087586,1.7609141,0.0,0.0,0.0,0.00015167434,0.0038862003,-0.3281747
134463640,-0.022358518,-0.23584166,-0.8607594,0.0,0.0,-0.0024811048,0.028541902,-0.0023348927,-0.035624012,0.14098121,1.7034552,0.0,0.0,0.0,-0.0012006273,0.0047514555,-0.33051836
134565811,-0.022358518,-0.23584166,-0.8607594,0.0,0.0,-0.0008610166,0.021546636,-0.0007985234,-0.040832095,-0.01673086,1.7510853,0.0,0.0,0.0,-0.0013646944,-0.00055918057,-0.3285756
134667729,-0.022358518,-0.23584166,-0.8607594,0.0,0.0,0.00062960683,0.015296264,0.0004861951,0.005834276,0.07314138,1.770642,0.0,0.0,0.0,0.00019509194,0.0024457695,-0.32777792
134767031,-0.022358518,-0.23584166,-0.8607594,0.0,0.0,0.0021636134,0.010088106,0.0014488697,-0.016207224,0.15263759,1.729885,0.0,0.0,0.0,-0.00054422533,0.0051254453,-0.32944033
134870416,-0.022358518,-0.23584166,-0.8607594,0.0,0.0,0.0036007375,0.004986629,0.0021852255,-0.013456175,0.022378627,1.7536442,0.0,0.0,0.0,-0.0004489003,0.0007465548,-0.32847124
134963501,-0.022358518,-0.23584166,-0.8607594,0.0,0.0,0.004671367,0.001112061,0.0024522543,-0.0054300446,0.026608441,1.7062945,0.0,0.0,0.0,-0.00018389945,0.00090114865,-0.33040255
135062561,-0.022358518,-0.23584166,-0.8607594,0.0,0.0,0.0057983166,-0.0024160787,0.0021272898,-0.009223802,0.17348132,1.6883805,0.0,0.0,0.0,-0.00031139643,0.0058567454,-0.33113325
135170667,-0.022358518,-0.23584166,-0.8607594,0.0,0.0,0.0071762223,-0.005760203,0.0013383031,-0.01095747,-0.005125344,1.669686,0.0,0.0,0.0,-0.00038837994,-0.00018166425,-0.33189577
135268253,-0.022358518,-0.23584166,-0.8607594,0.0,0.0,0.008615411,-0.009108178,6.723404e-05,0.007184931,0.03622897,1.6737626,0.0,0.0,0.0,0.00024305504,0.0012255698,-0.3317295
135361325,-0.022358518,-0.23584166,-0.8607594,0.0,0.0,0.010076303,-0.011958524,-0.0011594296,0.037349965,0.11246936,1.6788388,0.0,0.0,0.0,0.0012626959,0.0038022685,-0.33152243
135472448,-0.022358518,-0.23584166,-0.8607594,0.0,0.0,0.0118257115,-0.0148512665,-0.0023931265,0.032145444,0.022443533,1.6609544,0.0,0.0,0.0,0.0010888152,0.00076019653,-0.33225194
135557987,-0.022358518,-0.23584166,-0.8607594,0.0,0.0,0.013404096,-0.017302226,-0.0032304525,0.012919333,-0.007125791,1.673898,0.0,0.0,0.0,0.00044850993,-0.0002473803,-0.33172396
135666074,-0.022358518,-0.23584166,-0.8607594,0.0,0.0,0.015519413,-0.019789537,-0.0039928555,0.058219902,0.10587533,1.6667435,0.0,0.0,0.0,0.0019716555,0.0035855381,-0.33201578
135763792,-0.022358518,-0.23584166,-0.8607594,0.0,0.0,0.017790534,-0.021027546,-0.004062116,0.046042204,0.17464231,1.7100064,0.0,0.0,0.0,0.0015506403,0.0058817207,-0.33025116
135862785,-0.022358518,-0.23584166,-0.8607594,0.0,0.0,0.020357585,-0.020337464,-0.003189683,0.06554636,0.12507603,1.7428025,0.0,0.0,0.0,0.0021990114,0.0041961684,-0.32891345
135970863,-0.022358518,-0.23584166,-0.8607594,0.0,0.0,0.02346562,-0.016297257,-0.0016123652,0.09575978,0.3073493,1.7680995,0.0,0.0,0.0,0.0032016395,0.010275939,-0.3278816
136066907,-0.022358518,-0.23584166,-0.8607594,0.0,0.0,0.025883738,-0.010015754,0.0002387762,0.033658214,0.34574717,1.7792336,0.0,0.0,0.0,0.0011238403,0.011544421,-0.32742748
136161671,-0.022358518,-0.23584166,-0.8607594,0.0,0.0,0.027958473,-0.0015075967,0.0022844076,0.045702573,0.26616865,1.7653223,0.0,0.0,0.0,0.0015286716,0.008902879,-0.32799488
136259063,-0.022358518,-0.23584166,-0.8607594,0.0,0.0,0.029517096,0.0078026173,0.004220605,0.02445983,0.22415316,1.7795771,0.0,0.0,0.0,0.00081672095,0.0074845403,-0.32741347
136371788,-0.022358518,-0.23584166,-0.8607594,0.0,0.0,0.030709248,0.018994885,0.005829811,0.022352574,0.41169193,1.7530767,0.0,0.0,0.0,0.00074874645,0.013790487,-0.32849437
136469386,-0.022358518,-0.23584166,-0.8607594,0.0,0.0,0.031351853,0.02953634,0.006176114,0.058097567,0.3712032,1.7652858,0.0,0.0,0.0,0.0019430725,0.012414887,-0.32799637
136569956,-0.022358518,-0.23584166,-0.8607594,0.0,0.0,0.031706516,0.04009286,0.006007254,0.03705433,0.38214105,1.7470542,0.0,0.0,0.0,0.0012421483,0.012810267,-0.32874003
136668911,-0.022358518,-0.23584166,-0.8607594,0.0,0.0,0.031433735,0.050731312,0.005617857,0.034479547,0.4958516,1.747336,0.0,0.0,0.0,0.0011558005,0.016621608,-0.32872853
136767996,-0.022358518,-0.23584166,-0.8607594,0.0,0.0,0.030362867,0.060520425,0.0053020716,-0.025457706,0.428049,1.745206,0.0,0.0,0.0,-0.00085362664,0.014352984,-0.3288154
136865573,-0.022358518,-0.23584166,-0.8607594,0.0,0.0,0.028366955,0.070118204,0.004309535,0.0019205952,0.45242345,1.7393953,0.0,0.0,0.0,6.4441854e-05,0.015180193,-0.32905242
136967647,-0.022358518,-0.23584166,-0.8607594,0.0,0.0,0.025449673,0.079613894,0.0036560297,-0.06516029,0.6028111,1.7426374,0.0,0.0,0.0,-0.0021855382,0.020218858,-0.3289202
137066735,-0.022358518,-0.23584166,-0.8607594,0.0,0.0,0.021479625,0.0896294,0.002780974,-0.09682898,0.5997939,1.6963376,0.0,0.0,0.0,-0.0032663208,0.020232778,-0.3308087
137164311,-0.022358518,-0.23584166,-0.8607594,0.0,0.0,0.016483555,0.099625275,0.0010932088,-0.07827564,0.56344855,1.6977395,0.0,0.0,0.0,-0.0026399961,0.019003382,-0.3307515
137263388,-0.022358518,-0.23584166,-0.8607594,0.0,0.0,0.010564215,0.10967104,-1.6629696e-05,-0.0988457,0.59450144,1.7282776,0.0,0.0,0.0,-0.00332127,0.019975578,-0.3295059
137371562,-0.022358518,-0.23584166,-0.8607594,0.0,0.0,0.0042081405,0.11803939,-0.00028336048,-0.12473955,0.47051466,1.7438484,0.0,0.0,0.0,-0.0041832332,0.015779058,-0.32887077
137469115,-0.022358518,-0.23584166,-0.8607594,0.0,0.0,-0.0008105873,0.12235743,-1.7464161e-05,-0.087252304,0.34397388,1.7601347,0.0,0.0,0.0,-0.0029200388,0.011511639,-0.32820648
137568275,-0.022358518,-0.23584166,-0.8607594,0.0,0.0,-0.004681956,0.12375251,0.00082975626,-0.055152588,0.46915016,1.7675984,0.0,0.0,0.0,-0.0018441569,0.015687143,-0.32790205
137661213,-0.022358518,-0.23584166,-0.8607594,0.0,0.0,-0.0072188834,0.12351203,0.0021408796,-0.04188182,0.51863265,1.812082,0.0,0.0,0.0,-0.0013926579,0.017245617,-0.32608762
137758802,-0.022358518,-0.23584166,-0.8607594,0.0,0.0,-0.008819237,0.12215635,0.004342437,-0.06812602,0.44072312,1.8664951,0.0,0.0,0.0,-0.0022499142,0.01455522,-0.3238682
137866970,-0.022358518,-0.23584166,-0.8607594,0.0,0.0,-0.009692071,0.119747184,0.0073717833,-0.07814003,0.45323345,1.8927928,0.0,0.0,0.0,-0.0025719625,0.014918083,-0.32279554
137968975,-0.022358518,-0.23584166,-0.8607594,0.0,0.0,-0.009908213,0.11848097,0.010239065,-0.03521061,0.5217922,1.8782762,0.0,0.0,0.0,-0.0011611109,0.017206706,-0.32338765
138071047,-0.022358518,-0.23584166,-0.8607594,0.0,0.0,-0.009409214,0.11729115,0.01268369,-0.066060096,0.3658041,1.8841556,0.0,0.0,0.0,-0.0021768345,0.0120541,-0.32314783
138170125,-0.022358518,-0.23584166,-0.8607594,0.0,0.0,-0.008223273,0.11559497,0.014141023,-0.009648303,0.4009507,1.8591456,0.0,0.0,0.0,-0.0003189313,0.013253701,-0.32416797
138267704,-0.022358518,-0.23584166,-0.8607594,0.0,0.0,-0.006339839,0.11332294,0.014405072,0.016481772,0.41771284,1.8054489,0.0,0.0,0.0,0.000548527,0.013901828,-0.3263582
138366962,-0.022358518,-0.23584166,-0.8607594,0.0,0.0,-0.0038719366,0.110307835,0.013540447,-0.026513375,0.25522292,1.7672422,0.0,0.0,0.0,-0.0008864668,0.008533303,-0.3279166
138466079,-0.022358518,-0.23584166,-0.8607594,0.0,0.0,-0.0013699444,0.10552092,0.011558652,0.008075601,0.25027665,1.7301236,0.0,0.0,0.0,0.00027128655,0.008407633,-0.3294306
138563463,-0.022358518,-0.23584166,-0.8607594,0.0,0.0,0.0011050272,0.0995633,0.008932829,0.0025993227,0.33865365,1.7354634,0.0,0.0,0.0,8.726312e-05,0.0113691045,-0.3292128
138671683,-0.022358518,-0.23584166,-0.8607594,0.0,0.0,0.003780782,0.092658915,0.005517304,-0.006405182,0.24371557,1.6957661,0.0,0.0,0.0,-0.00021607781,0.008221706,-0.330832
138764661,-0.022358518,-0.23584166,-0.8607594,0.0,0.0,0.0059908484,0.0870903,0.0027579665,0.054419868,0.21755984,1.7090018,0.0,0.0,0.0,0.0018328354,0.007327312,-0.33029214
138862200,-0.022358518,-0.23584166,-0.8607594,0.0,0.0,0.008216036,0.08139725,0.0006020069,0.035729498,0.28807637,1.7301912,0.0,0.0,0.0,0.0012002127,0.00967696,-0.32942784
138961278,-0.022358518,-0.23584166,-0.8607594,0.0,0.0,0.009723798,0.07644618,-0.00088751316,0.014988878,0.31456733,1.7415857,0.0,0.0,0.0,0.00050282356,0.010552614,-0.32896307
139069393,-0.022358518,-0.23584166,-0.8607594,0.0,0.0,0.010236646,0.07206184,-0.0015284419,0.0009965068,0.26745507,1.7484369,0.0,0.0,0.0,3.34017e-05,0.00896477,-0.32868364
139171593,-0.022358518,-0.23584166,-0.8607594,0.0,0.0,0.009504103,0.06938605,-0.0014569163,-0.040077113,0.38616294,1.751297,0.0,0.0,0.0,-0.0013427105,0.012937685,-0.32856697
139264515,-0.022358518,-0.23584166,-0.8607594,0.0,0.0,0.007885966,0.06822412,-0.0012043715,-0.04551948,0.38155475,1.7561998,0.0,0.0,0.0,-0.0015241966,0.012776166,-0.328367
139368204,-0.022358518,-0.23584166,-0.8607594,0.0,0.0,0.00478122,0.068401895,-0.00022149086,-0.048092473,0.30487952,1.7769141,0.0,0.0,0.0,-0.001606247,0.010182713,-0.32752207
139468724,-0.022358518,-0.23584166,-0.8607594,0.0,0.0,0.00087461004,0.07012902,0.00053447485,-0.099095955,0.41457415,1.7497562,0.0,0.0,0.0,-0.003320805,0.013892795,-0.32862982
139570985,-0.022358518,-0.23584166,-0.8607594,0.0,0.0,-0.0036986677,0.07372252,0.0014409423,-0.09519732,0.44312033,1.771312,0.0,0.0,0.0,-0.0031815912,0.01480953,-0.3277506
139669852,-0.022358518,-0.23584166,-0.8607594,0.0,0.0,-0.008680438,0.078573875,0.00216192,-0.12543325,0.38953835,1.7789356,0.0,0.0,0.0,-0.0041882903,0.013006915,-0.32743964
139767600,-0.022358518,-0.23584166,-0.8607594,0.0,0.0,-0.013701147,0.08403074,0.0026026964,-0.13031878,0.42630368,1.7609309,0.0,0.0,0.0,-0.004360962,0.014265746,-0.32817402
139866520,-0.022358518,-0.23584166,-0.8607594,0.0,0.0,-0.018640421,0.09006033,0.00240618,-0.10547489,0.5189841,1.7613827,0.0,0.0,0.0,-0.0035294604,0.017366538,-0.32815558
139964247,-0.022358518,-0.23584166,-0.8607594,0.0,0.0,-0.02296124,0.09563387,0.0020384192,-0.12425464,0.47136304,1.7471759,0.0,0.0,0.0,-0.004165156,0.015800621,-0.32873505
140066233,-0.022358518,-0.23584166,-0.8607594,0.0,0.0,-0.026809588,0.10065646,0.0015010238,-0.11084845,0.39556634,1.7339535,0.0,0.0,0.0,-0.0037217909,0.013281332,-0.3292744
140171470,-0.022358518,-0.23584166,-0.8607594,0.0,0.0,-0.030110307,0.104475155,0.000533998,-0.103843674,0.45696515,1.7457781,0.0,0.0,0.0,-0.0034815,0.015320378,-0.3287921
140264352,-0.022358518,-0.23584166,-0.8607594,0.0,0.0,-0.032060932,0.10560968,0.00024014711,-0.09994243,0.39220303,1.7581877,0.0,0.0,0.0,-0.0033455987,0.013129098,-0.3282859
140361920,-0.022358518,-0.23584166,-0.8607594,0.0,0.0,-0.033139475,0.10522548,0.00048410892,-0.112856604,0.32552832,1.7845377,0.0,0.0,0.0,-0.0037654794,0.0108613055,-0.32721114
140461004,-0.022358518,-0.23584166,-0.8607594,0.0,0.0,-0.033408124,0.10362384,0.0010085106,-0.112436935,0.41461176,1.8079661,0.0,0.0,0.0,-0.0037406324,0.013793601,-0.3262555
140567720,-0.022358518,-0.23584166,-0.8607594,0.0,0.0,-0.033177674,0.10210338,0.0018204451,-0.120917365,0.4483921,1.7609687,0.0,0.0,0.0,-0.0040463996,0.01500507,-0.32817248
140665316,-0.022358518,-0.23584166,-0.8607594,0.0,0.0,-0.03256778,0.10099363,0.0022339225,-0.07603145,0.3697114,1.7718028,0.0,0.0,0.0,-0.0025408973,0.012355397,-0.32773057
140768772,-0.022358518,-0.23584166,-0.8607594,0.0,0.0,-0.031643964,0.101336576,0.0014522076,-0.124920376,0.5251523,1.6805243,0.0,0.0,0.0,-0.004222224,0.017749792,-0.33145368
140872332,-0.022358518,-0.23584166,-0.8607594,0.0,0.0,-0.030579625,0.10451824,-0.00024747849,-0.075447686,0.55894953,1.6948797,0.0,0.0,0.0,-0.0025455148,0.018858291,-0.33086815
140970048,-0.022358518,-0.23584166,-0.8607594,0.0,0.0,-0.029285746,0.109902464,-0.0019032955,-0.084639765,0.5764634,1.696383,0.0,0.0,0.0,-0.0028551472,0.0194458,-0.33080685
141069004,-0.022358518,-0.23584166,-0.8607594,0.0,0.0,-0.028125122,0.11833497,-0.0028554797,-0.06004007,0.72630805,1.7201725,0.0,0.0,0.0,-0.0020193753,0.024428496,-0.3298365
141162320,-0.022358518,-0.23584166,-0.8607594,0.0,0.0,-0.027393566,0.12854268,-0.0033012629,-0.05824666,0.74401337,1.7384,0.0,0.0,0.0,-0.0019546563,0.02496779,-0.329093
141259828,-0.022358518,-0.23584166,-0.8607594,0.0,0.0,-0.026878554,0.14035,-0.0037412047,-0.093448415,0.77101403,1.7034727,0.0,0.0,0.0,-0.0031495488,0.025985954,-0.33051765
141367934,-0.022358518,-0.23584166,-0.8607594,0.0,0.0,-0.026964955,0.1537444,-0.0045049787,-0.12490791,0.7102439,1.6986912,0.0,0.0,0.0,-0.0042123147,0.02395181,-0.33071268
141469860,-0.022358518,-0.23584166,-0.8607594,0.0,0.0,-0.027915567,0.1669874,-0.005275786,-0.0867588,0.85062563,1.6796161,0.0,0.0,0.0,-0.0029326717,0.028753346,-0.33149073
141571897,-0.022358518,-0.23584166,-0.8607594,0.0,0.0,-0.029434834,0.17968234,-0.006221056,-0.12568323,0.76952314,1.6882612,0.0,0.0,0.0,-0.004243935,0.025984421,-0.3311381
141666516,-0.022358518,-0.23584166,-0.8607594,0.0,0.0,-0.031212522,0.19140084,-0.0065906644,-0.11333244,0.7686119,1.7097377,0.0,0.0,0.0,-0.003816734,0.025884796,-0.33026212
141770117,-0.022358518,-0.23584166,-0.8607594,0.0,0.0,-0.033255342,0.20222802,-0.006064832,-0.10691546,0.79738146,1.733077,0.0,0.0,0.0,-0.0035902262,0.026776107,-0.32931015
141867831,-0.022358518,-0.23584166,-0.8607594,0.0,0.0,-0.035185263,0.21006793,-0.005467117,-0.12905642,0.77499557,1.7022016,0.0,0.0,0.0,-0.004350333,0.026124144,-0.3305695
141966719,-0.022358518,-0.23584166,-0.8607594,0.0,0.0,-0.037067797,0.21494168,-0.005150914,-0.11269955,0.65377355,1.7337941,0.0,0.0,0.0,-0.0037841,0.02195168,-0.32928088
142059981,-0.022358518,-0.23584166,-0.8607594,0.0,0.0,-0.03854944,0.2174966,-0.004472196,-0.135004,0.70150614,1.764187,0.0,0.0,0.0,-0.004515977,0.023465864,-0.3280412
142171017,-0.022358518,-0.23584166,-0.8607594,0.0,0.0,-0.039747342,0.2181407,-0.002683401,-0.10498999,0.71921474,1.7864302,0.0,0.0,0.0,-0.0035022895,0.023991795,-0.32713392
142269976,-0.022358518,-0.23584166,-0.8607594,0.0,0.0,-0.040445074,0.2169437,-0.000610888,-0.13461469,0.6247378,1.7977763,0.0,0.0,0.0,-0.0044841855,0.020810805,-0.32667115
142367544,-0.022358518,-0.23584166,-0.8607594,0.0,0.0,-0.040773787,0.2146205,0.0015232563,-0.11858467,0.7110131,1.8117367,0.0,0.0,0.0,-0.0039433003,0.023643345,-0.32610172
142460821,-0.022358518,-0.23584166,-0.8607594,0.0,0.0,-0.040432602,0.21136166,0.0033202171,-0.06903216,0.6891614,1.8144426,0.0,0.0,0.0,-0.0022947455,0.022908889,-0.32599133
142559716,-0.022358518,-0.23584166,-0.8607594,0.0,0.0,-0.039261036,0.2070853,0.005149424,-0.07653311,0.597363,1.8081565,0.0,0.0,0.0,-0.0025461111,0.019873133,-0.32624775
142667821,-0.022358518,-0.23584166,-0.8607594,0.0,0.0,-0.037046302,0.20153481,0.006052494,-0.07093374,0.55496484,1.7880083,0.0,0.0,0.0,-0.0023657703,0.018509096,-0.32706955
142767039,-0.022358518,-0.23584166,-0.8607594,0.0,0.0,-0.034034703,0.19565015,0.0062767863,-0.0087627545,0.57912487,1.7843812,0.0,0.0,0.0,-0.00029238654,0.019323641,-0.32721752
142870443,-0.022358518,-0.23584166,-0.8607594,0.0,0.0,-0.029716102,0.18693411,0.0062187314,0.011907307,0.43656686,1.7918904,0.0,0.0,0.0,0.00039694735,0.014553589,-0.3269112
142969679,-0.022358518,-0.23584166,-0.8607594,0.0,0.0,-0.02455786,0.17520396,0.005948901,0.031329997,0.3775523,1.800842,0.0,0.0,0.0,0.0010432235,0.012571704,-0.3265461
143062789,-0.022358518,-0.23584166,-0.8607594,0.0,0.0,-0.019630982,0.16292275,0.005020201,0.010834457,0.37860408,1.7363514,0.0,0.0,0.0,0.00036368542,0.012708784,-0.32917657
143160338,-0.022358518,-0.23584166,-0.8607594,0.0,0.0,-0.014573404,0.14946419,0.0035362244,0.017928652,0.41271296,1.7337124,0.0,0.0,0.0,0.0006020278,0.013858526,-0.32928422
143259273,-0.022358518,-0.23584166,-0.8607594,0.0,0.0,-0.009943062,0.13655472,0.0020076036,0.012699479,0.3502582,1.7678099,0.0,0.0,0.0,0.00042460105,0.0117107155,-0.32789344
143371856,-0.022358518,-0.23584166,-0.8607594,0.0,0.0,-0.0056522647,0.12266295,0.0007199049,-0.016499327,0.38830906,1.761657,0.0,0.0,0.0,-0.00055209926,0.012993569,-0.3281444
143469430,-0.022358518,-0.23584166,-0.8607594,0.0,0.0,-0.0027343167,0.112113275,4.8458576e-05,0.0056939707,0.38617176,1.7728513,0.0,0.0,0.0,0.0001902582,0.012903534,-0.3276878
143562513,-0.022358518,-0.23584166,-0.8607594,0.0,0.0,-0.00086456805,0.10352494,-0.0002194643,0.015283654,0.32222512,1.7769346,0.0,0.0,0.0,0.0005104511,0.010761834,-0.32752123
143660102,-0.022358518,-0.23584166,-0.8607594,0.0,0.0,1.8549803e-05,0.09613353,-0.0003992319,-0.0568449,0.31042632,1.7753153,0.0,0.0,0.0,-0.0018988098,0.010369278,-0.3275873
143769726,-0.022358518,-0.23584166,-0.8607594,0.0,0.0,-0.00021994337,0.090917766,-0.00017124414,-0.03231075,0.4622886,1.7893723,0.0,0.0,0.0,-0.0010774392,0.015415545,-0.32701394
143867256,-0.021538164,-0.32866108,-0.8610632,0.007672877,-0.7853982,0.0014616466,0.03942759,-0.0038450724,-0.028832786,0.26059133,1.9331707,0.0,0.0,0.0,-0.0009441649,0.008533382,-0.3211486
143969598,-0.021351036,-0.32499513,-0.8599054,0.0031765972,0.0,-0.00027605647,0.03843263,0.03328502,-0.029414015,0.4155289,2.313019,0.0,0.0,0.0,-0.0009167828,0.0129513005,-0.3056551
144071404,-0.02120027,-0.32204568,-0.8533653,0.0031765972,0.0,-0.002264752,0.038803086,0.1061813,-0.07007846,0.40776676,2.6470685,0.0,0.0,0.0,-0.002086852,0.012142802,-0.29202965
144157191,-0.021074202,-0.31958467,-0.8375084,0.0031765972,0.0,-0.0042345133,0.04010445,0.21896562,-0.05214908,0.43174773,3.0112596,0.0,0.0,0.0,-0.0014739181,0.012202724,-0.2771748
144269622,-0.020971067,-0.31757957,-0.8060668,0.0031765972,0.0,-0.006643003,0.043859974,0.37262785,-0.0314434,0.46521103,3.0816705,0.0,0.0,0.0,-0.0008795107,0.013012527,-0.27430284
144367202,-0.02090766,-0.31634888,-0.762614,0.0031765972,0.0,-0.008868054,0.047349483,0.4957965,-0.051901188,0.48461628,2.556964,0.0,0.0,0.0,-0.0015650004,0.014612858,-0.2957049
144460304,-0.020895358,-0.31618527,-0.70640826,0.0031765972,0.0,-0.011100616,0.043593608,0.5916614,-0.07299166,0.47693944,2.0628793,0.0,0.0,0.0,-0.0023509285,0.015361353,-0.31585795
144568338,-0.02093558,-0.31714076,-0.6415689,0.0031765972,0.0,-0.0129117435,0.052424677,0.6326402,-0.07061603,0.66934586,1.5027257,0.0,0.0,0.0,-0.00243898,0.023118282,-0.33870587
144670399,-0.020985898,-0.31824815,-0.56516826,0.0031765972,0.0,-0.013778136,0.06951846,0.64798594,-0.05806831,0.76787,1.1556398,0.0,0.0,0.0,-0.002089394,0.027629238,-0.352863
144763488,-0.02103079,-0.31918392,-0.4930703,0.0031765972,0.0,-0.014083234,0.08591908,0.63131034,-0.0420402,0.7956263,0.89975774,0.0,0.0,0.0,-0.0015574511,0.029475337,-0.3633001
144870112,-0.021068744,-0.3199266,-0.42817456,0.0031765972,0.0,-0.013509601,0.10774822,0.59032774,-0.01726397,0.79192466,1.394684,0.0,0.0,0.0,-0.0006040261,0.0277076,-0.34311274
144969262,-0.021107608,-0.32065478,-0.35264543,0.0031765972,0.0,-0.012191201,0.12596849,0.5980267,0.0070972256,0.8612655,1.6384432,0.0,0.0,0.0,0.0002411201,0.029260509,-0.33317012
145066714,-0.021140337,-0.32126844,-0.28423515,0.0031765972,0.0,-0.010282113,0.14278013,0.60735095,-0.035994057,0.8721022,1.7412587,0.0,0.0,0.0,-0.0012074573,0.029255556,-0.32897642
145159828,-0.021171363,-0.32185006,-0.21497014,0.0031765972,0.0,-0.008246553,0.1575485,0.62504137,-0.032343123,0.84137887,1.8190697,0.0,0.0,0.0,-0.0010745173,0.027952654,-0.32580262
145267948,-0.02119994,-0.3223858,-0.14666487,0.0031765972,0.0,-0.005434603,0.17254823,0.63770443,-0.012860935,0.8696172,1.9122788,0.0,0.0,0.0,-0.00042228983,0.02855395,-0.32200074
145369955,-0.021229107,-0.32293257,-0.07193847,0.0031765972,0.0,-0.002177909,0.18387403,0.66221166,0.025327923,0.79291564,2.1280398,0.0,0.0,0.0,0.0008089067,0.025323624,-0.31320015
145472035,-0.021254336,-0.3234056,-0.0026734688,0.0031765972,0.0,0.0012543427,0.18963322,0.68989027,0.036642544,0.71795326,2.5291104,0.0,0.0,0.0,0.0011091371,0.021731803,-0.29684103
145566609,-0.02127687,-0.3238279,0.06352413,0.0031765972,0.0,0.0046184207,0.19241005,0.7253013,-0.02556786,0.7351161,3.1958385,0.0,0.0,0.0,-0.00070301525,0.020212792,-0.26964608
145670199,-0.02129964,-0.32425475,0.13505782,0.0031765972,0.0,0.003222398,0.1954581,0.8167715,-0.0628936,0.8402438,5.4271345,0.0,0.0,0.0,-0.001145648,0.015305589,-0.17863454
145767901,-0.021319952,-0.32463554,0.20328264,0.0031765972,0.0,0.002020039,0.19728923,0.88886195,-0.014838474,0.68824536,4.6792364,0.0,0.0,0.0,-0.00031644828,0.01467766,-0.20914029
145861099,-0.021340145,-0.325014,0.27592024,0.0031765972,0.0,-0.00043488742,0.20037761,0.97678,-0.08036773,0.80977094,6.2347884,0.0,0.0,0.0,-0.0011939665,0.0120301945,-0.14569142
145959992,-0.021358093,-0.32535046,0.3451314,0.0031765972,0.0,-0.0050352686,0.20455629,1.0,-0.14413203,0.88532746,6.423641,0.0,0.0,0.0,-0.002028063,0.012457326,-0.13798837
146057547,-0.021374632,-0.32566053,0.4134332,0.0031765972,0.0,-0.006122076,0.2018877,1.0,-0.14277352,0.4660753,6.6384525,0.0,0.0,0.0,-0.0018813612,0.0061415867,-0.1292265
146170088,nan,nan,nan,0.012044395,0.0,nan,nan,nan,0.0,0.0,100.0,0.0,0.0,0.0,-0.0,-0.0,-0.12
146267672,nan,nan,nan,0.013696923,0.0,nan,nan,nan,0.0,0.0,100.0,0.0,0.0,0.0,-0.0,-0.0,-0.12
146360786,nan,nan,nan,0.015382949,0.0,nan,nan,nan,0.0,0.0,100.0,0.0,0.0,0.0,-0.0,-0.0,-0.12
146459874,nan,nan,nan,0.011754191,0.0,nan,nan,nan,0.0,0.0,100.0,0.0,0.0,0.0,-0.0,-0.0,-0.12
146567922,nan,nan,nan,0.013362519,0.0,nan,nan,nan,0.0,0.0,100.0,0.0,0.0,0.0,-0.0,-0.0,-0.12
146665485,nan,nan,nan,0.016108377,0.0,nan,nan,nan,0.0,0.0,100.0,0.0,0.0,0.0,-0.0,-0.0,-0.12
146764561,nan,nan,nan,0.011816441,0.0,nan,nan,nan,0.0,0.0,100.0,0.0,0.0,0.0,-0.0,-0.0,-0.12
146871148,nan,nan,nan,0.016793985,0.0,nan,nan,nan,0.0,0.0,100.0,0.0,0.0,0.0,-0.0,-0.0,-0.001
146968861,nan,nan,nan,0.014827837,0.0,nan,nan,nan,0.0,0.0,100.0,0.0,0.0,0.0,-0.0,-0.0,-0.001
147067958,nan,nan,nan,0.014832759,0.0,nan,nan,nan,0.0,0.0,100.0,0.0,0.0,0.0,-0.0,-0.0,-0.001
147165386,nan,nan,nan,0.014876064,0.0,nan,nan,nan,0.0,0.0,100.0,0.0,0.0,0.0,-0.0,-0.0,-0.001
147258655,nan,nan,nan,0.014775831,0.0,nan,nan,nan,0.0,0.0,100.0,0.0,0.0,0.0,-0.0,-0.0,-0.001
147371057,nan,nan,nan,0.01474202,0.0,nan,nan,nan,0.0,0.0,100.0,0.0,0.0,0.0,-0.0,-0.0,-0.001
147465627,nan,nan,nan,0.014577059,0.0,nan,nan,nan,0.0,0.0,100.0,0.0,0.0,0.0,-0.0,-0.0,-0.001
147569344,nan,nan,nan,0.014549391,0.0,nan,nan,nan,0.0,0.0,100.0,0.0,0.0,0.0,-0.0,-0.0,-0.001
147668287,nan,nan,nan,0.014378189,0.0,nan,nan,nan,0.0,0.0,100.0,0.0,0.0,0.0,-0.0,-0.0,-0.001
147762937,nan,nan,nan,0.01439318,0.0,nan,nan,nan,0.0,0.0,100.0,0.0,0.0,0.0,-0.0,-0.0,-0.001
147866472,nan,nan,nan,0.014353072,0.0,nan,nan,nan,0.0,0.0,100.0,0.0,0.0,0.0,-0.0,-0.0,-0.001
147965564,nan,nan,nan,0.014156087,0.0,nan,nan,nan,0.0,0.0,100.0,0.0,0.0,0.0,-0.0,-0.0,-0.001
148069116,nan,nan,nan,0.014091446,0.0,nan,nan,nan,0.0,0.0,100.0,0.0,0.0,0.0,-0.0,-0.0,-0.001
148162328,nan,nan,nan,0.014014849,0.0,nan,nan,nan,0.0,0.0,100.0,0.0,0.0,0.0,-0.0,-0.0,-0.001
148270325,nan,nan,nan,0.013921173,0.0,nan,nan,nan,0.0,0.0,100.0,0.0,0.0,0.0,-0.0,-0.0,-0.001
148363467,nan,nan,nan,0.01388315,0.0,nan,nan,nan,0.0,0.0,100.0,0.0,0.0,0.0,-0.0,-0.0,-0.001
148461086,nan,nan,nan,0.013865824,0.0,nan,nan,nan,0.0,0.0,100.0,0.0,0.0,0.0,-0.0,-0.0,-0.001
148560189,nan,nan,nan,0.013782473,0.0,nan,nan,nan,0.0,0.0,100.0,0.0,0.0,0.0,-0.0,-0.0,-0.001
148671101,nan,nan,nan,0.0138211865,0.0,nan,nan,nan,0.0,0.0,100.0,0.0,0.0,0.0,-0.0,-0.0,-0.001
148771675,nan,nan,nan,0.013779943,0.0,nan,nan,nan,0.0,0.0,100.0,0.0,0.0,0.0,-0.0,-0.0,-0.001
148857301,nan,nan,nan,0.013652437,0.0,nan,nan,nan,0.0,0.0,100.0,0.0,0.0,0.0,-0.0,-0.0,-0.001
148969848,nan,nan,nan,0.013606784,0.0,nan,nan,nan,0.0,0.0,100.0,0.0,0.0,0.0,-0.0,-0.0,-0.001
149067471,nan,nan,nan,0.013607547,0.0,nan,nan,nan,0.0,0.0,100.0,0.0,0.0,0.0,-0.0,-0.0,-0.001
149160544,nan,nan,nan,0.013613228,0.0,nan,nan,nan,0.0,0.0,100.0,0.0,0.0,0.0,-0.0,-0.0,-0.001
149273092,nan,nan,nan,0.013625877,0.0,nan,nan,nan,0.0,0.0,100.0,0.0,0.0,0.0,-0.0,-0.0,-0.001
149367677,nan,nan,nan,0.013644044,0.0,nan,nan,nan,0.0,0.0,100.0,0.0,0.0,0.0,-0.0,-0.0,-0.001
149465269,nan,nan,nan,0.013685495,0.0,nan,nan,nan,0.0,0.0,100.0,0.0,0.0,0.0,-0.0,-0.0,-0.001
149558361,nan,nan,nan,0.013698524,0.0,nan,nan,nan,0.0,0.0,100.0,0.0,0.0,0.0,-0.0,-0.0,-0.001
149669406,nan,nan,nan,0.0136932405,0.0,nan,nan,nan,0.0,0.0,100.0,0.0,0.0,0.0,-0.0,-0.0,-0.001
149768470,nan,nan,nan,0.013672198,0.0,nan,nan,nan,0.0,0.0,100.0,0.0,0.0,0.0,-0.0,-0.0,-0.001
