timestamp,timestamp_sample,control[0],control[1],control[2],control[3],control[4],control[5],control[6],control[7]
28185757,28185686,-0.012799668,0.004615188,-0.0004914058,0.001,0.0,0.0,0.0,-1.0
28187259,28187188,-0.012715946,0.004578145,-0.00035585067,0.001,0.0,0.0,0.0,-1.0
28239819,28239746,-0.012735663,0.004214812,-0.0010956317,0.001,0.0,0.0,0.0,-1.0
28287865,28287796,-0.012813587,0.004455025,-0.0014453388,0.001,0.0,0.0,0.0,-1.0
28337422,28337348,-0.012722909,0.0039817435,-0.0011159278,0.001,0.0,0.0,0.0,-1.0
28386972,28386903,-0.01269588,0.004535747,0.0021719555,0.001,0.0,0.0,0.0,-1.0
28439538,28439459,-0.0113373455,0.00064476824,0.0044007027,0.001,0.0,0.0,0.0,-1.0
28487583,28487510,-0.013362105,0.0032993108,-0.00041742896,0.001,0.0,0.0,0.0,-1.0
28537137,28537064,-0.012174883,0.00494718,0.00016692316,0.001,0.0,0.0,0.0,-1.0
28589692,28589621,-0.012818002,0.005644708,-0.0021658672,0.001,0.0,0.0,0.0,-1.0
28637747,28637674,-0.013001381,0.005195441,-0.00039039418,0.001,0.0,0.0,0.0,-1.0
28687295,28687226,-0.012267955,0.004500831,-0.00082152936,0.001,0.0,0.0,0.0,-1.0
28736897,28736825,-0.012730043,0.004129914,-0.0021539002,0.001,0.0,0.0,0.0,-1.0
28789453,28789385,-0.012015138,0.0037875818,-0.0012455086,0.001,0.0,0.0,0.0,-1.0
28837460,28837388,-0.011850721,0.0030018778,-0.00226265,0.001,0.0,0.0,0.0,-1.0
28887061,28886987,-0.012745807,0.0035790582,-0.0018172156,0.001,0.0,0.0,0.0,-1.0
28939612,28939543,-0.012882913,0.0038348641,0.0015231943,0.001,0.0,0.0,0.0,-1.0
28989124,28989052,-0.013595239,0.0050823893,0.0009723642,0.001,0.0,0.0,0.0,-1.0
29037262,29037192,-0.012717136,0.004739965,0.0010761843,0.001,0.0,0.0,0.0,-1.0
29086724,29086657,-0.013990277,0.0040333043,-0.00043667972,0.001,0.0,0.0,0.0,-1.0
29139286,29139213,-0.010807313,0.004299364,-0.0017727282,0.001,0.0,0.0,0.0,-1.0
29187383,29187314,-0.014553343,0.005056056,-0.0029223445,0.001,0.0,0.0,0.0,-1.0
29236891,29236819,-0.010223717,0.0054234792,-0.001248895,0.001,0.0,0.0,0.0,-1.0
29289446,29289379,-0.014181856,0.004692109,-0.00032845658,0.001,0.0,0.0,0.0,-1.0
29339006,29338930,-0.010348878,0.0046133874,-0.0007499,0.001,0.0,0.0,0.0,-1.0
29387050,29386981,-0.013285831,0.0044369623,-0.0005217751,0.001,0.0,0.0,0.0,-1.0
29436605,29436535,-0.011256979,0.003933304,-0.00079062674,0.001,0.0,0.0,0.0,-1.0
29489162,29489092,-0.013518502,0.0053932425,0.00015358838,0.001,0.0,0.0,0.0,-1.0
29537211,29537144,-0.014094311,0.006104429,0.0012059556,0.001,0.0,0.0,0.0,-1.0
29586769,29586697,-0.01309873,0.00627245,-0.00031426118,0.001,0.0,0.0,0.0,-1.0
29639330,29639255,-0.013149779,0.004293338,-0.0003907991,0.001,0.0,0.0,0.0,-1.0
29688874,29688808,-0.01102232,0.005160921,-0.0022223443,0.001,0.0,0.0,0.0,-1.0
29736934,29736862,-0.012051931,0.0046761,-0.002117876,0.001,0.0,0.0,0.0,-1.0
29786481,29786413,-0.010389661,0.0053423024,-0.001930073,0.001,0.0,0.0,0.0,-1.0
29839045,29838970,-0.012780919,0.0056197764,0.00022507535,0.001,0.0,0.0,0.0,-1.0
29888591,29888524,-0.011894929,0.005098735,-0.00077057723,0.001,0.0,0.0,0.0,-1.0
29936649,29936576,-0.012381102,0.0051049846,-7.062795e-05,0.001,0.0,0.0,0.0,-1.0
29989198,29989133,-0.012602825,0.0049479525,-0.0016258768,0.001,0.0,0.0,0.0,-1.0
30038759,30038686,-0.01266887,0.0051827054,-0.002188009,0.001,0.0,0.0,0.0,-1.0
30086810,30086739,-0.012717933,0.0048021944,-0.0017670643,0.001,0.0,0.0,0.0,-1.0
30136360,30136292,-0.011445646,0.005306237,-0.0007738539,0.001,0.0,0.0,0.0,-1.0
30188921,30188851,-0.011626157,0.004967104,0.00024785488,0.001,0.0,0.0,0.0,-1.0
30238520,30238448,-0.011416236,0.0050691133,0.00024050272,0.001,0.0,0.0,0.0,-1.0
30286525,30286455,-0.010826291,0.0048317285,-0.00028387227,0.001,0.0,0.0,0.0,-1.0
30339083,30339013,-0.012808679,0.0053452444,-0.001022383,0.001,0.0,0.0,0.0,-1.0
30388684,30388611,-0.012677569,0.0062589776,-0.0010141176,0.001,0.0,0.0,0.0,-1.0
30436689,30436617,-0.012345484,0.0062334295,0.000120548175,0.001,0.0,0.0,0.0,-1.0
30486287,30486217,-0.013705083,0.006040321,0.0004092416,0.001,0.0,0.0,0.0,-1.0
30538847,30538776,-0.010713425,0.0057994933,-0.0014433229,0.001,0.0,0.0,0.0,-1.0
30588348,30588282,-0.012794249,0.0049744407,-0.0011982928,0.001,0.0,0.0,0.0,-1.0
30636450,30636380,-0.010260841,0.004968359,-0.0008030438,0.001,0.0,0.0,0.0,-1.0
30689007,30688936,-0.01231573,0.0045332313,-0.0003747021,0.001,0.0,0.0,0.0,-1.0
30738518,30738450,-0.00986548,0.004992293,0.0007335497,0.001,0.0,0.0,0.0,-1.0
30788067,30788001,-0.011722029,0.005484925,0.0012607803,0.001,0.0,0.0,0.0,-1.0
30836121,30836050,-0.011809322,0.0057672868,0.0013884531,0.001,0.0,0.0,0.0,-1.0
30888682,30888607,-0.013141767,0.006457333,-4.2275602e-05,0.001,0.0,0.0,0.0,-1.0
30938235,30938164,-0.012029322,0.005511349,-0.0006158941,0.001,0.0,0.0,0.0,-1.0
30986282,30986213,-0.012247151,0.0058263256,-0.0007013672,0.001,0.0,0.0,0.0,-1.0
31038843,31038771,-0.011928537,0.0059475894,-0.0010744866,0.001,0.0,0.0,0.0,-1.0
31088392,31088324,-0.011558423,0.004900566,-0.00048509674,0.001,0.0,0.0,0.0,-1.0
31137945,31137878,-0.011247251,0.005747212,-0.00081358064,0.001,0.0,0.0,0.0,-1.0
31185997,31185930,-0.012135563,0.005069999,4.1481057e-05,0.001,0.0,0.0,0.0,-1.0
31238559,31238487,-0.011542443,0.00557096,0.00047825187,0.001,0.0,0.0,0.0,-1.0
31288112,31288040,-0.011029279,0.006375326,0.00054557854,0.001,0.0,0.0,0.0,-1.0
31336163,31336092,-0.012353935,0.0054185684,0.0008533662,0.001,0.0,0.0,0.0,-1.0
31388722,31388650,-0.012653586,0.006492756,-0.0013246383,0.001,0.0,0.0,0.0,-1.0
31438273,31438203,-0.011724517,0.0068581156,-0.0010089638,0.001,0.0,0.0,0.0,-1.0
31487828,31487757,-0.011981587,0.0057617994,-0.0014133862,0.001,0.0,0.0,0.0,-1.0
31535884,31535809,-0.010866399,0.005917114,-0.0010108228,0.001,0.0,0.0,0.0,-1.0
31588436,31588366,-0.010837403,0.0057650353,-0.0008204866,0.001,0.0,0.0,0.0,-1.0
31637990,31637920,-0.010107084,0.005625117,-5.015181e-05,0.001,0.0,0.0,0.0,-1.0
31687616,31687544,-0.010913664,0.0052253446,0.0010919737,0.001,0.0,0.0,0.0,-1.0
31738600,31738529,-0.011523629,0.0049480936,0.0015397648,0.001,0.0,0.0,0.0,-1.0
31788156,31788083,-0.010022559,0.0057263393,-8.9991416e-05,0.001,0.0,0.0,0.0,-1.0
31837749,31837682,-0.011334042,0.0057715457,0.00046193076,0.001,0.0,0.0,0.0,-1.0
31885758,31885691,-0.01050541,0.0060796975,0.0017295221,0.001,0.0,0.0,0.0,-1.0
31938321,31938246,-0.011941869,0.0062500774,-0.0024731979,0.001,0.0,0.0,0.0,-1.0
31987914,31987845,-0.012647982,0.0057577603,-0.0021835316,0.001,0.0,0.0,0.0,-1.0
32037426,32037356,-0.010692562,0.0067903907,-0.0016223282,0.001,0.0,0.0,0.0,-1.0
32089980,32089913,-0.011490918,0.0057624667,0.0003046195,0.001,0.0,0.0,0.0,-1.0
32138078,32138009,-0.00935931,0.0055378615,3.751507e-05,0.001,0.0,0.0,0.0,-1.0
32187584,32187517,-0.012147301,0.006013733,-0.08520959,0.00964621,0.0,0.0,0.0,-1.0
32237145,32237070,-0.010525412,0.0063668257,-0.08514042,0.014753291,0.0,0.0,0.0,-1.0
32288241,32288171,-0.011032575,0.0055097337,-0.0847312,0.019688016,0.0,0.0,0.0,-1.0
32337751,32337679,-0.010566788,0.0049254224,-0.08485123,0.026990226,0.0,0.0,0.0,-1.0
32387300,32387233,-0.011386817,0.0066836663,-0.08610297,0.03320439,0.0,0.0,0.0,-1.0
32439861,32439791,-0.009980732,0.0053863516,-0.08699177,0.039007377,0.0,0.0,0.0,-1.0
32487910,32487842,-0.009928578,0.0061646453,-0.08709364,0.046010584,0.0,0.0,0.0,-1.0
32537469,32537396,-0.010003885,0.0050712186,-0.085558124,0.0537913,0.0,0.0,0.0,-1.0
32587022,32586950,-0.013195848,0.006221374,-0.08668922,0.06312646,0.0,0.0,0.0,-1.0
32639575,32639507,-0.009354281,0.0046649952,-0.08576591,0.07118488,0.0,0.0,0.0,-1.0
32687628,32687559,-0.010803598,0.005548921,-0.086184986,0.07902219,0.0,0.0,0.0,-1.0
32737188,32737113,-0.009726531,0.0023669319,-0.08240094,0.08664041,0.0,0.0,0.0,-1.0
32789740,32789670,-0.011001012,0.004441984,-0.08379563,0.09607349,0.0,0.0,0.0,-1.0
32837795,32837722,-0.011818253,0.002670593,-0.08425211,0.107512064,0.0,0.0,0.0,-1.0
32887345,32887279,-0.0076108705,0.005199292,-0.08188997,0.11771944,0.0,0.0,0.0,-1.0
32936905,32936830,-0.014520292,0.0035677904,-0.07716878,0.12775144,0.0,0.0,0.0,-1.0
32989452,32989386,-0.009947411,0.005344411,-0.07153998,0.13960998,0.0,0.0,0.0,-1.0
33037515,33037441,-0.0128514655,0.00351872,-0.0815697,0.15084659,0.0,0.0,0.0,-1.0
33087061,33086993,-0.011617342,0.0035482678,-0.122467026,0.16130522,0.0,0.0,0.0,-1.0
33139621,33139550,-0.015911115,0.0032823079,-0.14392449,0.17376806,0.0,0.0,0.0,-1.0
33187671,33187601,-0.009422241,0.006916529,-0.06146689,0.18742377,0.0,0.0,0.0,-1.0
33237230,33237158,-0.009694879,-0.002400655,-0.010320907,0.19985245,0.0,0.0,0.0,-1.0
33286822,33286756,-0.009427947,0.02222696,-0.13856913,0.21151689,0.0,0.0,0.0,-1.0
33339380,33339311,-0.007866398,0.0015839423,-0.086719245,0.22534782,0.0,0.0,0.0,-1.0
33387392,33387318,0.012250234,-0.0021287587,-0.016790714,0.23969077,0.0,0.0,0.0,-1.0
33436991,33436920,0.009461893,0.0024986197,-0.04507887,0.252238,0.0,0.0,0.0,-1.0
33489544,33489476,-0.005398067,-0.0060299626,-0.11480631,0.26658666,0.0,0.0,0.0,-1.0
33539075,33539004,0.017311113,-0.007910214,-0.050811216,0.2802416,0.0,0.0,0.0,-1.0
33587150,33587080,0.009384361,-0.031175239,0.008219824,0.29063746,0.0,0.0,0.0,-1.0
33636660,33636589,0.008179666,-0.018293347,0.037736632,0.3013867,0.0,0.0,0.0,-1.0
33689216,33689145,-0.002002098,-0.021146316,-0.02241526,0.31184635,0.0,0.0,0.0,-1.0
33737314,33737243,0.012130655,-0.018309,-0.06999511,0.31784317,0.0,0.0,0.0,-1.0
33786822,33786750,0.009739446,-0.0232283,-0.08861305,0.32452402,0.0,0.0,0.0,-1.0
33839377,33839308,0.008498224,-0.020533796,0.0085135065,0.336336,0.0,0.0,0.0,-1.0
33888928,33888861,0.008520821,-0.02311711,0.08768215,0.3454915,0.0,0.0,0.0,-1.0
33936982,33936913,0.018659271,-0.02720454,0.08360991,0.3549502,0.0,0.0,0.0,-1.0
33986537,33986466,0.0019234358,-0.025349952,0.01324477,0.35087252,0.0,0.0,0.0,-1.0
34039095,34039024,-0.0050301165,-0.03283094,-0.08324519,0.34297192,0.0,0.0,0.0,-1.0
34087146,34087075,-0.0025452294,-0.026820183,-0.070607856,0.33960894,0.0,0.0,0.0,-1.0
34136708,34136629,0.0038980783,-0.023459861,-0.0025291918,0.33858484,0.0,0.0,0.0,-1.0
34189252,34189186,0.0052730427,-0.019966867,0.09848117,0.3372471,0.0,0.0,0.0,-1.0
34238814,34238742,0.013810242,-0.015501997,0.07600842,0.3386086,0.0,0.0,0.0,-1.0
34286861,34286791,-0.0031510822,-0.020168664,0.01983111,0.33808216,0.0,0.0,0.0,-1.0
34336419,34336345,0.016459849,-0.024584161,-0.08101181,0.33943078,0.0,0.0,0.0,-1.0
34388970,34388902,-0.007038786,-0.018770372,-0.094299935,0.34045833,0.0,0.0,0.0,-1.0
34438526,34438455,0.0041586347,-0.022094958,0.000780963,0.34076595,0.0,0.0,0.0,-1.0
34486577,34486507,0.0038572098,-0.020345788,0.07736512,0.3422792,0.0,0.0,0.0,-1.0
34539132,34539064,0.01729531,-0.018903356,0.08209453,0.3434954,0.0,0.0,0.0,-1.0
34588689,34588616,0.0046583507,-0.021743951,0.0012315834,0.34381214,0.0,0.0,0.0,-1.0
34636744,34636668,0.0064389124,-0.027715098,-0.07480715,0.3448111,0.0,0.0,0.0,-1.0
34686292,34686221,-0.0002201429,-0.025616055,-0.12982924,0.3463481,0.0,0.0,0.0,-1.0
34738846,34738778,-0.0017982785,-0.02202662,-0.028859314,0.34833133,0.0,0.0,0.0,-1.0
34788448,34788377,0.0034567232,-0.024152193,0.088381074,0.3485062,0.0,0.0,0.0,-1.0
34836451,34836383,0.009216671,-0.022323307,0.13019204,0.3499786,0.0,0.0,0.0,-1.0
34889010,34888939,0.009616741,-0.022659356,0.02880822,0.35090345,0.0,0.0,0.0,-1.0
34938608,34938540,0.0060207713,-0.027390867,-0.09199267,0.3539391,0.0,0.0,0.0,-1.0
34988118,34988046,-0.008488294,-0.022037018,-0.11985358,0.35487628,0.0,0.0,0.0,-1.0
35036214,35036143,0.0013370486,-0.033877302,-0.08276045,0.35566646,0.0,0.0,0.0,-1.0
35088766,35088700,0.0010707455,-0.020746477,0.0528547,0.35741746,0.0,0.0,0.0,-1.0
35138275,35138207,0.0052240356,-0.024959778,0.10600128,0.35692507,0.0,0.0,0.0,-1.0
35186376,35186304,0.013522503,-0.025326842,0.086941734,0.35759538,0.0,0.0,0.0,-1.0
35238929,35238860,0.0015764983,-0.027670037,-0.035186116,0.35850888,0.0,0.0,0.0,-1.0
35288439,35288368,0.0026166637,-0.0296102,-0.09986577,0.35825935,0.0,0.0,0.0,-1.0
35337991,35337922,-0.005421983,-0.029707292,-0.07960745,0.35844713,0.0,0.0,0.0,-1.0
35386041,35385972,-0.0031189213,-0.032283004,-0.013532445,0.35744035,0.0,0.0,0.0,-1.0
35438597,35438528,0.004827457,-0.018811587,0.08545347,0.35782963,0.0,0.0,0.0,-1.0
35488151,35488083,0.00792841,-0.028563948,0.06601294,0.35740858,0.0,0.0,0.0,-1.0
35536203,35536133,0.010102768,-0.025800746,0.017189367,0.3570677,0.0,0.0,0.0,-1.0
35588757,35588689,-0.0038643926,-0.027524881,-0.08158881,0.35707554,0.0,0.0,0.0,-1.0
35638310,35638243,0.002271923,-0.028615542,-0.07938986,0.356273,0.0,0.0,0.0,-1.0
35687864,35687795,-0.0012106639,-0.032006927,-0.01921726,0.35635474,0.0,0.0,0.0,-1.0
35735915,35735846,0.006077795,-0.025596354,0.047000464,0.35485807,0.0,0.0,0.0,-1.0
35788471,35788402,0.009895848,-0.032257296,0.086984396,0.3546603,0.0,0.0,0.0,-1.0
35838030,35837957,0.007806554,-0.014958989,0.022860888,0.3530832,0.0,0.0,0.0,-1.0
35887577,35887507,0.00049416017,-0.02817933,-0.045470454,0.35248557,0.0,0.0,0.0,-1.0
35940138,35940064,-0.0043666493,-0.021733634,-0.05004349,0.35293627,0.0,0.0,0.0,-1.0
35988188,35988114,-0.00403292,-0.025830861,-0.017605389,0.3533215,0.0,0.0,0.0,-1.0
36037737,36037667,0.0008458435,-0.024718815,0.036111552,0.35295263,0.0,0.0,0.0,-1.0
36085787,36085719,-0.00026711114,-0.02270524,0.061681964,0.35178337,0.0,0.0,0.0,-1.0
36138345,36138276,0.0056745973,-0.019461459,0.013329335,0.35280982,0.0,0.0,0.0,-1.0
36187902,36187830,-0.0035771055,-0.025230126,-0.056221887,0.35128316,0.0,0.0,0.0,-1.0
36237498,36237426,-0.0035687701,-0.027626216,-0.07589069,0.3516352,0.0,0.0,0.0,-1.0
36290054,36289981,-0.00092123094,-0.031352118,-0.0043224567,0.35151798,0.0,0.0,0.0,-1.0
36338059,36337987,0.0011899432,-0.02527005,0.048210777,0.35202283,0.0,0.0,0.0,-1.0
36387661,36387587,0.008352812,-0.023666235,0.06906815,0.35228762,0.0,0.0,0.0,-1.0
36435659,36435589,0.00727537,-0.028917558,0.047414817,0.35250258,0.0,0.0,0.0,-1.0
36488216,36488146,0.0014521567,-0.023146715,-0.033457413,0.35180435,0.0,0.0,0.0,-1.0
36537812,36537744,0.0099022165,-0.02677892,-0.06617823,0.35126483,0.0,0.0,0.0,-1.0
36587325,36587255,-0.0038096863,-0.022762967,-0.05330371,0.352197,0.0,0.0,0.0,-1.0
36639877,36639807,0.0043192306,-0.030472906,0.016969476,0.35115492,0.0,0.0,0.0,-1.0
36687977,36687903,0.009209416,-0.020044204,0.046640437,0.35252723,0.0,0.0,0.0,-1.0
36737481,36737409,-0.0017439668,-0.022813683,0.03805253,0.3520283,0.0,0.0,0.0,-1.0
36787028,36786961,0.016961873,-0.020737754,-0.013292736,0.3534352,0.0,0.0,0.0,-1.0
36839586,36839517,-0.0036623403,-0.0241508,-0.05212385,0.35327718,0.0,0.0,0.0,-1.0
36887640,36887567,0.0015321621,-0.027310537,-0.040301487,0.35284936,0.0,0.0,0.0,-1.0
36937192,36937120,0.0018200347,-0.024421295,0.0014222963,0.3535561,0.0,0.0,0.0,-1.0
36989750,36989677,0.0045852065,-0.02099893,0.04495869,0.35249752,0.0,0.0,0.0,-1.0
37037797,37037726,0.0069395746,-0.024763113,0.034676645,0.35285428,0.0,0.0,0.0,-1.0
37087352,37087280,0.004309111,-0.02706251,-0.0078957165,0.35254702,0.0,0.0,0.0,-1.0
37136897,37136830,-0.0052177515,-0.023069013,-0.053503454,0.32433435,0.0,0.0,0.0,-1.0
37189454,37189386,0.0034215187,-0.024808517,-0.036598843,0.3246239,0.0,0.0,0.0,-1.0
37237505,37237436,0.0064549856,-0.021628432,0.0061741937,0.3303141,0.0,0.0,0.0,-1.0
37287058,37286989,0.006745696,-0.022379877,0.04122759,0.3369451,0.0,0.0,0.0,-1.0
37339613,37339544,0.011464116,-0.021201892,0.010415258,0.34114665,0.0,0.0,0.0,-1.0
37387671,37387596,0.0063446998,-0.024393708,-0.029806724,0.3469311,0.0,0.0,0.0,-1.0
37437217,37437147,-0.0019016401,-0.026903044,-0.06282875,0.35068652,0.0,0.0,0.0,-1.0
37486769,37486700,-0.0006480735,-0.018102052,-0.048269104,0.3532064,0.0,0.0,0.0,-1.0
37539323,37539254,0.0005891464,-0.03012091,0.03660711,0.355084,0.0,0.0,0.0,-1.0
37587375,37587304,0.007907155,-0.018276528,0.06093564,0.35657075,0.0,0.0,0.0,-1.0
37636928,37636859,0.004950067,-0.022698924,0.04685052,0.35762486,0.0,0.0,0.0,-1.0
37689485,37689413,0.0032997967,-0.019420287,-0.028329099,0.35846058,0.0,0.0,0.0,-1.0
37739081,37739010,-0.0043557337,-0.026399938,-0.06381653,0.35961768,0.0,0.0,0.0,-1.0
37787089,37787015,0.009481354,-0.02271284,-0.053711,0.36063567,0.0,0.0,0.0,-1.0
37836678,37836611,-0.0036211442,-0.022068622,-0.0027915034,0.361053,0.0,0.0,0.0,-1.0
37889237,37889167,0.003244915,-0.019758172,0.03840318,0.36208725,0.0,0.0,0.0,-1.0
37937241,37937171,0.0055002896,-0.02649662,0.033246722,0.36191308,0.0,0.0,0.0,-1.0
37986843,37986771,0.0074178935,-0.023320818,-0.01281765,0.3612524,0.0,0.0,0.0,-1.0
38039396,38039326,-0.005136482,-0.027992686,-0.06780662,0.36178145,0.0,0.0,0.0,-1.0
38088905,38088830,0.0019374306,-0.023679065,-0.050948486,0.36015716,0.0,0.0,0.0,-1.0
38136996,38136928,-0.006486928,-0.03097774,-0.007807092,0.36022463,0.0,0.0,0.0,-1.0
38186504,38186432,0.010614479,-0.02119435,0.039651193,0.36118454,0.0,0.0,0.0,-1.0
38239054,38238987,0.007265782,-0.028222032,0.032231838,0.36055976,0.0,0.0,0.0,-1.0
38288614,38288539,0.0105037745,-0.02416344,-0.014230293,0.35957438,0.0,0.0,0.0,-1.0
38336660,38336591,0.0051100873,-0.024624582,-0.044727474,0.35906845,0.0,0.0,0.0,-1.0
38389212,38389144,0.007207072,-0.030042183,-0.0392164,0.358336,0.0,0.0,0.0,-1.0
38438768,38438697,0.009797243,-0.018355552,0.016287543,0.35754055,0.0,0.0,0.0,-1.0
38486824,38486757,0.013037984,-0.02675472,0.049219713,0.35593688,0.0,0.0,0.0,-1.0
38536369,38536299,0.004450819,-0.023990473,0.04817081,0.35507676,0.0,0.0,0.0,-1.0
38588924,38588852,0.012405032,-0.025748234,-0.029092412,0.35479632,0.0,0.0,0.0,-1.0
38638472,38638404,0.0034151005,-0.028620014,-0.07206857,0.35348397,0.0,0.0,0.0,-1.0
38686526,38686457,0.0031119932,-0.021418385,-0.0699217,0.3529224,0.0,0.0,0.0,-1.0
38739077,38739010,0.0007261421,-0.03213459,0.009437534,0.3522445,0.0,0.0,0.0,-1.0
38788627,38788560,0.008829686,-0.025376068,0.04200025,0.35293618,0.0,0.0,0.0,-1.0
38836686,38836612,0.006233193,-0.028314803,0.043491945,0.3535572,0.0,0.0,0.0,-1.0
38886231,38886162,0.014476887,-0.025730805,0.0049764765,0.35297093,0.0,0.0,0.0,-1.0
38938790,38938718,0.009894493,-0.032152064,-0.058264732,0.35357425,0.0,0.0,0.0,-1.0
38988340,38988268,0.0062208786,-0.026084425,-0.05571949,0.3544271,0.0,0.0,0.0,-1.0
39036387,39036318,0.010744313,-0.027910165,-0.022430126,0.35523576,0.0,0.0,0.0,-1.0
39088941,39088873,0.0141663905,-0.027050076,0.03621315,0.35537642,0.0,0.0,0.0,-1.0
39138496,39138426,0.01368737,-0.026726816,0.028691689,0.35619214,0.0,0.0,0.0,-1.0
39188100,39188022,0.0104598645,-0.025546094,-0.024409615,0.3560014,0.0,0.0,0.0,-1.0
39236098,39236026,0.004520918,-0.033670545,-0.06104441,0.35617912,0.0,0.0,0.0,-1.0
39288653,39288580,0.0056681177,-0.025352905,-0.07438033,0.35581556,0.0,0.0,0.0,-1.0
39338251,39338177,0.005404679,-0.022901814,-0.035607964,0.35645214,0.0,0.0,0.0,-1.0
39386254,39386181,0.01005136,-0.03140714,0.003673621,0.3563646,0.0,0.0,0.0,-1.0
39438808,39438738,0.010332338,-0.029552193,0.045421705,0.35671887,0.0,0.0,0.0,-1.0
39488405,39488333,0.017523676,-0.029429082,0.013885947,0.35760316,0.0,0.0,0.0,-1.0
39537907,39537838,0.0020012206,-0.030138627,-0.029101368,0.35719073,0.0,0.0,0.0,-1.0
39586001,39585934,0.014610413,-0.029798191,-0.052822765,0.35665086,0.0,0.0,0.0,-1.0
39638560,39638488,0.00021294616,-0.03014485,-0.026720686,0.3572005,0.0,0.0,0.0,-1.0
39688063,39687993,0.0128842965,-0.034308176,0.016918141,0.3582673,0.0,0.0,0.0,-1.0
39737620,39737545,0.012291566,-0.018423608,0.0382087,0.35881057,0.0,0.0,0.0,-1.0
39788712,39788643,0.014666566,-0.038331684,0.010684497,0.35791188,0.0,0.0,0.0,-1.0
39838220,39838152,0.009200565,-0.015498079,-0.023723682,0.35879302,0.0,0.0,0.0,-1.0
39887772,39887700,0.006333735,-0.03117287,-0.041452255,0.3574439,0.0,0.0,0.0,-1.0
39935821,39935750,0.005122959,-0.029800292,-0.029425852,0.35833707,0.0,0.0,0.0,-1.0
39988374,39988304,0.005462097,-0.02184943,0.014662066,0.3584653,0.0,0.0,0.0,-1.0
40037923,40037855,0.008000657,-0.026162842,0.031096632,0.3588159,0.0,0.0,0.0,-1.0
40087473,40087406,0.015387768,-0.024787491,0.015612446,0.35938624,0.0,0.0,0.0,-1.0
40140034,40139960,0.011328608,-0.02753701,-0.038734537,0.35908672,0.0,0.0,0.0,-1.0
40188085,40188010,0.0040789745,-0.027171273,-0.040125504,0.35955974,0.0,0.0,0.0,-1.0
40237633,40237561,0.008669064,-0.03368395,-0.014939715,0.35964826,0.0,0.0,0.0,-1.0
40285682,40285610,0.0056743235,-0.021063775,0.008212624,0.35996273,0.0,0.0,0.0,-1.0
40338258,40338188,0.005606492,-0.02661855,0.0088831205,0.35885122,0.0,0.0,0.0,-1.0
40387787,40387716,0.008283701,-0.020721905,-0.022277424,0.35963482,0.0,0.0,0.0,-1.0
40437339,40437268,0.002394305,-0.033717882,-0.05811526,0.35795632,0.0,0.0,0.0,-1.0
40489890,40489820,0.0033615245,-0.0233383,-0.042794142,0.35801315,0.0,0.0,0.0,-1.0
40537943,40537870,0.004204327,-0.028959004,-0.014973157,0.35813576,0.0,0.0,0.0,-1.0
40587495,40587421,0.007306949,-0.026756879,0.020339934,0.35812002,0.0,0.0,0.0,-1.0
40637088,40637018,0.0065181283,-0.027931789,0.019813992,0.3584142,0.0,0.0,0.0,-1.0
40688098,40688025,-0.00019969734,-0.026379393,-0.03488405,0.3576933,0.0,0.0,0.0,-1.0
40737650,40737575,0.006805145,-0.01942313,-0.060573943,0.35675144,0.0,0.0,0.0,-1.0
40787247,40787172,-0.0028648125,-0.028923139,-0.045192182,0.35572204,0.0,0.0,0.0,-1.0
40839796,40839726,0.0025687427,-0.023478432,0.027391907,0.35653105,0.0,0.0,0.0,-1.0
40887799,40887729,0.010491813,-0.029903132,0.05016517,0.3556531,0.0,0.0,0.0,-1.0
40937400,40937327,0.008539158,-0.019121682,0.042090382,0.35650003,0.0,0.0,0.0,-1.0
40986901,40986831,0.0040841345,-0.026705178,-0.002394949,0.35643277,0.0,0.0,0.0,-1.0
41039458,41039385,0.0069247717,-0.024292685,-0.062066942,0.35698977,0.0,0.0,0.0,-1.0
41087550,41087480,0.0005513856,-0.023603046,-0.05578504,0.35690105,0.0,0.0,0.0,-1.0
41137057,41136985,-0.0033616386,-0.028639043,-0.018839275,0.35661474,0.0,0.0,0.0,-1.0
41186611,41186536,-0.0007681629,-0.02306171,0.023416081,0.3565986,0.0,0.0,0.0,-1.0
41237708,41237636,0.0070501943,-0.022107227,0.026108632,0.3579972,0.0,0.0,0.0,-1.0
41287210,41287139,-0.001406934,-0.035516273,-0.010060283,0.35635427,0.0,0.0,0.0,-1.0
41336760,41336690,0.0019280736,-0.027618531,-0.054464564,0.35740474,0.0,0.0,0.0,-1.0
41389315,41389244,-0.0059068846,-0.027485766,-0.043513887,0.3570999,0.0,0.0,0.0,-1.0
41437364,41437293,-0.00057101855,-0.027338581,-0.011884265,0.35756415,0.0,0.0,0.0,-1.0
41486912,41486843,-0.0026589383,-0.025286058,0.02879351,0.35777035,0.0,0.0,0.0,-1.0
41539468,41539397,0.008278317,-0.025689736,0.018473888,0.35705152,0.0,0.0,0.0,-1.0
41589018,41588948,0.0011698093,-0.02257325,-0.03393912,0.35744473,0.0,0.0,0.0,-1.0
41637065,41636997,0.0022878996,-0.03116076,-0.06227735,0.35782567,0.0,0.0,0.0,-1.0
41686619,41686551,-0.0017536668,-0.022829708,-0.055287417,0.35747087,0.0,0.0,0.0,-1.0
41739172,41739102,0.0039419373,-0.024815591,0.00049799535,0.35689488,0.0,0.0,0.0,-1.0
41787219,41787150,0.0030069656,-0.027709583,0.017646689,0.3573191,0.0,0.0,0.0,-1.0
41836770,41836702,0.010490971,-0.021613007,0.0053287465,0.35712034,0.0,0.0,0.0,-1.0
41889325,41889255,0.00562481,-0.029755596,-0.054305922,0.35728467,0.0,0.0,0.0,-1.0
41938877,41938808,0.008601967,-0.029539619,-0.07039733,0.35812065,0.0,0.0,0.0,-1.0
41986929,41986856,0.0022585015,-0.029470867,-0.04331579,0.3569954,0.0,0.0,0.0,-1.0
42036475,42036405,0.014102026,-0.02699619,0.0080878055,0.35752907,0.0,0.0,0.0,-1.0
42089028,42088958,0.011203919,-0.023661675,0.032290213,0.35750443,0.0,0.0,0.0,-1.0
42138629,42138554,0.0100467615,-0.025944173,-0.00673493,0.35847965,0.0,0.0,0.0,-1.0
42186626,42186558,0.0057416353,-0.028234784,-0.050661057,0.35837227,0.0,0.0,0.0,-1.0
42239185,42239112,0.008027997,-0.025242683,-0.069280595,0.35858643,0.0,0.0,0.0,-1.0
42288776,42288707,0.0043123257,-0.022192514,-0.030836487,0.35945538,0.0,0.0,0.0,-1.0
42336786,42336712,0.014495249,-0.027222011,0.006756407,0.35912508,0.0,0.0,0.0,-1.0
42386377,42386307,0.00985645,-0.02318163,0.033849657,0.35961092,0.0,0.0,0.0,-1.0
42438946,42438876,0.0133560365,-0.022978937,-0.009428229,0.35994405,0.0,0.0,0.0,-1.0
42488434,42488366,0.0048534065,-0.02155997,-0.06093112,0.36100498,0.0,0.0,0.0,-1.0
42536531,42536460,0.010816515,-0.018313387,-0.07412835,0.36036906,0.0,0.0,0.0,-1.0
42589082,42589015,0.007211343,-0.031526715,-0.024662053,0.36066082,0.0,0.0,0.0,-1.0
42638590,42638521,0.011849878,-0.015881773,0.017737122,0.36047068,0.0,0.0,0.0,-1.0
42688139,42688068,0.015221366,-0.021176148,0.03719875,0.36120266,0.0,0.0,0.0,-1.0
42736188,42736117,0.014709973,-0.026024682,0.028067302,0.36101606,0.0,0.0,0.0,-1.0
42788746,42788671,0.0056093996,-0.023948029,-0.040028613,0.36011308,0.0,0.0,0.0,-1.0
42838291,42838222,0.008357212,-0.030521698,-0.06517452,0.3605689,0.0,0.0,0.0,-1.0
42886336,42886269,0.009263175,-0.022855157,-0.052242145,0.36033306,0.0,0.0,0.0,-1.0
42938898,42938823,0.0071715666,-0.024346868,0.01820244,0.3590184,0.0,0.0,0.0,-1.0
42988440,42988373,0.010686401,-0.0138750905,0.039117586,0.35900083,0.0,0.0,0.0,-1.0
43037994,43037923,0.011644854,-0.022204617,0.011697454,0.3573283,0.0,0.0,0.0,-1.0
43086042,43085973,0.0147427255,-0.026942445,-0.02695539,0.35629153,0.0,0.0,0.0,-1.0
43138601,43138527,0.0021620046,-0.026147868,-0.067210704,0.35682222,0.0,0.0,0.0,-1.0
43188145,43188075,0.009252367,-0.025680045,-0.03735531,0.35650778,0.0,0.0,0.0,-1.0
43236196,43236124,0.009475036,-0.02390069,-0.007430444,0.35597217,0.0,0.0,0.0,-1.0
43288752,43288683,0.006204149,-0.028284516,0.021515489,0.3565402,0.0,0.0,0.0,-1.0
43338299,43338228,0.003623205,-0.026944958,-0.0042160116,0.35618854,0.0,0.0,0.0,-1.0
43387847,43387778,0.008581882,-0.03058734,-0.056589607,0.3562454,0.0,0.0,0.0,-1.0
43435895,43435827,-0.0012135598,-0.027848208,-0.071942165,0.35678464,0.0,0.0,0.0,-1.0
43488450,43488379,0.0033029655,-0.027465776,-0.03828858,0.3570778,0.0,0.0,0.0,-1.0
43538009,43537934,-0.00031471296,-0.024133295,0.0091459565,0.35663906,0.0,0.0,0.0,-1.0
43587594,43587525,0.006671173,-0.028255986,0.029199155,0.35617748,0.0,0.0,0.0,-1.0
43638606,43638531,0.0037203282,-0.02642807,-0.0046355412,0.35677978,0.0,0.0,0.0,-1.0
43688155,43688082,0.000153621,-0.030827058,-0.053794533,0.35747814,0.0,0.0,0.0,-1.0
43737746,43737677,0.0016624818,-0.027481567,-0.07111068,0.35833606,0.0,0.0,0.0,-1.0
43785749,43785680,0.0046291677,-0.031170135,-0.053055998,0.35844904,0.0,0.0,0.0,-1.0
43838304,43838233,0.0047360254,-0.030312449,0.007249216,0.35858944,0.0,0.0,0.0,-1.0
43887898,43887829,0.006634849,-0.0292931,0.020046314,0.3597198,0.0,0.0,0.0,-1.0
43937405,43937333,0.019883128,-0.027966306,-0.018201517,0.36000523,0.0,0.0,0.0,-1.0
43989956,43989886,-0.00017238075,-0.026409093,-0.07894718,0.36024466,0.0,0.0,0.0,-1.0
44038052,44037980,0.012373114,-0.025331264,-0.08059172,0.35973653,0.0,0.0,0.0,-1.0
44087552,44087485,0.00064088753,-0.018064324,-0.037333123,0.35916758,0.0,0.0,0.0,-1.0
44137136,44137067,0.014561732,-0.029180432,0.011998757,0.35939148,0.0,0.0,0.0,-1.0
44188203,44188135,0.004438188,-0.025155744,0.040196516,0.359989,0.0,0.0,0.0,-1.0
44237707,44237636,0.008543803,-0.026602853,0.011526731,0.35998908,0.0,0.0,0.0,-1.0
44287253,44287186,0.0019378032,-0.020558134,-0.03626557,0.36096185,0.0,0.0,0.0,-1.0
44339811,44339739,-0.0027741918,-0.03073243,-0.089625455,0.36141673,0.0,0.0,0.0,-1.0
44387885,44387815,0.003480831,-0.0217723,-0.06857403,0.3612571,0.0,0.0,0.0,-1.0
44437409,44437340,0.0025698391,-0.02341439,-0.020815914,0.36114162,0.0,0.0,0.0,-1.0
44486960,44486888,6.217493e-05,-0.015922165,0.02455642,0.36125508,0.0,0.0,0.0,-1.0
44539512,44539440,0.007486,-0.025340814,0.010435899,0.36031505,0.0,0.0,0.0,-1.0
44587557,44587490,0.002687261,-0.019866155,-0.026758771,0.3605501,0.0,0.0,0.0,-1.0
44637110,44637039,0.003726223,-0.029109072,-0.060510445,0.36075148,0.0,0.0,0.0,-1.0
44689660,44689591,-0.00062736793,-0.02048574,-0.037473977,0.36051363,0.0,0.0,0.0,-1.0
44737707,44737640,-0.0034345614,-0.028681807,0.0030052264,0.36075446,0.0,0.0,0.0,-1.0
44787259,44787192,0.0004858679,-0.022852417,0.036680248,0.35999474,0.0,0.0,0.0,-1.0
44836813,44836739,-4.7590573e-05,-0.018193835,0.02260437,0.36028075,0.0,0.0,0.0,-1.0
44889359,44889292,0.00069233234,-0.030450346,-0.051797852,0.35938254,0.0,0.0,0.0,-1.0
44937414,44937341,-0.006987689,-0.018577958,-0.08170658,0.35869205,0.0,0.0,0.0,-1.0
44986960,44986891,-0.011488157,-0.030572722,-0.08039632,0.3578776,0.0,0.0,0.0,-1.0
45039542,45039472,-0.0065542734,-0.018933354,-0.016353004,0.3577476,0.0,0.0,0.0,-1.0
45089114,45089038,0.008193909,-0.024571106,0.01703946,0.3565102,0.0,0.0,0.0,-1.0
45137112,45137043,0.0021994438,-0.023639066,0.018861238,0.35653573,0.0,0.0,0.0,-1.0
45186704,45186636,-0.00023041334,-0.021100942,-0.015598958,0.35640815,0.0,0.0,0.0,-1.0
45239262,45239192,-0.01165122,-0.025611987,-0.061300077,0.35690117,0.0,0.0,0.0,-1.0
45287264,45287195,-0.008319182,-0.028165922,-0.057700958,0.35626292,0.0,0.0,0.0,-1.0
45336861,45336787,-0.005501917,-0.024168868,-0.0238871,0.3570161,0.0,0.0,0.0,-1.0
45386360,45386291,-0.0024598765,-0.023071645,0.01871172,0.35709262,0.0,0.0,0.0,-1.0
45438915,45438846,0.007295784,-0.018375736,0.014455213,0.3580023,0.0,0.0,0.0,-1.0
45487009,45486938,-0.0020291344,-0.023858504,-0.024900684,0.3581319,0.0,0.0,0.0,-1.0
45536511,45536442,-0.0023321556,-0.026451007,-0.06158471,0.3584375,0.0,0.0,0.0,-1.0
45589063,45588995,-0.0046863086,-0.021405572,-0.03387432,0.35913414,0.0,0.0,0.0,-1.0
45638621,45638544,-0.0006628528,-0.028031692,0.009983454,0.3601742,0.0,0.0,0.0,-1.0
45686661,45686593,-0.001710278,-0.010879223,0.035198517,0.36062875,0.0,0.0,0.0,-1.0
45739214,45739146,0.007507139,-0.02211801,0.023529729,0.36058736,0.0,0.0,0.0,-1.0
45788768,45788695,0.002644003,-0.020609044,-0.017135477,0.35999912,0.0,0.0,0.0,-1.0
45836814,45836743,0.0010641405,-0.017409762,-0.056162342,0.36002466,0.0,0.0,0.0,-1.0
45886363,45886292,-0.0090619195,-0.022513261,-0.07718805,0.35974023,0.0,0.0,0.0,-1.0
45938919,45938847,0.0007187483,-0.020496774,-0.04337568,0.3596892,0.0,0.0,0.0,-1.0
45988464,45988395,-0.008975802,-0.019329585,0.014214989,0.35926107,0.0,0.0,0.0,-1.0
46036510,46036442,0.0020763858,-0.023506442,0.031319864,0.3593381,0.0,0.0,0.0,-1.0
46089067,46088995,-0.002423618,-0.024525393,-0.010148361,0.35883415,0.0,0.0,0.0,-1.0
46138619,46138547,-0.0041398928,-0.022439783,-0.053174056,0.3583004,0.0,0.0,0.0,-1.0
46186660,46186593,-0.007870267,-0.018106906,-0.054741323,0.35835648,0.0,0.0,0.0,-1.0
46236217,46236142,-0.0078020315,-0.023988957,-0.02431526,0.35839394,0.0,0.0,0.0,-1.0
46288762,46288694,-0.0020361587,-0.02496276,0.035816114,0.35719043,0.0,0.0,0.0,-1.0
46338318,46338244,-0.0037503848,-0.015751805,0.03517501,0.35712472,0.0,0.0,0.0,-1.0
46386362,46386292,-0.003343457,-0.023659343,-0.00014079778,0.35594144,0.0,0.0,0.0,-1.0
46438920,46438847,-0.0046533984,-0.019315997,-0.06607489,0.3558106,0.0,0.0,0.0,-1.0
46488465,46488394,-0.0030748053,-0.019270092,-0.06998457,0.35476738,0.0,0.0,0.0,-1.0
46538067,46537990,-0.0144718345,-0.020267434,-0.035835885,0.35546738,0.0,0.0,0.0,-1.0
46586060,46585992,-0.0047275675,-0.019953774,-0.0017691938,0.35501733,0.0,0.0,0.0,-1.0
46638615,46638544,-0.007624352,-0.019236263,0.022226863,0.35510227,0.0,0.0,0.0,-1.0
46688210,46688139,-0.00043489705,-0.022918694,0.003605538,0.35568252,0.0,0.0,0.0,-1.0
46736231,46736163,-0.0028193716,-0.023449931,-0.02112673,0.3566901,0.0,0.0,0.0,-1.0
46788763,46788694,-0.0062714135,-0.032379877,-0.056194402,0.35607892,0.0,0.0,0.0,-1.0
46838359,46838289,-0.0027776489,-0.026149271,-0.042900976,0.35728887,0.0,0.0,0.0,-1.0
46887860,46887793,-0.0061022546,-0.025175402,-0.009301286,0.3576734,0.0,0.0,0.0,-1.0
46935958,46935886,-0.010010077,-0.0232078,0.015241431,0.35839882,0.0,0.0,0.0,-1.0
46988508,46988439,-0.0028670204,-0.02185575,-0.0014562987,0.3579485,0.0,0.0,0.0,-1.0
47038017,47037942,-0.014674477,-0.02338256,-0.040969796,0.35923156,0.0,0.0,0.0,-1.0
47087562,47087492,-0.0052494067,-0.027165158,-0.053777866,0.35981455,0.0,0.0,0.0,-1.0
47140121,47140046,-0.011968455,-0.022515867,-0.008546369,0.36066365,0.0,0.0,0.0,-1.0
47188161,47188092,-0.020514423,-0.02748091,-0.14845826,0.35471347,0.0,0.0,0.0,-1.0
47237716,47237642,-0.0040652575,-0.032470033,-0.1797581,0.34402153,0.0,0.0,0.0,-1.0
47285760,47285689,-0.02159001,-0.02596519,-0.19359845,0.3392356,0.0,0.0,0.0,-1.0
47338313,47338241,-0.013844229,-0.029302193,-0.084150314,0.32802752,0.0,0.0,0.0,-1.0
47387858,47387791,-0.010590252,-0.0216858,0.044210695,0.3250791,0.0,0.0,0.0,-1.0
47437454,47437381,0.0044169365,-0.024933903,0.122904986,0.31470597,0.0,0.0,0.0,-1.0
47489966,47489895,0.0012844182,-0.027050273,0.04147032,0.3094036,0.0,0.0,0.0,-1.0
47538009,47537940,-0.0058382275,-0.02638959,-0.050587457,0.30328918,0.0,0.0,0.0,-1.0
47587559,47587490,-0.010412253,-0.03174256,-0.13344897,0.29694209,0.0,0.0,0.0,-1.0
47637115,47637041,-0.012156385,-0.027029647,-0.11529737,0.3047027,0.0,0.0,0.0,-1.0
47688157,47688089,-0.0020010602,-0.016433034,-0.010667618,0.31843406,0.0,0.0,0.0,-1.0
47737711,47737639,0.001685628,-0.021527043,0.047106132,0.32843563,0.0,0.0,0.0,-1.0
47787257,47787190,0.0017033428,-0.018285822,0.055384375,0.33804247,0.0,0.0,0.0,-1.0
47839809,47839741,0.0081998585,-0.028123796,-0.03550097,0.3476022,0.0,0.0,0.0,-1.0
47887864,47887790,0.00048878003,-0.024645112,-0.077220015,0.3576922,0.0,0.0,0.0,-1.0
47937406,47937338,0.004891728,-0.024721788,-0.10786675,0.36669198,0.0,0.0,0.0,-1.0
47987005,47986933,-0.0036056873,-0.020312654,-0.08162649,0.37561172,0.0,0.0,0.0,-1.0
48039556,48039484,0.011681431,-0.024277456,-0.021952335,0.38335392,0.0,0.0,0.0,-1.0
48087553,48087486,0.01631015,-0.017863628,-0.0033998655,0.3896478,0.0,0.0,0.0,-1.0
48137153,48137082,0.011421409,-0.028278252,-0.0136635015,0.3820642,0.0,0.0,0.0,-1.0
48189705,48189634,0.014363925,-0.027231699,-0.0439317,0.37290275,0.0,0.0,0.0,-1.0
48237708,48237637,0.010866205,-0.031237066,-0.06252861,0.37276104,0.0,0.0,0.0,-1.0
48287302,48287230,0.015769636,-0.023589324,-0.058699355,0.371748,0.0,0.0,0.0,-1.0
48336805,48336734,0.0050403196,-0.038510002,-0.04295767,0.3721471,0.0,0.0,0.0,-1.0
48389352,48389286,0.01994064,-0.023675108,-0.018946163,0.36974186,0.0,0.0,0.0,-1.0
48437449,48437381,0.016946116,-0.03242144,-0.013055847,0.36508125,0.0,0.0,0.0,-1.0
48486951,48486884,0.023139779,-0.025852293,-0.025248824,0.36247346,0.0,0.0,0.0,-1.0
48536500,48536432,0.018942723,-0.028688652,-0.0442356,0.35828254,0.0,0.0,0.0,-1.0
48589053,48588984,0.018479537,-0.019568749,-0.031181173,0.34975716,0.0,0.0,0.0,-1.0
48637101,48637031,0.03182767,-0.03457226,-0.024585187,0.3371173,0.0,0.0,0.0,-1.0
48686653,48686580,0.0129734,-0.031300098,-0.013834539,0.3278467,0.0,0.0,0.0,-1.0
48739203,48739134,0.019584788,-0.015320324,-0.02884163,0.3150583,0.0,0.0,0.0,-1.0
48787250,48787180,0.009656486,-0.017039469,-0.041354556,0.30090848,0.0,0.0,0.0,-1.0
48836804,48836729,0.47898397,0.23232974,0.23511381,0.2656776,0.0,0.0,0.0,-1.0
48889351,48889283,-0.041033264,-0.1361757,0.007599906,0.21635637,0.0,0.0,0.0,-1.0
48938902,48938830,-0.027064858,0.00045415913,0.042311233,0.22498469,0.0,0.0,0.0,-1.0
48986948,48986878,0.048887827,0.079898536,0.15166411,0.23486234,0.0,0.0,0.0,-1.0
49036494,49036427,0.12409462,-0.13497204,0.062171593,0.18917528,0.0,0.0,0.0,-1.0
49089046,49088979,0.0052896105,0.09430388,0.06119723,0.19379506,0.0,0.0,0.0,-1.0
49138597,49138529,0.038657103,-0.02064684,0.049310155,0.1676734,0.0,0.0,0.0,-1.0
49186647,49186575,0.0909318,0.002168443,0.0534978,0.17170878,0.0,0.0,0.0,-1.0
49239195,49239127,0.03708351,0.018522404,0.048713494,0.15854244,0.0,0.0,0.0,-1.0
49288748,49288676,0.027345646,0.024346277,0.0006467443,0.15370035,0.0,0.0,0.0,-1.0
49336800,49336724,0.049343854,0.032120742,0.06503288,0.14865004,0.0,0.0,0.0,-1.0
49386343,49386272,0.039644387,0.019359723,0.020798963,0.14370161,0.0,0.0,0.0,-1.0
49438896,49438825,0.024627827,0.0070308694,-0.046110135,0.12,0.0,0.0,0.0,-1.0
49488490,49488419,0.07659928,0.033482574,0.05618607,0.12,0.0,0.0,0.0,-1.0
49536492,49536421,0.019030232,0.017624568,-0.109726116,0.12,0.0,0.0,0.0,-1.0
49589045,49588973,0.051536214,0.02530783,0.10429907,0.12,0.0,0.0,0.0,-1.0
49638639,49638568,0.020060048,0.021295665,-0.10050239,0.12,0.0,0.0,0.0,-1.0
49688142,49688071,0.045690417,0.0257686,0.05946451,0.12,0.0,0.0,0.0,-1.0
49736236,49736164,0.029579427,0.027753428,-0.027278982,0.12,0.0,0.0,0.0,-1.0
49788788,49788716,0.036616232,0.020921722,0.003183323,0.12,0.0,0.0,0.0,-1.0
49838290,49838220,0.03958188,0.031003429,0.0027433198,0.12,0.0,0.0,0.0,-1.0
49886381,49886313,0.010177182,0.019308496,-0.10454458,0.12,0.0,0.0,0.0,-1.0
49938934,49938865,0.05365576,0.037092388,0.056911126,0.12,0.0,0.0,0.0,-1.0
49988441,49988372,0.008439561,0.02089919,-0.10936691,0.12,0.0,0.0,0.0,-1.0
50037985,50037917,0.058911886,0.036239684,0.08567833,0.12,0.0,0.0,0.0,-1.0
50086033,50085965,0.012220486,0.022318576,-0.10782832,0.12,0.0,0.0,0.0,-1.0
50138585,50138517,0.057598908,0.034102704,0.08562467,0.12,0.0,0.0,0.0,-1.0
50188140,50188066,0.012720343,0.020719156,-0.09324612,0.12,0.0,0.0,0.0,-1.0
50236180,50236113,0.03406318,0.02370149,-0.02811423,0.001,0.0,0.0,0.0,-1.0
50288736,50288666,0.05699145,0.033069674,-0.014350931,0.001,0.0,0.0,0.0,-1.0
50338281,50338214,0.033316616,0.028128702,-0.022953726,0.001,0.0,0.0,0.0,-1.0
50387838,50387764,0.031045154,0.026298922,-0.009978233,0.001,0.0,0.0,0.0,-1.0
50435878,50435811,0.046746135,0.03199116,-0.01884126,0.001,0.0,0.0,0.0,-1.0
50488430,50488363,0.036033932,0.029856449,-0.015429224,0.001,0.0,0.0,0.0,-1.0
50537982,50537912,0.03436631,0.027954688,-0.016267749,0.001,0.0,0.0,0.0,-1.0
50587533,50587463,0.042521887,0.031422853,-0.017260015,0.001,0.0,0.0,0.0,-1.0
50640081,50640013,0.03632322,0.029476445,-0.016975895,0.001,0.0,0.0,0.0,-1.0
50688132,50688061,0.03795302,0.029869154,-0.01790507,0.001,0.0,0.0,0.0,-1.0
50737680,50737610,0.041486822,0.030495372,-0.018490184,0.001,0.0,0.0,0.0,-1.0
50785727,50785659,0.037542786,0.028988432,-0.016790532,0.001,0.0,0.0,0.0,-1.0
50838281,50838210,0.039338242,0.030271778,-0.019702729,0.001,0.0,0.0,0.0,-1.0
50887830,50887759,0.03924088,0.030185243,-0.018598452,0.001,0.0,0.0,0.0,-1.0
50937423,50937355,0.037811972,0.02904737,-0.017931674,0.001,0.0,0.0,0.0,-1.0
50989981,50989906,0.039736718,0.029141085,-0.017227812,0.001,0.0,0.0,0.0,-1.0
51037978,51037909,0.03953426,0.028471347,-0.016686495,0.001,0.0,0.0,0.0,-1.0
51087569,51087503,0.03972344,0.028501239,-0.017556416,0.001,0.0,0.0,0.0,-1.0
51137079,51137006,0.04020214,0.028757356,-0.018034607,0.001,0.0,0.0,0.0,-1.0
51189634,51189558,0.04000845,0.029846886,-0.016253104,0.001,0.0,0.0,0.0,-1.0
51237724,51237652,0.03962017,0.030254321,-0.016695386,0.001,0.0,0.0,0.0,-1.0
51287235,51287164,0.03921656,0.029714173,-0.018111557,0.001,0.0,0.0,0.0,-1.0
51339776,51339707,0.040731933,0.030385174,-0.017025603,0.001,0.0,0.0,0.0,-1.0
51387874,51387803,0.03899086,0.029053679,-0.017067108,0.001,0.0,0.0,0.0,-1.0
51437372,51437304,0.039547473,0.029743468,-0.016613133,0.001,0.0,0.0,0.0,-1.0
51486927,51486854,0.03964509,0.030384611,-0.017117921,0.001,0.0,0.0,0.0,-1.0
51539473,51539405,0.03880618,0.029027907,-0.016435945,0.001,0.0,0.0,0.0,-1.0
51587528,51587453,0.040012367,0.030345349,-0.016348034,0.001,0.0,0.0,0.0,-1.0
51637076,51637002,0.03829797,0.030129053,-0.017830608,0.001,0.0,0.0,0.0,-1.0
51689623,51689554,0.039619785,0.029808916,-0.017933704,0.001,0.0,0.0,0.0,-1.0
51737676,51737602,0.03844155,0.030709319,-0.020112991,0.001,0.0,0.0,0.0,-1.0
51787222,51787154,0.04012142,0.03040419,-0.01921805,0.001,0.0,0.0,0.0,-1.0
51836776,51836702,0.038724054,0.030204108,-0.021095045,0.001,0.0,0.0,0.0,-1.0
51889323,51889255,0.039283607,0.028261496,-0.016425375,0.001,0.0,0.0,0.0,-1.0
51937372,51937303,0.040344197,0.02928414,-0.018488688,0.001,0.0,0.0,0.0,-1.0
51986925,51986852,0.039509576,0.02893312,-0.018195804,0.001,0.0,0.0,0.0,-1.0
52039469,52039402,0.039286226,0.029915221,-0.015651943,0.001,0.0,0.0,0.0,-1.0
52089050,52088981,0.041096956,0.02997356,-0.016362883,0.001,0.0,0.0,0.0,-1.0
52137071,52137000,0.038606506,0.02940012,-0.016543904,0.001,0.0,0.0,0.0,-1.0
52186626,52186553,0.007870839,0.024248954,0.0007645388,0.001,0.0,0.0,0.0,-1.0
52239171,52239101,0.0073918905,0.024816018,0.0022554665,0.001,0.0,0.0,0.0,-1.0
52287218,52287149,0.007454606,0.027052803,-0.00089652516,0.001,0.0,0.0,0.0,-1.0
52336776,52336699,0.008278705,0.02614613,0.0010547407,0.001,0.0,0.0,0.0,-1.0
52389323,52389250,0.007749744,0.025328651,0.00020316239,0.001,0.0,0.0,0.0,-1.0
52438916,52438847,0.00823853,0.025442194,0.000107398446,0.001,0.0,0.0,0.0,-1.0
52486927,52486850,0.008144274,0.024851201,-0.00065494236,0.001,0.0,0.0,0.0,-1.0
52536513,52536444,0.0078101237,0.0244397,-0.00076191704,0.001,0.0,0.0,0.0,-1.0
52589073,52588994,0.008481891,0.024248106,0.0017366774,0.001,0.0,0.0,0.0,-1.0
52638571,52638500,0.008084846,0.024819579,3.5536686e-05,0.001,0.0,0.0,0.0,-1.0
52686662,52686592,0.008504059,0.024315214,0.0011754351,0.001,0.0,0.0,0.0,-1.0
52739213,52739144,0.008431658,0.024901994,0.0007738074,0.001,0.0,0.0,0.0,-1.0
52788719,52788647,0.0080877375,0.024854155,0.00089361664,0.001,0.0,0.0,0.0,-1.0
52836810,52836740,0.007898782,0.024487568,0.0006326386,0.001,0.0,0.0,0.0,-1.0
52886313,52886244,0.008122998,0.025499089,0.00030043945,0.001,0.0,0.0,0.0,-1.0
52938868,52938798,0.007755573,0.025119208,0.00045632335,0.001,0.0,0.0,0.0,-1.0
52988417,52988345,0.008613639,0.024730721,0.0010523977,0.001,0.0,0.0,0.0,-1.0
53036463,53036393,0.008008846,0.025209151,6.516054e-05,0.001,0.0,0.0,0.0,-1.0
53089016,53088945,0.007710968,0.024859102,0.00033993466,0.001,0.0,0.0,0.0,-1.0
53138565,53138495,0.008340112,0.024960145,-0.00015999681,0.001,0.0,0.0,0.0,-1.0
