timestamp,timestamp_sample,ref_timestamp,ref_lat,ref_lon,x,y,z,delta_xy[0],delta_xy[1],delta_z,vx,vy,vz,z_deriv,delta_vxy[0],delta_vxy[1],delta_vz,ax,ay,az,heading,delta_heading,ref_alt,dist_bottom,eph,epv,evh,evv,vxy_max,vz_max,hagl_min,hagl_max,xy_valid,z_valid,v_xy_valid,v_z_valid,xy_reset_counter,z_reset_counter,vxy_reset_counter,vz_reset_counter,heading_reset_counter,xy_global,z_global,dist_bottom_valid,dist_bottom_sensor_bitfield
28182996,28178177,0,nan,nan,0.013796937,-0.0025100769,-0.068959266,0.009514783,-0.01459045,0.113960005,0.0006067246,0.00096819084,-0.002577812,-0.0022527792,-0.0025048004,0.0047038076,-0.0029560828,0.019036943,0.052539404,0.006626204,0.104965426,-0.0138457995,nan,0.10152438,0.021123415,0.014273642,0.051589243,0.031938914,inf,inf,inf,inf,1,1,1,1,2,1,1,1,1,0,0,1,0
28189062,28188733,0,nan,nan,0.013797114,-0.0025369544,-0.06896607,0.009514783,-0.01459045,0.113960005,0.00073089724,0.0011439796,-0.0026622396,-0.0023284203,-0.0025048004,0.0047038076,-0.0029560828,0.0089742495,0.03535306,-0.041129854,0.10494997,-0.0138457995,nan,0.10151818,0.021506915,0.0145091005,0.05210599,0.032225024,inf,inf,inf,inf,1,1,1,1,2,1,1,1,1,0,0,1,0
28279277,28278831,0,nan,nan,0.013784738,-0.0028092663,-0.06901003,0.009514783,-0.01459045,0.113960005,-1.7471166e-06,5.2597898e-08,-0.0023720225,-0.0019508133,-0.0025048004,0.0047038076,-0.0029560828,-0.03279925,0.010187441,-0.02536286,0.10490736,-0.0138457995,nan,0.10155467,0.02103054,0.014213838,0.05144978,0.031861346,inf,inf,inf,inf,1,1,1,1,2,1,1,1,1,0,0,1,0
28378210,28377892,0,nan,nan,0.013725428,-0.0031659135,-0.069018856,0.009514783,-0.01459045,0.113960005,-0.00018331953,-0.00065124786,-0.0022151794,-0.0016910529,-0.0025048004,0.0047038076,-0.0029560828,0.0046567963,-0.11085563,-0.007596994,0.10494049,-0.0138457995,nan,0.10150904,0.021890428,0.014740209,0.052648626,0.03248509,inf,inf,inf,inf,1,1,1,1,2,1,1,1,1,0,0,1,0
28486331,28486009,0,nan,nan,0.013381322,-0.0033120015,-0.06890988,0.009514783,-0.01459045,0.113960005,-0.0053862846,0.003666587,-0.0018368091,-0.0011959916,-0.0025048004,0.0047038076,-0.0029560828,-0.05965828,0.044506576,-0.10408119,0.10477961,-0.0138457995,nan,0.101409234,0.021989457,0.014805872,0.052622877,0.032489046,inf,inf,inf,inf,1,1,1,1,2,1,1,1,1,0,0,1,0
28588432,28583617,0,nan,nan,0.012612922,-0.0030314268,-0.06872347,0.009514783,-0.01459045,0.113960005,-0.009192725,0.006589682,-0.0008899865,-0.00014629256,-0.0025048004,0.0047038076,-0.0029560828,-0.08461137,-0.12165279,-0.194112,0.10474971,-0.0138457995,nan,0.10125931,0.021719264,0.014642774,0.052218255,0.032274727,inf,inf,inf,inf,1,1,1,1,2,1,1,1,1,0,0,1,0
28687535,28682721,0,nan,nan,0.011488872,-0.00239021,-0.06834469,0.009514783,-0.01459045,0.113960005,-0.012386026,0.010240453,0.0015807962,0.0024161448,-0.0025048004,0.0047038076,-0.0029560828,-0.051698886,0.011179681,-0.24508154,0.104588754,-0.0138457995,nan,0.1009802,0.020722233,0.014019434,0.051049344,0.031632308,inf,inf,inf,inf,1,1,1,1,2,1,1,1,1,0,0,1,0
28786669,28786333,0,nan,nan,0.009940339,-0.0013509796,-0.0678196,0.009514783,-0.01459045,0.113960005,-0.018216228,0.01230426,0.0034407438,0.0043402016,-0.0025048004,0.0047038076,-0.0029560828,-0.17642376,-0.17993537,0.21433115,0.10463459,-0.0138457995,nan,0.10055806,0.020729976,0.0140168145,0.05114486,0.031700846,inf,inf,inf,inf,1,1,1,1,2,1,1,1,1,0,0,1,0
28876901,28876430,0,nan,nan,0.008339543,-0.00025726436,-0.06731505,0.009514783,-0.01459045,0.113960005,-0.020841302,0.016538296,0.004015091,0.0049429075,-0.0025048004,0.0047038076,-0.0029560828,0.21403712,0.37751344,0.011247693,0.10443503,-0.0138457995,nan,0.10025286,0.020458035,0.013841501,0.050887406,0.031559054,inf,inf,inf,inf,1,1,1,1,2,1,1,1,1,0,0,1,0
28985066,28984592,0,nan,nan,0.0062477333,0.0011970728,-0.06660701,0.009514783,-0.01459045,0.113960005,-0.023927674,0.017715044,0.006201327,0.0071064965,-0.0025048004,0.0047038076,-0.0029560828,0.16969885,0.1622547,0.112513855,0.10439529,-0.0138457995,nan,0.1,0.020241436,0.013691977,0.050875,0.03150434,inf,inf,inf,inf,1,1,1,1,2,1,1,1,1,0,0,1,0
29083967,29083654,0,nan,nan,0.004299818,0.0026501364,-0.06591802,0.009514783,-0.01459045,0.113960005,-0.02638879,0.021983363,0.006246342,0.0070691123,-0.0025048004,0.0047038076,-0.0029560828,0.23279715,0.5285646,-0.13608165,0.10435069,-0.0138457995,nan,0.1,0.021259708,0.014315441,0.05217487,0.032241963,inf,inf,inf,inf,1,1,1,1,2,1,1,1,1,0,0,1,0
29186268,29181259,0,nan,nan,0.002455435,0.004100024,-0.065206565,0.009514783,-0.01459045,0.113960005,-0.028741544,0.024596022,0.0069589713,0.0076217945,-0.0025048004,0.0047038076,-0.0029560828,0.20137705,0.5109357,-0.21137603,0.10430733,-0.0138457995,nan,0.1,0.021196105,0.014285829,0.051844332,0.032102693,inf,inf,inf,inf,1,1,1,1,2,1,1,1,1,0,0,1,0
29285361,29280367,0,nan,nan,0.0007272158,0.0055810977,-0.06455437,0.009514783,-0.01459045,0.113960005,-0.032145206,0.02550671,0.007831104,0.008245427,-0.0025048004,0.0047038076,-0.0029560828,-0.1717252,-0.36288953,-0.20552427,0.10422036,-0.0138457995,nan,0.1,0.02025278,0.013711931,0.050477736,0.031356808,inf,inf,inf,inf,1,1,1,1,2,1,1,1,1,0,0,1,0
29378314,29377972,0,nan,nan,-0.0006305081,0.006815452,-0.063927144,0.009514783,-0.01459045,0.113960005,-0.033782184,0.026651654,0.008806223,0.008877465,-0.0025048004,0.0047038076,-0.0029560828,-0.28275844,-0.2698358,-0.3022029,0.1041354,-0.0138457995,nan,0.1,0.02056791,0.013895379,0.051136848,0.03171603,inf,inf,inf,inf,1,1,1,1,2,1,1,1,1,0,0,1,0
29480435,29478582,0,nan,nan,-0.002097941,0.008098973,-0.06330815,0.009514783,-0.01459045,0.113960005,-0.0360185,0.027475154,0.009668358,0.009372804,-0.0025048004,0.0047038076,-0.0029560828,-0.07853183,-0.06673405,0.13562849,0.10399714,-0.0138457995,nan,0.1,0.02078407,0.014025441,0.051462583,0.03189576,inf,inf,inf,inf,1,1,1,1,2,1,1,1,1,0,0,1,0
29585553,29585241,0,nan,nan,-0.0035680588,0.009290643,-0.062741786,0.009514783,-0.01459045,0.113960005,-0.03704733,0.026037835,0.0092968885,0.008603991,-0.0025048004,0.0047038076,-0.0029560828,-0.41399896,-0.7329071,-0.32345474,0.10383959,-0.0138457995,nan,0.1,0.021882972,0.014700768,0.05283662,0.032687314,inf,inf,inf,inf,1,1,1,1,2,1,1,1,1,0,0,1,0
29689233,29684303,0,nan,nan,-0.0044580856,0.01001615,-0.062368527,0.009514783,-0.01459045,0.113960005,-0.036473606,0.02579055,0.009694927,0.008547065,-0.0025048004,0.0047038076,-0.0029560828,-0.30652678,-0.594367,-0.11915929,0.103779376,-0.0138457995,nan,0.1,0.020044388,0.013579512,0.05031446,0.031239884,inf,inf,inf,inf,1,1,1,1,2,1,1,1,1,0,0,1,0
29782229,29777404,0,nan,nan,-0.004922434,0.010457122,-0.062112108,0.009514783,-0.01459045,0.113960005,-0.03440257,0.028307572,0.010232648,0.008611596,-0.0025048004,0.0047038076,-0.0029560828,-0.047135822,-0.08635952,-0.20768468,0.10367828,-0.0138457995,nan,0.1,0.020065172,0.01357798,0.050647326,0.03136036,inf,inf,inf,inf,1,1,1,1,2,1,1,1,1,0,0,1,0
29887491,29887053,0,nan,nan,-0.0049839034,0.010710498,-0.061886057,0.009514783,-0.01459045,0.113960005,-0.032864932,0.028846387,0.009814057,0.0076463358,-0.0025048004,0.0047038076,-0.0029560828,-0.029277693,0.22334991,-0.26202706,0.103688665,-0.0138457995,nan,0.1,0.019930024,0.013483655,0.05051965,0.031286366,inf,inf,inf,inf,1,1,1,1,2,1,1,1,1,0,0,1,0
29984938,29980123,0,nan,nan,-0.0047961334,0.010841654,-0.06168824,0.009514783,-0.01459045,0.113960005,-0.03052868,0.027707243,0.011679302,0.009077467,-0.0025048004,0.0047038076,-0.0029560828,0.20927031,0.3584454,0.3934601,0.103645995,-0.0138457995,nan,0.1,0.020775866,0.013994875,0.051772427,0.0319415,inf,inf,inf,inf,1,1,1,1,2,1,1,1,1,0,0,1,0
30085687,30083736,0,nan,nan,-0.0039415867,0.010540858,-0.061633553,0.009514783,-0.01459045,0.113960005,-0.02954886,0.025829976,0.009037015,0.005932824,-0.0025048004,0.0047038076,-0.0029560828,-0.33276975,-0.3515237,-0.35558483,0.10364536,-0.0138457995,nan,0.1,0.020499725,0.01382649,0.051316187,0.031670462,inf,inf,inf,inf,1,1,1,1,2,1,1,1,1,0,0,1,0
30178692,30178383,0,nan,nan,-0.003117197,0.010328818,-0.061601296,0.009514783,-0.01459045,0.113960005,-0.024663094,0.02775689,0.010591196,0.0070706815,-0.0025048004,0.0047038076,-0.0029560828,0.36693478,0.77377903,0.08910174,0.10353713,-0.0138457995,nan,0.1,0.020419015,0.0137730455,0.051176433,0.03160287,inf,inf,inf,inf,1,1,1,1,2,1,1,1,1,0,0,1,0
30285400,30280448,0,nan,nan,-0.0020042015,0.009954534,-0.061554376,0.009514783,-0.01459045,0.113960005,-0.024670819,0.022258362,0.010089907,0.006136335,-0.0025048004,0.0047038076,-0.0029560828,-0.5564177,-0.87980676,-0.122303605,0.10347307,-0.0138457995,nan,0.1,0.020669738,0.013930112,0.05141432,0.03176523,inf,inf,inf,inf,1,1,1,1,2,1,1,1,1,0,0,1,0
30385876,30385562,0,nan,nan,-0.00053231686,0.0092357425,-0.06159347,0.009514783,-0.01459045,0.113960005,-0.020414017,0.02476378,0.011083942,0.0067444537,-0.0025048004,0.0047038076,-0.0029560828,0.39812317,0.93482524,0.114438966,0.10337782,-0.0138457995,nan,0.1,0.022043174,0.014780157,0.05302112,0.032677073,inf,inf,inf,inf,1,1,1,1,2,1,1,1,1,0,0,1,0
30474467,30474158,0,nan,nan,0.0006981937,0.008625482,-0.06157075,0.009514783,-0.01459045,0.113960005,-0.020336615,0.020337928,0.01052919,0.0058925115,-0.0025048004,0.0047038076,-0.0029560828,-0.4427487,-0.5740376,-0.27485564,0.10333621,-0.0138457995,nan,0.1,0.021485556,0.014458471,0.0520933,0.03215504,inf,inf,inf,inf,1,1,1,1,2,1,1,1,1,0,0,1,0
30581213,30576317,0,nan,nan,0.002073261,0.007914185,-0.061502617,0.009514783,-0.01459045,0.113960005,-0.017490817,0.021219123,0.011978499,0.0070116473,-0.0025048004,0.0047038076,-0.0029560828,0.2810092,0.6163092,0.40422758,0.1032663,-0.0138457995,nan,0.1,0.021472946,0.014456658,0.05193272,0.032131974,inf,inf,inf,inf,1,1,1,1,2,1,1,1,1,0,0,1,0
30689363,30684386,0,nan,nan,0.0034715347,0.0070316154,-0.061466783,0.009514783,-0.01459045,0.113960005,-0.016925987,0.018807244,0.011439083,0.0061612725,-0.0025048004,0.0047038076,-0.0029560828,-0.043829672,-0.059830222,0.26484716,0.103185706,-0.0138457995,nan,0.1,0.021650536,0.014581703,0.052004423,0.032201927,inf,inf,inf,inf,1,1,1,1,2,1,1,1,1,0,0,1,0
30788304,30788001,0,nan,nan,0.0045715803,0.006391643,-0.061393455,0.009514783,-0.01459045,0.113960005,-0.014194502,0.019932456,0.010859748,0.005348535,-0.0025048004,0.0047038076,-0.0029560828,0.05399,0.4886785,-0.106908076,0.103019625,-0.0138457995,nan,0.1,0.022313049,0.015002666,0.052757934,0.032604665,inf,inf,inf,inf,1,1,1,1,2,1,1,1,1,0,0,1,0
30878413,30878098,0,nan,nan,0.0056272754,0.005822281,-0.06146096,0.009514783,-0.01459045,0.113960005,-0.013153725,0.017365977,0.008872677,0.003158722,-0.0025048004,0.0047038076,-0.0029560828,-0.30795595,-0.5662663,-0.2088945,0.10308402,-0.0138457995,nan,0.1,0.022458859,0.015109553,0.052786097,0.03263237,inf,inf,inf,inf,1,1,1,1,2,1,1,1,1,0,0,1,0
30980689,30980206,0,nan,nan,0.006845084,0.005209101,-0.06160511,0.009514783,-0.01459045,0.113960005,-0.010173996,0.017111754,0.01084514,0.004871205,-0.0025048004,0.0047038076,-0.0029560828,0.16117929,0.24224484,0.38307852,0.10289659,-0.0138457995,nan,0.1,0.02099852,0.014218231,0.050966185,0.031576905,inf,inf,inf,inf,1,1,1,1,2,1,1,1,1,0,0,1,0
31085643,31085321,0,nan,nan,0.007963698,0.0046135145,-0.061761882,0.009514783,-0.01459045,0.113960005,-0.011574532,0.014613238,0.008860288,0.0026329076,-0.0025048004,0.0047038076,-0.0029560828,-0.19991083,-0.16888337,-0.13744949,0.10298962,-0.0138457995,nan,0.1,0.02184181,0.014726684,0.05231725,0.03230473,inf,inf,inf,inf,1,1,1,1,2,1,1,1,1,0,0,1,0
31177288,31176965,0,nan,nan,0.009029181,0.003934114,-0.062032316,0.009514783,-0.01459045,0.113960005,-0.0075658318,0.01984591,0.010682653,0.004270734,-0.0025048004,0.0047038076,-0.0029560828,0.5282746,1.1906371,0.20814778,0.102884255,-0.0138457995,nan,0.1,0.021574097,0.014557183,0.052067865,0.032140974,inf,inf,inf,inf,1,1,1,1,2,1,1,1,1,0,0,1,0
31286986,31286539,0,nan,nan,0.009970506,0.0034263108,-0.06215859,0.009514783,-0.01459045,0.113960005,-0.0064327815,0.01822338,0.01075782,0.004218441,-0.0025048004,0.0047038076,-0.0029560828,0.5262786,0.96693605,0.25559318,0.102803186,-0.0138457995,nan,0.1,0.021560784,0.014548904,0.051956635,0.032100763,inf,inf,inf,inf,1,1,1,1,2,1,1,1,1,0,0,1,0
31385952,31385646,0,nan,nan,0.010712724,0.0030309467,-0.062264934,0.009514783,-0.01459045,0.113960005,-0.0067426744,0.016518338,0.010184629,0.003505797,-0.0025048004,0.0047038076,-0.0029560828,0.009309113,0.26639786,-0.121883854,0.1027238,-0.0138457995,nan,0.1,0.021294266,0.0143829,0.051661726,0.031957924,inf,inf,inf,inf,1,1,1,1,2,1,1,1,1,0,0,1,0
31485267,31484799,0,nan,nan,0.011389664,0.0026622654,-0.062435534,0.009514783,-0.01459045,0.113960005,-0.006121586,0.015191232,0.009057871,0.0022703428,-0.0025048004,0.0047038076,-0.0029560828,-0.16995794,0.07157301,-0.3338544,0.10269975,-0.0138457995,nan,0.1,0.021176942,0.014302615,0.051644783,0.031949945,inf,inf,inf,inf,1,1,1,1,2,1,1,1,1,0,0,1,0
31582895,31582405,0,nan,nan,0.011876728,0.0023473236,-0.062581904,0.009514783,-0.01459045,0.113960005,-0.006394693,0.0144445235,0.007962532,0.0011497986,-0.0025048004,0.0047038076,-0.0029560828,0.10830898,0.28967297,-0.06625011,0.10262377,-0.0138457995,nan,0.1,0.021778233,0.014680384,0.052352946,0.032325495,inf,inf,inf,inf,1,1,1,1,2,1,1,1,1,0,0,1,0
31681777,31681467,0,nan,nan,0.012213657,0.0019862067,-0.0627825,0.009514783,-0.01459045,0.113960005,-0.0071262694,0.012152135,0.0065339003,-0.00031147746,-0.0025048004,0.0047038076,-0.0029560828,-0.27591157,-0.3418924,-0.2895624,0.10263584,-0.0138457995,nan,0.1,0.022350755,0.015041459,0.052867185,0.032685664,inf,inf,inf,inf,1,1,1,1,2,1,1,1,1,0,0,1,0
31783891,31783578,0,nan,nan,0.012380393,0.0015949758,-0.06302612,0.009514783,-0.01459045,0.113960005,-0.0072651682,0.010133768,0.008403565,0.0015115577,-0.0025048004,0.0047038076,-0.0029560828,-0.056907177,-0.27003184,0.29858422,0.10251362,-0.0138457995,nan,0.1,0.021828208,0.014731246,0.052095152,0.0322819,inf,inf,inf,inf,1,1,1,1,2,1,1,1,1,0,0,1,0
31877001,31876684,0,nan,nan,0.012440617,0.001252656,-0.06323756,0.009514783,-0.01459045,0.113960005,-0.007119084,0.010379772,0.0067398646,-0.00018062489,-0.0025048004,0.0047038076,-0.0029560828,-0.32708877,-0.5791117,-0.1413813,0.10262094,-0.0138457995,nan,0.1,0.022042533,0.01486774,0.05238698,0.0324406,inf,inf,inf,inf,1,1,1,1,2,1,1,1,1,0,0,1,0
31986602,31984796,0,nan,nan,0.012475332,0.0006543109,-0.06358318,0.009514783,-0.01459045,0.113960005,-0.0074165203,0.0089024315,0.006084728,-0.0008460045,-0.0025048004,0.0047038076,-0.0029560828,-0.38174245,-0.50859314,-0.1958215,0.102526136,-0.0138457995,nan,0.1,0.022065958,0.014879355,0.052572895,0.03250502,inf,inf,inf,inf,1,1,1,1,2,1,1,1,1,0,0,1,0
32081222,32080903,0,nan,nan,0.012425037,0.00011535718,-0.06390962,0.009514783,-0.01459045,0.113960005,-0.0052236994,0.01128119,0.005409543,-0.0014957516,-0.0025048004,0.0047038076,-0.0029560828,0.2861441,0.47215736,0.0824407,0.10244192,-0.0138457995,nan,0.1,0.021463681,0.014497498,0.05202697,0.03214624,inf,inf,inf,inf,1,1,1,1,2,1,1,1,1,0,0,1,0
32187959,32187517,0,nan,nan,0.012383943,-0.0005692342,-0.06440076,0.009514783,-0.01459045,0.113960005,-0.0070004943,0.008724223,0.005675645,-0.0011547587,-0.0025048004,0.0047038076,-0.0029560828,0.45812246,0.46560574,0.31087643,0.102318585,-0.0138457995,nan,0.1,0.020814033,0.014080136,0.051397737,0.031761676,inf,inf,inf,inf,1,1,1,1,2,1,1,1,1,0,0,1,0
32279626,32279116,0,nan,nan,0.012256804,-0.0010794537,-0.06480206,0.009514783,-0.01459045,0.113960005,-0.009964619,0.004687657,0.0026834155,-0.004047709,-0.0025048004,0.0047038076,-0.0029560828,-0.7118542,-0.74684745,-0.28474763,0.102243684,-0.0138457995,nan,0.1,0.02045649,0.01384551,0.051078387,0.031556804,inf,inf,inf,inf,1,1,1,1,2,1,1,1,1,0,0,1,0
32387681,32387233,0,nan,nan,0.012046898,-0.0016661389,-0.06535671,0.009514783,-0.01459045,0.113960005,-0.008710334,0.0074650864,0.002147857,-0.0044199536,-0.0025048004,0.0047038076,-0.0029560828,-0.04986546,0.25302622,-0.0061137,0.102120966,-0.0138457995,nan,0.1,0.020881962,0.014093811,0.05166114,0.03191886,inf,inf,inf,inf,1,1,1,1,2,1,1,1,1,0,0,1,0
32477648,32477333,0,nan,nan,0.0117567675,-0.0021160776,-0.065847754,0.009514783,-0.01459045,0.113960005,-0.010606536,0.0037682466,0.00069091417,-0.0057038395,-0.0025048004,0.0047038076,-0.0029560828,-0.20586497,-0.54111004,-0.08392159,0.1019885,-0.0138457995,nan,0.1,0.021383101,0.014401048,0.05229072,0.03225827,inf,inf,inf,inf,1,1,1,1,2,1,1,1,1,0,0,1,0
32584246,32579442,0,nan,nan,0.011268802,-0.0024875663,-0.066358864,0.009514783,-0.01459045,0.113960005,-0.010620271,0.008576429,0.0006420547,-0.0055172862,-0.0025048004,0.0047038076,-0.0029560828,0.48344576,0.9274778,-0.106567845,0.101800054,-0.0138457995,nan,0.10017838,0.022219127,0.014916749,0.053205036,0.032801583,inf,inf,inf,inf,1,1,1,1,2,1,1,1,1,0,0,1,0
32680391,32680051,0,nan,nan,0.010757328,-0.0026990154,-0.066896416,0.009514783,-0.01459045,0.113960005,-0.011109542,0.00635306,-0.0006063011,-0.0065026423,-0.0025048004,0.0047038076,-0.0029560828,0.05422691,-0.13020869,-0.09762224,0.101606466,-0.0138457995,nan,0.100429595,0.021894341,0.014732618,0.05256671,0.032479003,inf,inf,inf,inf,1,1,1,1,2,1,1,1,1,0,0,1,0
32785474,32785165,0,nan,nan,0.01017393,-0.0027674895,-0.06740201,0.009514783,-0.01459045,0.113960005,-0.014240654,0.006331471,-1.889377e-06,-0.005592028,-0.0025048004,0.0047038076,-0.0029560828,-0.36140984,-0.23856257,0.10749208,0.101488315,-0.0138457995,nan,0.10076169,0.021697614,0.014615392,0.05234952,0.032327063,inf,inf,inf,inf,1,1,1,1,2,1,1,1,1,0,0,1,0
32880087,32879770,0,nan,nan,0.009659328,-0.0028501006,-0.06785577,0.009514783,-0.01459045,0.113960005,-0.014388096,0.00365575,-0.0012467301,-0.006488005,-0.0025048004,0.0047038076,-0.0029560828,0.10084037,-0.6395911,0.16105318,0.10153957,-0.0138457995,nan,0.10101852,0.021470578,0.014479452,0.05199757,0.032144412,inf,inf,inf,inf,1,1,1,1,2,1,1,1,1,0,0,1,0
32986920,32986429,0,nan,nan,0.009122173,-0.0029055525,-0.0682981,0.009514783,-0.01459045,0.113960005,-0.015382185,0.004324311,-0.002780626,-0.0076039215,-0.0025048004,0.0047038076,-0.0029560828,-0.29405874,-0.08318863,-0.12555952,0.10128384,-0.0138457995,nan,0.10133468,0.020090187,0.013613402,0.050395463,0.031233288,inf,inf,inf,inf,1,1,1,1,2,1,1,1,1,0,0,1,0
33085791,33085491,0,nan,nan,0.008648221,-0.0027934415,-0.068703994,0.009514783,-0.01459045,0.113960005,-0.015880065,0.005038323,-0.0033592593,-0.007790314,-0.0025048004,0.0047038076,-0.0029560828,-0.048534352,-1.3844098,-0.22266759,0.102390945,-0.0138457995,nan,0.10168615,0.021229913,0.014298717,0.053653818,0.032194946,inf,inf,inf,inf,1,1,1,1,2,1,1,1,1,0,0,1,0
33183394,33178592,0,nan,nan,0.008221582,-0.0025907503,-0.06902435,0.009514783,-0.01459045,0.113960005,-0.014685479,0.009991703,-0.0039364137,-0.008008914,-0.0025048004,0.0047038076,-0.0029560828,-0.1881998,-1.4579344,-0.59043145,0.102221385,-0.0138457995,nan,0.1020065,0.021014525,0.014105545,0.06376524,0.0319635,inf,inf,inf,inf,1,1,1,1,2,1,1,1,1,0,0,1,0
33282522,33282206,0,nan,nan,0.00798713,-0.002460707,-0.069371186,0.009514783,-0.01459045,0.113960005,-0.014114167,0.011489923,-0.00086231815,-0.004482069,-0.0025048004,0.0047038076,-0.0029560828,-0.31635985,0.5282868,0.43581778,0.096902564,-0.0138457995,nan,0.10235334,0.022208907,0.014371308,0.083602436,0.032277007,inf,inf,inf,inf,1,1,1,1,2,1,1,1,1,0,0,1,0
33381618,33381311,0,nan,nan,0.007914574,-0.002652749,-0.069734156,0.009514783,-0.01459045,0.113960005,-0.014008651,-0.003560358,-0.0056720506,-0.008850743,-0.0025048004,0.0047038076,-0.0029560828,-0.36758715,-0.30243903,-0.9447233,0.09437586,-0.0138457995,nan,0.10271631,0.022737755,0.013880434,0.098020434,0.03171112,inf,inf,inf,inf,1,1,1,1,2,1,1,1,1,0,0,1,0
33485243,33484924,0,nan,nan,0.007783992,-0.004033585,-0.070381895,0.009514783,-0.01459045,0.113960005,-0.020492038,-0.018778441,-0.010622749,-0.013395839,-0.0025048004,0.0047038076,-0.0029560828,0.018736295,-0.3678171,0.44561505,0.087284364,-0.0138457995,nan,0.10336405,0.025803275,0.014428512,0.11054803,0.03230561,inf,inf,inf,inf,1,1,1,1,2,1,1,1,1,0,0,1,0
33584339,33584031,0,nan,nan,0.007180021,-0.009335987,-0.07336133,0.009514783,-0.01459045,0.113960005,-0.02960338,-0.068056375,-0.05777745,-0.060190536,-0.0025048004,0.0047038076,-0.0029560828,0.019253649,-1.1067355,-0.87103367,0.07231831,-0.0138457995,nan,0.106343485,0.027148858,0.014391602,0.11273683,0.032194912,inf,inf,inf,inf,1,1,1,1,2,1,1,1,1,0,0,1,0
33686573,33681637,0,nan,nan,0.005074296,-0.019569628,-0.082336426,0.009514783,-0.01459045,0.113960005,-0.04990589,-0.112712905,-0.13277397,-0.13491163,-0.0025048004,0.0047038076,-0.0029560828,-0.77643603,0.14279482,0.06307418,0.05503413,-0.0138457995,nan,0.11531858,0.027803406,0.014358478,0.109216705,0.032105505,inf,inf,inf,inf,1,1,1,1,2,1,1,1,1,0,0,1,0
33782639,33782294,0,nan,nan,0.0010907535,-0.034881894,-0.10029655,0.009514783,-0.01459045,0.113960005,-0.05441323,-0.14208084,-0.22520508,-0.22748324,-0.0025048004,0.0047038076,-0.0029560828,0.8552996,-0.18773502,-0.13079779,0.04429577,-0.0138457995,nan,0.1332787,0.030032177,0.014918722,0.10835502,0.032733668,inf,inf,inf,inf,1,1,1,1,2,1,1,1,1,0,0,1,0
33889197,33884356,0,nan,nan,-0.0048635374,-0.055570558,-0.12959051,0.009514783,-0.01459045,0.113960005,-0.06980468,-0.19919185,-0.3233627,-0.3266759,-0.0025048004,0.0047038076,-0.0029560828,-1.038281,-0.98785716,-1.158647,0.031757638,-0.0138457995,nan,0.16257267,0.028929073,0.014769899,0.09837528,0.03247298,inf,inf,inf,inf,1,1,1,1,2,1,1,1,1,0,0,1,0
33974774,33972954,0,nan,nan,-0.011430644,-0.07686632,-0.16386376,0.009514783,-0.01459045,0.113960005,-0.071747586,-0.22442517,-0.39186895,-0.3974624,-0.0025048004,0.0047038076,-0.0029560828,-0.15293992,0.026323104,-2.4635122,0.023969112,-0.0138457995,nan,0.19684592,0.025678096,0.013909194,0.085543305,0.03149045,inf,inf,inf,inf,1,1,1,1,2,1,1,1,1,0,0,1,0
34089010,34084073,0,nan,nan,-0.021322574,-0.103521146,-0.21580091,0.009514783,-0.01459045,0.113960005,-0.08350927,-0.19186509,-0.43697765,-0.44694114,-0.0025048004,0.0047038076,-0.0029560828,-0.68670595,-0.28922868,-0.87785447,0.01812613,-0.0138457995,nan,0.24878307,0.023804586,0.013318239,0.07688087,0.031023126,inf,inf,inf,inf,1,1,1,1,2,1,1,1,1,0,0,1,0
34184990,34184685,0,nan,nan,-0.03131457,-0.12457362,-0.2641639,0.009514783,-0.01459045,0.113960005,-0.08699046,-0.1889781,-0.410517,-0.42483053,-0.0025048004,0.0047038076,-0.0029560828,-0.8034633,-0.87814283,1.2055395,0.01043086,-0.0138457995,nan,0.29714608,0.024238858,0.013567849,0.07412114,0.031471997,inf,inf,inf,inf,1,1,1,1,2,1,1,1,1,0,0,1,0
34284278,34283790,0,nan,nan,-0.040978868,-0.14182375,-0.30960703,0.009514783,-0.01459045,0.113960005,-0.07398402,-0.15487446,-0.37477988,-0.392747,-0.0025048004,0.0047038076,-0.0029560828,0.97810656,2.5729244,0.80618376,0.0045926054,-0.0138457995,nan,0.3425892,0.023192571,0.013334832,0.068661995,0.031261656,inf,inf,inf,inf,1,1,1,1,2,1,1,1,1,0,0,1,0
34384845,34384396,0,nan,nan,-0.049178444,-0.15450537,-0.35066888,0.009514783,-0.01459045,0.113960005,-0.05969254,-0.12650828,-0.33683905,-0.35661942,-0.0025048004,0.0047038076,-0.0029560828,-0.28518596,-0.14274684,-0.18206818,0.0063923774,-0.0138457995,nan,0.38365102,0.022311412,0.01314538,0.064181715,0.03106845,inf,inf,inf,inf,1,1,1,1,2,1,1,1,1,0,0,1,0
34485306,34485005,0,nan,nan,-0.054982297,-0.16301276,-0.3862066,0.009514783,-0.01459045,0.113960005,-0.044894557,-0.12105178,-0.30336288,-0.3228022,-0.0025048004,0.0047038076,-0.0029560828,-0.7789798,-1.3764046,0.55305403,0.0017184573,-0.0138457995,nan,0.295195,0.022639548,0.013446606,0.062474366,0.03145952,inf,inf,inf,inf,1,1,1,1,2,1,1,1,1,0,0,1,1
34588928,34588616,0,nan,nan,-0.058319505,-0.16861044,-0.41771913,0.009514783,-0.01459045,0.113960005,-0.025901964,-0.084745556,-0.27874982,-0.2961222,-0.0025048004,0.0047038076,-0.0029560828,-0.54876584,1.9686986,0.25400093,-0.0019246666,-0.0138457995,nan,0.3203359,0.025336582,0.014781656,0.06503302,0.033025865,inf,inf,inf,inf,1,1,1,1,2,1,1,1,1,0,0,1,1
34677562,34677251,0,nan,nan,-0.05916646,-0.17104654,-0.44092003,0.009514783,-0.01459045,0.113960005,-0.009210216,-0.06879294,-0.2585702,-0.2724503,-0.0025048004,0.0047038076,-0.0029560828,0.39622888,0.62255174,0.23559968,-0.0024622683,-0.0138457995,nan,0.3487113,0.025365736,0.01507815,0.06276679,0.033100348,inf,inf,inf,inf,1,1,1,1,2,1,1,1,1,0,0,1,1
34781182,34780869,0,nan,nan,-0.057711307,-0.17143376,-0.46289545,0.009514783,-0.01459045,0.113960005,0.005344165,-0.060759872,-0.23663913,-0.24533802,-0.0025048004,0.0047038076,-0.0029560828,-0.47840974,-1.3357899,-0.55096537,0.0005153123,-0.0138457995,nan,0.37812516,0.024226226,0.014849943,0.05882975,0.032537773,inf,inf,inf,inf,1,1,1,1,2,1,1,1,1,0,0,1,1
34889385,34888939,0,nan,nan,-0.05354792,-0.16897246,-0.48107925,0.009514783,-0.01459045,0.113960005,0.027150363,-0.01762817,-0.20946251,-0.21141306,-0.0025048004,0.0047038076,-0.0029560828,0.7186957,2.2138884,0.08148093,-0.0054312823,-0.0138457995,nan,0.39935273,0.022731934,0.014337492,0.055124268,0.031839352,inf,inf,inf,inf,1,1,1,1,2,1,1,1,1,0,0,1,1
34988541,34988046,0,nan,nan,-0.048288893,-0.16459107,-0.49446154,0.009514783,-0.01459045,0.113960005,0.03401695,-0.0006270753,-0.18856138,-0.18436094,-0.0025048004,0.0047038076,-0.0029560828,0.47381592,-0.64320797,1.2463846,-0.0016200291,-0.0138457995,nan,0.4183899,0.022244042,0.0142341275,0.053521357,0.03171541,inf,inf,inf,inf,1,1,1,1,2,1,1,1,1,0,0,1,1
35081489,35081191,0,nan,nan,-0.04260358,-0.15978818,-0.50575143,0.009514783,-0.01459045,0.113960005,0.037822336,0.004917398,-0.18434559,-0.17529422,-0.0025048004,0.0047038076,-0.0029560828,0.2194288,-1.7204071,0.67438823,-0.0019074515,-0.0138457995,nan,0.44103014,0.022540782,0.014507795,0.053374182,0.03207108,inf,inf,inf,inf,1,1,1,1,2,1,1,1,1,0,0,1,1
35186628,35186304,0,nan,nan,-0.035748728,-0.15411639,-0.51719457,0.009514783,-0.01459045,0.113960005,0.045515843,0.013347307,-0.1785136,-0.16468886,-0.0025048004,0.0047038076,-0.0029560828,1.1550317,2.2066076,1.4385712,-0.0074936524,-0.0138457995,nan,0.45872352,0.02249341,0.014617734,0.052659966,0.032214887,inf,inf,inf,inf,1,1,1,1,2,1,1,1,1,0,0,1,1
35284216,35283912,0,nan,nan,-0.029728215,-0.1491202,-0.52897525,0.009514783,-0.01459045,0.113960005,0.043952733,0.02955857,-0.18767345,-0.17082675,-0.0025048004,0.0047038076,-0.0029560828,-0.026442042,0.17523141,0.020372754,-0.0053555253,-0.0138457995,nan,0.47560722,0.022080284,0.014494193,0.051644012,0.03209077,inf,inf,inf,inf,1,1,1,1,2,1,1,1,1,0,0,1,1
35383297,35382969,0,nan,nan,-0.024152467,-0.14432156,-0.54212874,0.009514783,-0.01459045,0.113960005,0.042576037,0.02247749,-0.18940309,-0.17094398,-0.0025048004,0.0047038076,-0.0029560828,-0.6225804,-1.4608976,-0.08705053,-0.00406657,-0.0138457995,nan,0.49288067,0.022618307,0.014905735,0.051867742,0.03252691,inf,inf,inf,inf,1,1,1,1,2,1,1,1,1,0,0,1,1
35485374,35480574,0,nan,nan,-0.019490879,-0.1398527,-0.5566367,0.009514783,-0.01459045,0.113960005,0.04018251,0.028862022,-0.18964109,-0.17098862,-0.0025048004,0.0047038076,-0.0029560828,0.52040213,0.3384812,0.002512959,-0.008249967,-0.0138457995,nan,0.509599,0.022048064,0.014665945,0.05070461,0.032219853,inf,inf,inf,inf,1,1,1,1,2,1,1,1,1,0,0,1,1
35581493,35581181,0,nan,nan,-0.015701985,-0.1357877,-0.5728186,0.009514783,-0.01459045,0.113960005,0.039921455,0.044502586,-0.18703368,-0.16923153,-0.0025048004,0.0047038076,-0.0029560828,0.41102052,1.9007983,0.8218331,-0.008713507,-0.0138457995,nan,0.53011316,0.02262438,0.015085737,0.05120645,0.03271428,inf,inf,inf,inf,1,1,1,1,2,1,1,1,1,0,0,1,1
35688224,35683290,0,nan,nan,-0.0125403935,-0.1317563,-0.59057325,0.009514783,-0.01459045,0.113960005,0.036278713,0.038343873,-0.18830162,-0.17206265,-0.0025048004,0.0047038076,-0.0029560828,0.5610701,-0.46477082,1.0603211,-0.004917608,-0.0138457995,nan,0.54789585,0.021763,0.014648215,0.049593028,0.032057304,inf,inf,inf,inf,1,1,1,1,2,1,1,1,1,0,0,1,1
35784233,35783898,0,nan,nan,-0.010222436,-0.12940517,-0.6093688,0.009514783,-0.01459045,0.113960005,0.032863494,0.019158963,-0.19444086,-0.18072978,-0.0025048004,0.0047038076,-0.0029560828,-0.6867508,0.1494475,0.62049127,-0.008242139,-0.0138457995,nan,0.5665347,0.022234742,0.014993292,0.050075002,0.032489736,inf,inf,inf,inf,1,1,1,1,2,1,1,1,1,0,0,1,1
35886320,35886008,0,nan,nan,-0.00840193,-0.1285474,-0.63042575,0.009514783,-0.01459045,0.113960005,0.038460396,0.029746927,-0.19222909,-0.18186426,-0.0025048004,0.0047038076,-0.0029560828,0.17485891,1.2779838,-0.6897794,-0.0074304575,-0.0138457995,nan,0.5923102,0.021052228,0.014292956,0.04877964,0.03188791,inf,inf,inf,inf,1,1,1,1,2,1,1,1,1,0,0,1,1
35983910,35983612,0,nan,nan,-0.006950882,-0.12836644,-0.65048873,0.009514783,-0.01459045,0.113960005,0.03962187,0.02825967,-0.17686762,-0.17005913,-0.0025048004,0.0047038076,-0.0029560828,0.21070793,-0.50070006,-0.2368352,-0.005503831,-0.0138457995,nan,0.6163551,0.020325713,0.01385408,0.04812703,0.03162975,inf,inf,inf,inf,1,1,1,1,2,1,1,1,1,0,0,1,1
36077164,36076709,0,nan,nan,-0.005498177,-0.12788352,-0.6690755,0.009514783,-0.01459045,0.113960005,0.03467381,0.023966908,-0.17225383,-0.1684078,-0.0025048004,0.0047038076,-0.0029560828,-0.18349849,-0.34964547,-0.33616528,-0.006296801,-0.0138457995,nan,0.63541913,0.020074615,0.013713988,0.047858324,0.03154361,inf,inf,inf,inf,1,1,1,1,2,1,1,1,1,0,0,1,1
36186661,36186325,0,nan,nan,-0.00388974,-0.12692906,-0.6901212,0.009514783,-0.01459045,0.113960005,0.04024325,0.044376157,-0.15276515,-0.15204377,-0.0025048004,0.0047038076,-0.0029560828,0.9685689,0.73107725,1.1916499,-0.0068452316,-0.0138457995,nan,0.6562796,0.021335533,0.014544514,0.049333356,0.032532483,inf,inf,inf,inf,1,1,1,1,2,1,1,1,1,0,0,1,1
36278234,36277922,0,nan,nan,-0.0022353018,-0.12524796,-0.7067078,0.009514783,-0.01459045,0.113960005,0.037854247,0.051329233,-0.15108953,-0.1523186,-0.0025048004,0.0047038076,-0.0029560828,-0.8458312,0.38192216,-0.7037712,-0.004920161,-0.0138457995,nan,0.675568,0.021741502,0.014832821,0.0496366,0.032768153,inf,inf,inf,inf,1,1,1,1,2,1,1,1,1,0,0,1,1
36386350,36386037,0,nan,nan,-0.00013792152,-0.12265835,-0.7249993,0.009514783,-0.01459045,0.113960005,0.04119641,0.045695696,-0.13842839,-0.14160292,-0.0025048004,0.0047038076,-0.0029560828,-0.4386063,1.2456572,-1.1231308,-0.006974841,-0.0138457995,nan,0.7000485,0.020952104,0.014357388,0.048374355,0.032117378,inf,inf,inf,inf,1,1,1,1,2,1,1,1,1,0,0,1,1
36485495,36485188,0,nan,nan,0.0020061545,-0.120183304,-0.7408467,0.009514783,-0.01459045,0.113960005,0.0390537,0.046162292,-0.12699293,-0.13164663,-0.0025048004,0.0047038076,-0.0029560828,-0.7285509,1.9279695,0.079765186,-0.0063277464,-0.0138457995,nan,0.71813554,0.020833256,0.014300126,0.04816702,0.032037273,inf,inf,inf,inf,1,1,1,1,2,1,1,1,1,0,0,1,1
36586184,36585749,0,nan,nan,0.0042090267,-0.11817042,-0.7558823,0.009514783,-0.01459045,0.113960005,0.036099903,0.031800464,-0.12505332,-0.1308722,-0.0025048004,0.0047038076,-0.0029560828,-0.35201848,-0.43478584,-0.3420219,-0.0035237721,-0.0138457995,nan,0.739251,0.020705208,0.014235032,0.04786002,0.031927492,inf,inf,inf,inf,1,1,1,1,2,1,1,1,1,0,0,1,1
36685158,36684854,0,nan,nan,0.0066066636,-0.11727765,-0.76976293,0.009514783,-0.01459045,0.113960005,0.038233723,0.01517465,-0.11207457,-0.11876445,-0.0025048004,0.0047038076,-0.0029560828,-0.2768764,-0.2037312,-0.52695847,-0.0048912694,-0.0138457995,nan,0.75689614,0.021515803,0.014777556,0.048827853,0.032567,inf,inf,inf,inf,1,1,1,1,2,1,1,1,1,0,0,1,1
36778442,36777997,0,nan,nan,0.009182138,-0.1171015,-0.7816187,0.009514783,-0.01459045,0.113960005,0.036200386,0.012633409,-0.10303692,-0.11042228,-0.0025048004,0.0047038076,-0.0029560828,-0.44098076,1.081432,0.84956926,-0.0053671254,-0.0138457995,nan,0.7682241,0.020849088,0.014361764,0.04780585,0.03197732,inf,inf,inf,inf,1,1,1,1,2,1,1,1,1,0,0,1,1
36887881,36887567,0,nan,nan,0.01258571,-0.117691875,-0.7947923,0.009514783,-0.01459045,0.113960005,0.041832432,0.0066249436,-0.095141225,-0.10342778,-0.0025048004,0.0047038076,-0.0029560828,-0.20328946,-1.0497357,0.23686868,-0.0029332337,-0.0138457995,nan,0.78498375,0.020325605,0.0140256835,0.04726477,0.03168277,inf,inf,inf,inf,1,1,1,1,2,1,1,1,1,0,0,1,1
36989985,36985171,0,nan,nan,0.016044907,-0.118944004,-0.80596113,0.009514783,-0.01459045,0.113960005,0.043888867,0.00097589206,-0.08175298,-0.09077651,-0.0025048004,0.0047038076,-0.0029560828,0.5451276,0.86985457,1.7639762,-0.0043627424,-0.0138457995,nan,0.79915535,0.02047279,0.01412484,0.047652707,0.031918064,inf,inf,inf,inf,1,1,1,1,2,1,1,1,1,0,0,1,1
37075575,37073764,0,nan,nan,0.019378658,-0.119908445,-0.815497,0.009514783,-0.01459045,0.113960005,0.040453408,-0.002823981,-0.085528776,-0.095145404,-0.0025048004,0.0047038076,-0.0029560828,-0.35501704,-0.5940788,0.7464883,-0.004730544,-0.0138457995,nan,0.8115166,0.020243427,0.0139771765,0.047398806,0.03178573,inf,inf,inf,inf,1,1,1,1,2,1,1,1,1,0,0,1,1
37188189,37187884,0,nan,nan,0.023966629,-0.12088608,-0.8265659,0.009514783,-0.01459045,0.113960005,0.04653318,0.0023692888,-0.04962642,-0.059914164,-0.0025048004,0.0047038076,-0.0029560828,-0.32152265,-1.1603172,1.9089333,-0.0022933574,-0.0138457995,nan,0.82922006,0.020850252,0.01437906,0.048234608,0.032347396,inf,inf,inf,inf,1,1,1,1,2,1,1,1,1,0,0,1,1
37281333,37281028,0,nan,nan,0.02799939,-0.12168755,-0.8299597,0.009514783,-0.01459045,0.113960005,0.046269707,-0.00763022,0.014286538,0.0034957356,-0.0025048004,0.0047038076,-0.0029560828,-0.21629141,-0.76723284,-0.10200393,-0.0033446713,-0.0138457995,nan,0.83426493,0.020576386,0.014205494,0.047864057,0.032099716,inf,inf,inf,inf,1,1,1,1,2,1,1,1,1,0,0,1,1
37386480,37386139,0,nan,nan,0.032862492,-0.123609096,-0.8268388,0.009514783,-0.01459045,0.113960005,0.049392715,-0.011498896,0.07244901,0.061303154,-0.0025048004,0.0047038076,-0.0029560828,-0.23793253,-0.14451092,-1.0935422,-0.003818555,-0.0138457995,nan,0.8319275,0.020355333,0.014060819,0.047558907,0.03197755,inf,inf,inf,inf,1,1,1,1,2,1,1,1,1,0,0,1,1
37479501,37479191,0,nan,nan,0.03742811,-0.12634349,-0.81966627,0.009514783,-0.01459045,0.113960005,0.05196346,-0.0272211,0.10222433,0.09149813,-0.0025048004,0.0047038076,-0.0029560828,0.8130686,-0.17077908,1.1587129,-0.0027381442,-0.0138457995,nan,0.8301084,0.020821512,0.014379757,0.04790781,0.03223517,inf,inf,inf,inf,1,1,1,1,2,1,1,1,1,0,0,1,1
37578733,37576793,0,nan,nan,0.04237342,-0.13018988,-0.8096545,0.009514783,-0.01459045,0.113960005,0.04986386,-0.04609494,0.10703957,0.09756281,-0.0025048004,0.0047038076,-0.0029560828,0.48554298,-1.6058547,0.32977548,-0.0021060354,-0.0138457995,nan,0.82564133,0.0215409,0.014871633,0.048394814,0.03266188,inf,inf,inf,inf,1,1,1,1,2,1,1,1,1,0,0,1,1
37680891,37680402,0,nan,nan,0.047248267,-0.1352329,-0.79881734,0.009514783,-0.01459045,0.113960005,0.047800124,-0.053148497,0.10177683,0.09380052,-0.0025048004,0.0047038076,-0.0029560828,0.5841297,0.5388904,-0.2507477,-0.004487119,-0.0138457995,nan,0.819745,0.02192827,0.015150474,0.048521552,0.032724783,inf,inf,inf,inf,1,1,1,1,2,1,1,1,1,0,0,1,1
37778316,37778008,0,nan,nan,0.051821362,-0.1405493,-0.7886787,0.009514783,-0.01459045,0.113960005,0.042633433,-0.048669837,0.09290961,0.086382926,-0.0025048004,0.0047038076,-0.0029560828,-1.0916951,0.57456595,-0.60198087,-0.0025054994,-0.0138457995,nan,0.8116114,0.022503894,0.015542846,0.049239263,0.033120364,inf,inf,inf,inf,1,1,1,1,2,1,1,1,1,0,0,1,1
37886435,37886118,0,nan,nan,0.056712385,-0.1467628,-0.7784766,0.009514783,-0.01459045,0.113960005,0.03919278,-0.059720855,0.084577076,0.07897979,-0.0025048004,0.0047038076,-0.0029560828,-0.87472844,-0.32509997,-0.8221006,-0.002937125,-0.0138457995,nan,0.80305797,0.02319172,0.016009916,0.049853534,0.033493735,inf,inf,inf,inf,1,1,1,1,2,1,1,1,1,0,0,1,1
37985529,37985222,0,nan,nan,0.06083222,-0.15249696,-0.7707217,0.009514783,-0.01459045,0.113960005,0.040820375,-0.05257544,0.07568365,0.070051484,-0.0025048004,0.0047038076,-0.0029560828,0.8721992,0.72378516,-0.24883264,-0.003074321,-0.0138457995,nan,0.7975671,0.02332022,0.01610577,0.04982344,0.0334598,inf,inf,inf,inf,1,1,1,1,2,1,1,1,1,0,0,1,1
38089284,38088830,0,nan,nan,0.064361006,-0.1581369,-0.76557916,0.009514783,-0.01459045,0.113960005,0.031743485,-0.05232779,0.05887746,0.05221034,-0.0025048004,0.0047038076,-0.0029560828,0.092138216,-0.10237189,0.27763757,-0.0003381731,-0.0138457995,nan,0.7922855,0.021355703,0.01480505,0.047463533,0.031976134,inf,inf,inf,inf,1,1,1,1,2,1,1,1,1,0,0,1,1
38182258,38177423,0,nan,nan,0.066667214,-0.16265246,-0.7633777,0.009514783,-0.01459045,0.113960005,0.024878778,-0.054485474,0.053208914,0.0449394,-0.0025048004,0.0047038076,-0.0029560828,1.0901078,-0.3840946,2.2493963,-0.00053089357,-0.0138457995,nan,0.7881302,0.021515016,0.014904162,0.04797272,0.03224948,inf,inf,inf,inf,1,1,1,1,2,1,1,1,1,0,0,1,1
38285881,38285566,0,nan,nan,0.06863372,-0.16755188,-0.76246935,0.009514783,-0.01459045,0.113960005,0.015283285,-0.048448395,0.03953308,0.028930118,-0.0025048004,0.0047038076,-0.0029560828,0.2584709,0.2138236,0.35492346,-0.0022685279,-0.0138457995,nan,0.7847318,0.021370726,0.014798376,0.0481216,0.032250002,inf,inf,inf,inf,1,1,1,1,2,1,1,1,1,0,0,1,1
38389597,38389144,0,nan,nan,0.069594964,-0.17224768,-0.7630393,0.009514783,-0.01459045,0.113960005,0.006947272,-0.06306017,0.026584513,0.013741793,-0.0025048004,0.0047038076,-0.0029560828,-0.037643082,-0.8278001,0.27071762,0.00062747876,-0.0138457995,nan,0.78538686,0.021827953,0.015093367,0.04875909,0.03262531,inf,inf,inf,inf,1,1,1,1,2,1,1,1,1,0,0,1,1
38482586,38482287,0,nan,nan,0.069601186,-0.177509,-0.7651887,0.009514783,-0.01459045,0.113960005,0.000959173,-0.0814796,0.0104017425,-0.004380809,-0.0025048004,0.0047038076,-0.0029560828,0.22221115,-0.5602875,0.18387483,0.00049927976,-0.0138457995,nan,0.78717595,0.022930777,0.015817385,0.050063238,0.03343732,inf,inf,inf,inf,1,1,1,1,2,1,1,1,1,0,0,1,1
38580205,38579894,0,nan,nan,0.068851985,-0.18397288,-0.7691164,0.009514783,-0.01459045,0.113960005,-0.0064064856,-0.08311733,-8.737238e-05,-0.016876038,-0.0025048004,0.0047038076,-0.0029560828,-1.0602181,0.819865,-0.7520144,-0.0008003414,-0.0138457995,nan,0.78994995,0.023111835,0.015937934,0.05030818,0.033467695,inf,inf,inf,inf,1,1,1,1,2,1,1,1,1,0,0,1,1
38683764,38683451,0,nan,nan,0.06745396,-0.19118413,-0.7743592,0.009514783,-0.01459045,0.113960005,-0.009830326,-0.085081756,-0.0051061525,-0.02394374,-0.0025048004,0.0047038076,-0.0029560828,0.4906741,-0.35018128,0.6659287,0.003242103,-0.0138457995,nan,0.792307,0.022242004,0.015356628,0.049234096,0.032797914,inf,inf,inf,inf,1,1,1,1,2,1,1,1,1,0,0,1,1
38783106,38782600,0,nan,nan,0.06573518,-0.19819601,-0.7794629,0.009514783,-0.01459045,0.113960005,-0.011129978,-0.08928559,0.0016010946,-0.018883754,-0.0025048004,0.0047038076,-0.0029560828,0.690768,-0.68782955,0.5527303,0.0033414734,-0.0138457995,nan,0.79366964,0.021411719,0.014804626,0.048140276,0.03215217,inf,inf,inf,inf,1,1,1,1,2,1,1,1,1,0,0,1,1
38885097,38880202,0,nan,nan,0.06364901,-0.20459802,-0.7839433,0.009514783,-0.01459045,0.113960005,-0.013869843,-0.080091655,0.010110547,-0.011804859,-0.0025048004,0.0047038076,-0.0029560828,1.797137,1.4695597,0.6576606,0.0019570335,-0.0138457995,nan,0.79618835,0.0202229,0.014001646,0.047139876,0.031479925,inf,inf,inf,inf,1,1,1,1,2,1,1,1,1,0,0,1,1
38984216,38979259,0,nan,nan,0.061162975,-0.21093312,-0.78725135,0.009514783,-0.01459045,0.113960005,-0.025262458,-0.08111947,0.010934008,-0.01156806,-0.0025048004,0.0047038076,-0.0029560828,-1.3044024,-0.75963163,-0.2760113,0.0031794652,-0.0138457995,nan,0.80307066,0.02086782,0.014416452,0.048062317,0.03209057,inf,inf,inf,inf,1,1,1,1,2,1,1,1,1,0,0,1,1
39078817,39078364,0,nan,nan,0.058550816,-0.21727392,-0.78911185,0.009514783,-0.01459045,0.113960005,-0.027404694,-0.09030323,0.015681446,-0.006602649,-0.0025048004,0.0047038076,-0.0029560828,-0.3295719,-1.2406279,-0.20259014,0.0040205494,-0.0138457995,nan,0.80422515,0.021406522,0.014769837,0.048628084,0.032493804,inf,inf,inf,inf,1,1,1,1,2,1,1,1,1,0,0,1,1
39185418,39180513,0,nan,nan,0.05567271,-0.22399043,-0.78979725,0.009514783,-0.01459045,0.113960005,-0.02581169,-0.08589711,0.018132687,-0.0032551764,-0.0025048004,0.0047038076,-0.0029560828,0.9974056,0.94530684,0.45775455,0.0023279851,-0.0138457995,nan,0.80515736,0.020269394,0.014017634,0.047229663,0.03169462,inf,inf,inf,inf,1,1,1,1,2,1,1,1,1,0,0,1,1
39281385,39281073,0,nan,nan,0.05276222,-0.22994399,-0.78988194,0.009514783,-0.01459045,0.113960005,-0.035944767,-0.07532467,0.01538001,-0.004621017,-0.0025048004,0.0047038076,-0.0029560828,-1.2177199,-0.2498388,0.1582928,0.004909116,-0.0138457995,nan,0.8065066,0.020306403,0.014037479,0.047489867,0.03187517,inf,inf,inf,inf,1,1,1,1,2,1,1,1,1,0,0,1,1
39378975,39378673,0,nan,nan,0.04992774,-0.23527709,-0.78927857,0.009514783,-0.01459045,0.113960005,-0.031210583,-0.076586604,0.016347518,-0.0019726974,-0.0025048004,0.0047038076,-0.0029560828,0.15361655,-0.32347694,0.78888315,0.0058147586,-0.0138457995,nan,0.8068675,0.020385914,0.014087089,0.047789477,0.032021593,inf,inf,inf,inf,1,1,1,1,2,1,1,1,1,0,0,1,1
39487267,39486785,0,nan,nan,0.04718643,-0.24046491,-0.78829545,0.009514783,-0.01459045,0.113960005,-0.029411623,-0.0701071,0.01220873,-0.0041524153,-0.0025048004,0.0047038076,-0.0029560828,-0.60337275,0.29115963,-0.84483933,0.002791332,-0.0138457995,nan,0.808635,0.01999271,0.013825042,0.047277074,0.03172793,inf,inf,inf,inf,1,1,1,1,2,1,1,1,1,0,0,1,1
39578730,39578427,0,nan,nan,0.045042362,-0.24441448,-0.7870876,0.009514783,-0.01459045,0.113960005,-0.022139736,-0.05798963,0.020940572,0.0061134705,-0.0025048004,0.0047038076,-0.0029560828,1.6936977,1.5416324,1.2375103,0.0031224915,-0.0138457995,nan,0.7998342,0.020560393,0.014201099,0.047938768,0.032161906,inf,inf,inf,inf,1,1,1,1,2,1,1,1,1,0,0,1,1
39688451,39687993,0,nan,nan,0.042764053,-0.24826539,-0.78544813,0.009514783,-0.01459045,0.113960005,-0.025665348,-0.05550923,0.012335186,-0.0007671136,-0.0025048004,0.0047038076,-0.0029560828,-0.23672803,0.766034,-0.51952267,0.003526327,-0.0138457995,nan,0.7995653,0.02088717,0.014422292,0.048140183,0.032335687,inf,inf,inf,inf,1,1,1,1,2,1,1,1,1,0,0,1,1
39790400,39785594,0,nan,nan,0.040837202,-0.25087166,-0.78406847,0.009514783,-0.01459045,0.113960005,-0.026950778,-0.041422136,0.010905648,-0.0007813966,-0.0025048004,0.0047038076,-0.0029560828,-0.7287065,1.7803919,-0.1606855,0.0026132695,-0.0138457995,nan,0.79982084,0.021572914,0.01488376,0.04884088,0.032725245,inf,inf,inf,inf,1,1,1,1,2,1,1,1,1,0,0,1,1
39876007,39875690,0,nan,nan,0.03915719,-0.2524518,-0.78298825,0.009514783,-0.01459045,0.113960005,-0.02424331,-0.033902396,0.004994815,-0.00556391,-0.0025048004,0.0047038076,-0.0029560828,-0.503271,1.4702513,-1.6075159,0.0034777552,-0.0138457995,nan,0.799889,0.021727983,0.014996098,0.048745513,0.03266874,inf,inf,inf,inf,1,1,1,1,2,1,1,1,1,0,0,1,1
39984167,39983851,0,nan,nan,0.037489746,-0.25337142,-0.7820699,0.009514783,-0.01459045,0.113960005,-0.01677026,-0.034214858,0.013637593,0.004164601,-0.0025048004,0.0047038076,-0.0029560828,1.2127541,-1.0999588,1.0899299,0.004683336,-0.0138457995,nan,0.7908953,0.020978032,0.014501406,0.0478587,0.032132674,inf,inf,inf,inf,1,1,1,1,2,1,1,1,1,0,0,1,1
40083345,40082901,0,nan,nan,0.036546227,-0.25335747,-0.78140384,0.009514783,-0.01459045,0.113960005,-0.016449852,-0.020809775,0.0022890714,-0.0063809273,-0.0025048004,0.0047038076,-0.0029560828,-1.0187247,-0.5010402,-1.1482416,0.003262895,-0.0138457995,nan,0.79154253,0.020097395,0.013915109,0.04690254,0.031526282,inf,inf,inf,inf,1,1,1,1,2,1,1,1,1,0,0,1,1
40180951,40180503,0,nan,nan,0.03600731,-0.25245413,-0.78090835,0.009514783,-0.01459045,0.113960005,-0.012058712,-0.0075221416,0.003252647,-0.0047343164,-0.0025048004,0.0047038076,-0.0029560828,-0.7448736,0.07185966,-0.885326,0.0043126843,-0.0138457995,nan,0.79049665,0.020045323,0.0138800265,0.046836987,0.031509757,inf,inf,inf,inf,1,1,1,1,2,1,1,1,1,0,0,1,1
40283044,40278106,0,nan,nan,0.0358487,-0.2509096,-0.78036106,0.009514783,-0.01459045,0.113960005,-0.00831759,-0.007594678,0.008917324,0.0014763109,-0.0025048004,0.0047038076,-0.0029560828,-0.001735555,-0.95849276,0.3889927,0.004948386,-0.0138457995,nan,0.7902107,0.019506548,0.013514994,0.04643387,0.031241314,inf,inf,inf,inf,1,1,1,1,2,1,1,1,1,0,0,1,1
40379184,40378707,0,nan,nan,0.03579288,-0.2486032,-0.78002965,0.009514783,-0.01459045,0.113960005,-0.006038949,0.00725256,0.00504769,-0.0018771255,-0.0025048004,0.0047038076,-0.0029560828,-0.52093023,0.94430834,0.2057563,0.0034468342,-0.0138457995,nan,0.790413,0.019803895,0.013707699,0.046949066,0.031581674,inf,inf,inf,inf,1,1,1,1,2,1,1,1,1,0,0,1,1
40485629,40483815,0,nan,nan,0.035961445,-0.24516805,-0.7803076,0.009514783,-0.01459045,0.113960005,0.0023990734,0.019464703,0.00044118753,-0.0059225787,-0.0025048004,0.0047038076,-0.0029560828,1.5197698,-0.33019516,1.2765933,0.00583013,-0.0138457995,nan,0.7913258,0.02111433,0.014576837,0.04852729,0.03257541,inf,inf,inf,inf,1,1,1,1,2,1,1,1,1,0,0,1,1
40578864,40578412,0,nan,nan,0.036296967,-0.24170518,-0.780885,0.009514783,-0.01459045,0.113960005,-0.0015410463,0.021639006,-0.006626868,-0.012623715,-0.0025048004,0.0047038076,-0.0029560828,-0.9991109,-1.0354378,-0.5345035,0.0059068752,-0.0138457995,nan,0.7919244,0.01993812,0.013802822,0.046907663,0.03156128,inf,inf,inf,inf,1,1,1,1,2,1,1,1,1,0,0,1,1
40686842,40686523,0,nan,nan,0.036734685,-0.23715764,-0.7817844,0.009514783,-0.01459045,0.113960005,0.0037445629,0.037133943,-0.0072582397,-0.012907731,-0.0025048004,0.0047038076,-0.0029560828,0.36069956,1.3232216,0.14803784,0.005052524,-0.0138457995,nan,0.79239005,0.02120345,0.014642878,0.04851686,0.03252813,inf,inf,inf,inf,1,1,1,1,2,1,1,1,1,0,0,1,1
40785943,40785627,0,nan,nan,0.037123803,-0.23269948,-0.78338116,0.009514783,-0.01459045,0.113960005,0.009082265,0.030938786,-0.014540874,-0.019912783,-0.0025048004,0.0047038076,-0.0029560828,1.586677,-1.2358992,0.48131177,0.0065620635,-0.0138457995,nan,0.7932386,0.021133397,0.014598418,0.04830478,0.032389592,inf,inf,inf,inf,1,1,1,1,2,1,1,1,1,0,0,1,1
40879033,40878720,0,nan,nan,0.037586454,-0.2284968,-0.7854033,0.009514783,-0.01459045,0.113960005,0.004046911,0.02894529,-0.020602206,-0.025797294,-0.0025048004,0.0047038076,-0.0029560828,-0.49469745,-0.8869438,-0.10259453,0.006279861,-0.0138457995,nan,0.79425824,0.020686526,0.014304578,0.04763039,0.031982362,inf,inf,inf,inf,1,1,1,1,2,1,1,1,1,0,0,1,1
40978257,40977822,0,nan,nan,0.03793753,-0.22444399,-0.78739804,0.009514783,-0.01459045,0.113960005,0.0048444746,0.031737804,-0.0147183845,-0.01978923,-0.0025048004,0.0047038076,-0.0029560828,-0.7902882,1.2672592,-0.13724042,0.003909169,-0.0138457995,nan,0.79465044,0.02061628,0.014258165,0.04753803,0.031902947,inf,inf,inf,inf,1,1,1,1,2,1,1,1,1,0,0,1,1
41084746,41084432,0,nan,nan,0.038162816,-0.22018646,-0.7890998,0.009514783,-0.01459045,0.113960005,0.0014582231,0.039654374,-0.014292294,-0.019201213,-0.0025048004,0.0047038076,-0.0029560828,-1.137136,0.2191627,-0.07344876,0.0065037603,-0.0138457995,nan,0.7986309,0.020894827,0.014440063,0.04798596,0.03211487,inf,inf,inf,inf,1,1,1,1,2,1,1,1,1,0,0,1,1
41188351,41188038,0,nan,nan,0.03812854,-0.21638082,-0.7905062,0.009514783,-0.01459045,0.113960005,0.0028827195,0.031545755,-0.008399935,-0.013050295,-0.0025048004,0.0047038076,-0.0029560828,-0.25712508,-0.70499825,0.64379257,0.0059715756,-0.0138457995,nan,0.8033866,0.020071642,0.013889045,0.0470107,0.031517025,inf,inf,inf,inf,1,1,1,1,2,1,1,1,1,0,0,1,1
41286102,41285639,0,nan,nan,0.03762413,-0.21262261,-0.791334,0.009514783,-0.01459045,0.113960005,0.0037609534,0.04585923,-0.0072400863,-0.011544225,-0.0025048004,0.0047038076,-0.0029560828,0.8432143,0.9228551,0.2938401,0.006179609,-0.0138457995,nan,0.8033202,0.02016413,0.013946825,0.047227312,0.03164009,inf,inf,inf,inf,1,1,1,1,2,1,1,1,1,0,0,1,1
41389547,41384739,0,nan,nan,0.036682047,-0.20856859,-0.79211664,0.009514783,-0.01459045,0.113960005,-0.0037400338,0.044491854,-0.0096646715,-0.013522746,-0.0025048004,0.0047038076,-0.0029560828,0.23994292,-0.37829202,-0.24024968,0.009360855,-0.0138457995,nan,0.8032552,0.021805111,0.015029995,0.049124274,0.032834932,inf,inf,inf,inf,1,1,1,1,2,1,1,1,1,0,0,1,1
41484192,41483840,0,nan,nan,0.035186753,-0.20478357,-0.7927072,0.009514783,-0.01459045,0.113960005,-0.0048549725,0.03572344,-0.010919524,-0.014302102,-0.0025048004,0.0047038076,-0.0029560828,0.12234464,-0.49477145,-0.57868975,0.00940185,-0.0138457995,nan,0.80334765,0.02136266,0.0147474315,0.04826604,0.032330986,inf,inf,inf,inf,1,1,1,1,2,1,1,1,1,0,0,1,1
41581753,41581440,0,nan,nan,0.033187427,-0.20126683,-0.7932492,0.009514783,-0.01459045,0.113960005,-0.010759015,0.040355936,-0.0068266494,-0.009752334,-0.0025048004,0.0047038076,-0.0029560828,-0.60164505,0.73234004,0.07843863,0.009617108,-0.0138457995,nan,0.8033699,0.021164553,0.014616684,0.04807578,0.032208916,inf,inf,inf,inf,1,1,1,1,2,1,1,1,1,0,0,1,1
41681062,41680587,0,nan,nan,0.030748542,-0.19807528,-0.7936956,0.009514783,-0.01459045,0.113960005,-0.009696635,0.035326146,-0.008012901,-0.0105317235,-0.0025048004,0.0047038076,-0.0029560828,0.9269225,-0.3492952,0.3062524,0.012631584,-0.0138457995,nan,0.80330443,0.0208564,0.014417279,0.047601197,0.031938534,inf,inf,inf,inf,1,1,1,1,2,1,1,1,1,0,0,1,1
41787591,41787150,0,nan,nan,0.027592406,-0.19544557,-0.7946103,0.009514783,-0.01459045,0.113960005,-0.020361554,0.020649966,-0.014077381,-0.016231582,-0.0025048004,0.0047038076,-0.0029560828,-1.4347411,-0.7942565,-0.32268745,0.012169747,-0.0138457995,nan,0.8036314,0.020963063,0.014489319,0.047739528,0.03204722,inf,inf,inf,inf,1,1,1,1,2,1,1,1,1,0,0,1,1
41880563,41880246,0,nan,nan,0.02467205,-0.19406061,-0.79524404,0.009514783,-0.01459045,0.113960005,-0.016405627,0.016986148,-0.0036741109,-0.0056174607,-0.0025048004,0.0047038076,-0.0029560828,0.31743068,1.2251948,1.177611,0.011899374,-0.0138457995,nan,0.803546,0.02136204,0.014752546,0.04833726,0.032407943,inf,inf,inf,inf,1,1,1,1,2,1,1,1,1,0,0,1,1
41982806,41977845,0,nan,nan,0.02157568,-0.19439267,-0.7957178,0.009514783,-0.01459045,0.113960005,-0.015981033,-0.0021826846,-0.010724412,-0.012527933,-0.0025048004,0.0047038076,-0.0029560828,-0.6298012,-1.129378,-1.6302729,0.01400482,-0.0138457995,nan,0.80291176,0.0203211,0.014064446,0.04705367,0.031651415,inf,inf,inf,inf,1,1,1,1,2,1,1,1,1,0,0,1,1
42078804,42078493,0,nan,nan,0.018530488,-0.1967452,-0.79607517,0.009514783,-0.01459045,0.113960005,-0.017113475,-0.028692115,-0.0090449555,-0.010709854,-0.0025048004,0.0047038076,-0.0029560828,-0.93699163,-1.7438625,-1.5115674,0.013104811,-0.0138457995,nan,0.80291003,0.021122677,0.014591646,0.048224922,0.03232588,inf,inf,inf,inf,1,1,1,1,2,1,1,1,1,0,0,1,1
42185380,42185057,0,nan,nan,0.015349103,-0.2011447,-0.79668206,0.009514783,-0.01459045,0.113960005,-0.012095048,-0.029244272,-0.0064052697,-0.00793843,-0.0025048004,0.0047038076,-0.0029560828,0.42231134,0.11359197,-0.37381467,0.012718269,-0.0138457995,nan,0.8106949,0.020468503,0.014157669,0.047421873,0.031841405,inf,inf,inf,inf,1,1,1,1,2,1,1,1,1,0,0,1,1
42278461,42278151,0,nan,nan,0.013048611,-0.20622715,-0.7967667,0.009514783,-0.01459045,0.113960005,-0.0130890515,-0.047673516,0.0017996598,0.0003488161,-0.0025048004,0.0047038076,-0.0029560828,-0.5498027,-1.4304315,0.38019544,0.0139285745,-0.0138457995,nan,0.8093941,0.020240711,0.014001939,0.047300242,0.031763982,inf,inf,inf,inf,1,1,1,1,2,1,1,1,1,0,0,1,1
42377706,42377253,0,nan,nan,0.010914421,-0.21282089,-0.79659927,0.009514783,-0.01459045,0.113960005,-0.0075562764,-0.060100503,0.00077387644,-0.00060667784,-0.0025048004,0.0047038076,-0.0029560828,0.15797111,-0.21049012,-0.064162925,0.0129095325,-0.0138457995,nan,0.81097794,0.02031494,0.014049561,0.047379922,0.03185403,inf,inf,inf,inf,1,1,1,1,2,1,1,1,1,0,0,1,1
42485671,42485362,0,nan,nan,0.009388147,-0.22075905,-0.79630315,0.009514783,-0.01459045,0.113960005,-0.008168154,-0.059640616,0.0010290998,-0.00022285896,-0.0025048004,0.0047038076,-0.0029560828,-1.3285561,-0.20227568,-0.2358351,0.011045284,-0.0138457995,nan,0.81056005,0.02146367,0.014811259,0.048809603,0.032683793,inf,inf,inf,inf,1,1,1,1,2,1,1,1,1,0,0,1,1
42583458,42582964,0,nan,nan,0.008968592,-0.2283088,-0.7959988,0.009514783,-0.01459045,0.113960005,-0.0007308759,-0.065662675,-0.007562433,-0.008689516,-0.0025048004,0.0047038076,-0.0029560828,-1.7594031,-0.35860696,-1.9929961,0.011781794,-0.0138457995,nan,0.81030935,0.021201696,0.01464342,0.048243307,0.03235672,inf,inf,inf,inf,1,1,1,1,2,1,1,1,1,0,0,1,1
42686931,42682062,0,nan,nan,0.009480991,-0.23602831,-0.79590887,0.009514783,-0.01459045,0.113960005,0.0023196517,-0.074436314,-0.0030797864,-0.0041295723,-0.0025048004,0.0047038076,-0.0029560828,-1.6836052,-0.9449814,-0.42738006,0.009109173,-0.0138457995,nan,0.8102068,0.02101502,0.014522157,0.04797142,0.032187525,inf,inf,inf,inf,1,1,1,1,2,1,1,1,1,0,0,1,1
42781662,42781163,0,nan,nan,0.0107737,-0.24334595,-0.7958293,0.009514783,-0.01459045,0.113960005,0.010897071,-0.06567216,-0.0015172742,-0.0025727253,-0.0025048004,0.0047038076,-0.0029560828,-1.1742285,1.417222,-0.85264474,0.0068447255,-0.0138457995,nan,0.8099923,0.0200775,0.013900443,0.04683613,0.031489313,inf,inf,inf,inf,1,1,1,1,2,1,1,1,1,0,0,1,1
42879074,42878762,0,nan,nan,0.012656829,-0.24993972,-0.7958672,0.009514783,-0.01459045,0.113960005,0.017089386,-0.06018929,-0.0011914831,-0.0023149569,-0.0025048004,0.0047038076,-0.0029560828,0.33735988,0.057281896,0.39903823,0.007940375,-0.0138457995,nan,0.8097556,0.02097179,0.014489414,0.04808275,0.03226172,inf,inf,inf,inf,1,1,1,1,2,1,1,1,1,0,0,1,1
42985676,42980866,0,nan,nan,0.01494699,-0.25549,-0.79675514,0.009514783,-0.01459045,0.113960005,0.018281538,-0.05922395,-0.009954862,-0.011194172,-0.0025048004,0.0047038076,-0.0029560828,0.39285514,-1.1533456,0.95819867,0.006181363,-0.0138457995,nan,0.81025296,0.021034192,0.014528769,0.048228342,0.03236272,inf,inf,inf,inf,1,1,1,1,2,1,1,1,1,0,0,1,1
43086271,43081468,0,nan,nan,0.017510828,-0.25892583,-0.7988667,0.009514783,-0.01459045,0.113960005,0.019129751,-0.03060258,-0.0222493,-0.023652704,-0.0025048004,0.0047038076,-0.0029560828,-0.52724594,2.498332,0.59906197,0.0047395993,-0.0138457995,nan,0.8116766,0.020888574,0.014436225,0.048016552,0.03217615,inf,inf,inf,inf,1,1,1,1,2,1,1,1,1,0,0,1,1
43182450,43182119,0,nan,nan,0.020263156,-0.26040167,-0.8013989,0.009514783,-0.01459045,0.113960005,0.020001866,-0.021954404,-0.018981574,-0.02073288,-0.0025048004,0.0047038076,-0.0029560828,-0.49335742,0.6782815,0.686967,0.0076930323,-0.0138457995,nan,0.8124395,0.020843005,0.014402721,0.047961082,0.03213987,inf,inf,inf,inf,1,1,1,1,2,1,1,1,1,0,0,1,1
43280030,43279715,0,nan,nan,0.02309923,-0.26020294,-0.80377966,0.009514783,-0.01459045,0.113960005,0.026769157,-0.01273316,-0.018501809,-0.020668736,-0.0025048004,0.0047038076,-0.0029560828,0.21760108,-0.3653062,-1.356498,0.007368084,-0.0138457995,nan,0.81694317,0.021521261,0.014852628,0.048733026,0.03257326,inf,inf,inf,inf,1,1,1,1,2,1,1,1,1,0,0,1,1
43382227,43381774,0,nan,nan,0.025932882,-0.25799805,-0.8061667,0.009514783,-0.01459045,0.113960005,0.023782516,0.008773522,-0.014665223,-0.017245665,-0.0025048004,0.0047038076,-0.0029560828,-0.0346014,0.9408323,0.33750317,0.0071888613,-0.0138457995,nan,0.8210714,0.02111339,0.0145868305,0.048010886,0.032136586,inf,inf,inf,inf,1,1,1,1,2,1,1,1,1,0,0,1,1
43488688,43483876,0,nan,nan,0.028491264,-0.25320807,-0.80804753,0.009514783,-0.01459045,0.113960005,0.020774042,0.025451366,-0.013813805,-0.016755972,-0.0025048004,0.0047038076,-0.0029560828,-0.28074187,-1.3933988,-1.0974385,0.010126132,-0.0138457995,nan,0.82105374,0.021789055,0.015031478,0.04882612,0.03265949,inf,inf,inf,inf,1,1,1,1,2,1,1,1,1,0,0,1,1
43587971,43582978,0,nan,nan,0.030492553,-0.24639668,-0.8095911,0.009514783,-0.01459045,0.113960005,0.016594633,0.041710503,-0.0049171993,-0.008072962,-0.0025048004,0.0047038076,-0.0029560828,0.1922915,1.113874,0.46429235,0.008470552,-0.0138457995,nan,0.8204047,0.020465475,0.014160164,0.04713704,0.031593468,inf,inf,inf,inf,1,1,1,1,2,1,1,1,1,0,0,1,1
43682527,43682075,0,nan,nan,0.031920295,-0.23758577,-0.8105877,0.009514783,-0.01459045,0.113960005,0.015519807,0.064873055,-0.0014038158,-0.0046193637,-0.0025048004,0.0047038076,-0.0029560828,0.49998575,0.3625915,-0.4796871,0.00865047,-0.0138457995,nan,0.8200735,0.02118339,0.014628266,0.04821921,0.032209467,inf,inf,inf,inf,1,1,1,1,2,1,1,1,1,0,0,1,1
43780135,43779674,0,nan,nan,0.03281896,-0.22744636,-0.8108015,0.009514783,-0.01459045,0.113960005,0.007808761,0.07031463,0.0038246883,0.00066063605,-0.0025048004,0.0047038076,-0.0029560828,-0.53334767,0.10323022,-0.18735985,0.011727439,-0.0138457995,nan,0.82158184,0.020194085,0.013967689,0.047052573,0.031530984,inf,inf,inf,inf,1,1,1,1,2,1,1,1,1,0,0,1,1
43883720,43878774,0,nan,nan,0.032961242,-0.21721241,-0.8104551,0.009514783,-0.01459045,0.113960005,0.0044712615,0.06537981,0.011071379,0.008059474,-0.0025048004,0.0047038076,-0.0029560828,0.55065864,0.9384567,-0.16759904,0.011900843,-0.0138457995,nan,0.81882375,0.020205246,0.013969991,0.04719777,0.03163673,inf,inf,inf,inf,1,1,1,1,2,1,1,1,1,0,0,1,1
43987228,43986883,0,nan,nan,0.032171298,-0.2071406,-0.8093628,0.009514783,-0.01459045,0.113960005,-0.007470856,0.057550553,0.011617374,0.008872382,-0.0025048004,0.0047038076,-0.0029560828,0.511027,-0.08434291,0.24581885,0.01328221,-0.0138457995,nan,0.8194759,0.020631177,0.014247826,0.047813624,0.03206313,inf,inf,inf,inf,1,1,1,1,2,1,1,1,1,0,0,1,1
44077516,44076979,0,nan,nan,0.030784387,-0.20083405,-0.80852497,0.009514783,-0.01459045,0.113960005,-0.012120232,0.03922455,0.0037669365,0.001285945,-0.0025048004,0.0047038076,-0.0029560828,-0.14892675,-1.1297762,-1.638294,0.01472925,-0.0138457995,nan,0.8207528,0.0203426,0.014058076,0.04746622,0.03186156,inf,inf,inf,inf,1,1,1,1,2,1,1,1,1,0,0,1,1
44189893,44189588,0,nan,nan,0.028584257,-0.19610457,-0.80802095,0.009514783,-0.01459045,0.113960005,-0.0131906895,0.012102774,0.0047059613,0.0025165787,-0.0025048004,0.0047038076,-0.0029560828,0.71844894,-0.605082,-0.7437662,0.012142777,-0.0138457995,nan,0.81919855,0.020640548,0.014260341,0.047736842,0.03205988,inf,inf,inf,inf,1,1,1,1,2,1,1,1,1,0,0,1,1
44283107,44278223,0,nan,nan,0.02674261,-0.19423977,-0.8073739,0.009514783,-0.01459045,0.113960005,-0.011532427,0.010983177,0.011928406,0.009886823,-0.0025048004,0.0047038076,-0.0029560828,1.1840327,1.7933664,0.031010006,0.01201262,-0.0138457995,nan,0.819206,0.020298216,0.014036855,0.047291774,0.031782083,inf,inf,inf,inf,1,1,1,1,2,1,1,1,1,0,0,1,1
44377736,44377277,0,nan,nan,0.02473446,-0.19355235,-0.80618733,0.009514783,-0.01459045,0.113960005,-0.015408142,0.0072703296,0.0115028415,0.0095587345,-0.0025048004,0.0047038076,-0.0029560828,-0.2563146,0.2265464,-0.4239502,0.013425249,-0.0138457995,nan,0.8181214,0.020334344,0.014059985,0.047429647,0.031810183,inf,inf,inf,inf,1,1,1,1,2,1,1,1,1,0,0,1,1
44485699,44485388,0,nan,nan,0.022452662,-0.1939635,-0.80525374,0.009514783,-0.01459045,0.113960005,-0.018264813,-0.0019759433,0.0041168537,0.0022841736,-0.0025048004,0.0047038076,-0.0029560828,-0.43786702,-0.42111504,-1.0058788,0.012701515,-0.0138457995,nan,0.81771135,0.020607634,0.014242362,0.04763774,0.03197105,inf,inf,inf,inf,1,1,1,1,2,1,1,1,1,0,0,1,1
44584801,44582984,0,nan,nan,0.02089489,-0.19453317,-0.8050261,0.009514783,-0.01459045,0.113960005,-0.012469297,0.0083927885,0.0015208387,-0.00021217599,-0.0025048004,0.0047038076,-0.0029560828,-0.5626332,0.18359804,0.19494303,0.0112257935,-0.0138457995,nan,0.8185006,0.02064875,0.014269597,0.047713026,0.032025963,inf,inf,inf,inf,1,1,1,1,2,1,1,1,1,0,0,1,1
44683944,44683635,0,nan,nan,0.020062532,-0.19496733,-0.804706,0.009514783,-0.01459045,0.113960005,-0.0038918857,0.008676929,0.0071316976,0.0054422193,-0.0025048004,0.0047038076,-0.0029560828,1.367667,-1.0688076,0.35408628,0.012655781,-0.0138457995,nan,0.8188518,0.02065576,0.014275436,0.047703166,0.032029446,inf,inf,inf,inf,1,1,1,1,2,1,1,1,1,0,0,1,1
44784643,44784187,0,nan,nan,0.019902375,-0.19507292,-0.8045057,0.009514783,-0.01459045,0.113960005,-0.0012045611,0.010784773,0.0032462464,0.0015660924,-0.0025048004,0.0047038076,-0.0029560828,0.6023087,0.46615368,0.40869996,0.009951659,-0.0138457995,nan,0.81886417,0.019856019,0.0137461405,0.04676947,0.031402238,inf,inf,inf,inf,1,1,1,1,2,1,1,1,1,0,0,1,1
44883763,44883286,0,nan,nan,0.020230861,-0.19407871,-0.8047973,0.009514783,-0.01459045,0.113960005,0.0013597353,0.025864283,-0.00783198,-0.009465388,-0.0025048004,0.0047038076,-0.0029560828,0.91840833,1.1450096,0.16110902,0.0086467,-0.0138457995,nan,0.8194915,0.019995801,0.013836046,0.04693739,0.0315608,inf,inf,inf,inf,1,1,1,1,2,1,1,1,1,0,0,1,1
44985820,44980887,0,nan,nan,0.020828048,-0.19174881,-0.8057607,0.009514783,-0.01459045,0.113960005,0.0011572181,0.044775963,-0.017200803,-0.018747954,-0.0025048004,0.0047038076,-0.0029560828,-0.35664755,0.63120574,-0.8198889,0.009667825,-0.0138457995,nan,0.82071143,0.020102423,0.01390776,0.04713342,0.031659063,inf,inf,inf,inf,1,1,1,1,2,1,1,1,1,0,0,1,1
45084935,45079984,0,nan,nan,0.02197984,-0.18727413,-0.8076373,0.009514783,-0.01459045,0.113960005,0.010508415,0.048077762,-0.019315021,-0.020764584,-0.0025048004,0.0047038076,-0.0029560828,0.5401873,-0.60008585,0.37074617,0.009696197,-0.0138457995,nan,0.82240766,0.019571554,0.013550649,0.046593633,0.031304207,inf,inf,inf,inf,1,1,1,1,2,1,1,1,1,0,0,1,1
45179586,45179129,0,nan,nan,0.023605037,-0.18138795,-0.80945253,0.009514783,-0.01459045,0.113960005,0.0123753585,0.061330885,-0.017235102,-0.018609956,-0.0025048004,0.0047038076,-0.0029560828,-0.074742265,0.75280386,-0.4612342,0.006862611,-0.0138457995,nan,0.82323885,0.020533154,0.014186799,0.047783475,0.032050923,inf,inf,inf,inf,1,1,1,1,2,1,1,1,1,0,0,1,1
45287501,45287195,0,nan,nan,0.025881048,-0.17349905,-0.8113023,0.009514783,-0.01459045,0.113960005,0.015056901,0.06541691,-0.0147444215,-0.016026102,-0.0025048004,0.0047038076,-0.0029560828,1.0396485,0.27355808,0.16154617,0.006975342,-0.0138457995,nan,0.8233611,0.020153837,0.013936856,0.047188785,0.03171402,inf,inf,inf,inf,1,1,1,1,2,1,1,1,1,0,0,1,1
45386739,45386291,0,nan,nan,0.028125923,-0.16549034,-0.8123521,0.009514783,-0.01459045,0.113960005,0.011184514,0.06660741,-0.0073646647,-0.008484255,-0.0025048004,0.0047038076,-0.0029560828,-1.1291773,0.49531633,0.32179332,0.004190592,-0.0138457995,nan,0.82314074,0.020954292,0.014472211,0.04802882,0.03224243,inf,inf,inf,inf,1,1,1,1,2,1,1,1,1,0,0,1,1
45484338,45483889,0,nan,nan,0.030432846,-0.15744375,-0.8124931,0.009514783,-0.01459045,0.113960005,0.012502038,0.067582965,-0.00083647016,-0.0016705651,-0.0025048004,0.0047038076,-0.0029560828,-0.83648705,0.37808436,0.2328839,0.0026724127,-0.0138457995,nan,0.82218015,0.020643184,0.014277735,0.04731127,0.03182777,inf,inf,inf,inf,1,1,1,1,2,1,1,1,1,0,0,1,1
45587809,45587493,0,nan,nan,0.033183847,-0.1494745,-0.8119254,0.009514783,-0.01459045,0.113960005,0.02470225,0.05232308,0.004677028,0.004307818,-0.0025048004,0.0047038076,-0.0029560828,0.7021459,-0.9983953,-0.023765115,0.004143556,-0.0138457995,nan,0.82138455,0.021342909,0.014746279,0.048120894,0.03234233,inf,inf,inf,inf,1,1,1,1,2,1,1,1,1,0,0,1,1
45686905,45686593,0,nan,nan,0.036050368,-0.14258863,-0.8106788,0.009514783,-0.01459045,0.113960005,0.019106915,0.042531524,0.009175797,0.009372848,-0.0025048004,0.0047038076,-0.0029560828,-0.15053558,-0.04542076,0.5335397,0.0024753434,-0.0138457995,nan,0.82077783,0.021858307,0.015097709,0.048539598,0.032631572,inf,inf,inf,inf,1,1,1,1,2,1,1,1,1,0,0,1,1
45784644,45784197,0,nan,nan,0.039036747,-0.13671225,-0.8090272,0.009514783,-0.01459045,0.113960005,0.023747984,0.04539027,0.007565707,0.008527663,-0.0025048004,0.0047038076,-0.0029560828,0.07246679,1.0668678,0.30183396,0.001869231,-0.0138457995,nan,0.82062685,0.020622652,0.014280867,0.047146697,0.031707056,inf,inf,inf,inf,1,1,1,1,2,1,1,1,1,0,0,1,1
45886727,45881788,0,nan,nan,0.04215993,-0.13181469,-0.80761373,0.009514783,-0.01459045,0.113960005,0.0316708,0.038796917,0.0070436993,0.008762106,-0.0025048004,0.0047038076,-0.0029560828,1.5166245,0.51771104,0.8270377,0.0037774495,-0.0138457995,nan,0.82096744,0.020444319,0.014159675,0.047034606,0.031634666,inf,inf,inf,inf,1,1,1,1,2,1,1,1,1,0,0,1,1
45982811,45982434,0,nan,nan,0.04544117,-0.12785427,-0.8066433,0.009514783,-0.01459045,0.113960005,0.03195768,0.02575619,-0.004581159,-0.002246346,-0.0025048004,0.0047038076,-0.0029560828,0.046983443,-0.33911297,0.056645285,0.0047050714,-0.0138457995,nan,0.82171535,0.020461127,0.014164592,0.04728859,0.03179101,inf,inf,inf,inf,1,1,1,1,2,1,1,1,1,0,0,1,1
46087976,46082992,0,nan,nan,0.048822194,-0.12458484,-0.80614024,0.009514783,-0.01459045,0.113960005,0.035406914,0.029596085,-0.0065586534,-0.0038606408,-0.0025048004,0.0047038076,-0.0029560828,0.3888793,1.1693579,-0.37189475,0.0022118369,-0.0138457995,nan,0.82210535,0.019829094,0.013736462,0.04673506,0.03145664,inf,inf,inf,inf,1,1,1,1,2,1,1,1,1,0,0,1,1
46182531,46182088,0,nan,nan,0.052019,-0.121685885,-0.80624545,0.009514783,-0.01459045,0.113960005,0.034265883,0.027429597,-0.008878632,-0.006073092,-0.0025048004,0.0047038076,-0.0029560828,0.552924,-1.0702568,-0.4745404,0.003841896,-0.0138457995,nan,0.8223539,0.020678671,0.014299066,0.047823597,0.032121617,inf,inf,inf,inf,1,1,1,1,2,1,1,1,1,0,0,1,1
46281495,46281187,0,nan,nan,0.05474349,-0.11912202,-0.8070393,0.009514783,-0.01459045,0.113960005,0.027107831,0.021558898,-0.017091835,-0.0143979415,-0.0025048004,0.0047038076,-0.0029560828,-0.061560605,0.53019226,0.27063704,0.002769418,-0.0138457995,nan,0.822577,0.022243273,0.015338568,0.049593747,0.033172943,inf,inf,inf,inf,1,1,1,1,2,1,1,1,1,0,0,1,1
46379243,46378785,0,nan,nan,0.056461256,-0.11645099,-0.8086492,0.009514783,-0.01459045,0.113960005,0.02288349,0.026128052,-0.01881983,-0.016512899,-0.0025048004,0.0047038076,-0.0029560828,-0.11905897,0.84036773,0.17660089,5.495752e-05,-0.0138457995,nan,0.82286,0.020797882,0.014390301,0.047509294,0.031902406,inf,inf,inf,inf,1,1,1,1,2,1,1,1,1,0,0,1,1
46482832,46482389,0,nan,nan,0.05737868,-0.113107555,-0.8111086,0.009514783,-0.01459045,0.113960005,0.010878513,0.02847997,-0.026351226,-0.024622066,-0.0025048004,0.0047038076,-0.0029560828,-1.4739155,-0.9354152,-0.33623818,0.0017774132,-0.0138457995,nan,0.8230946,0.020524407,0.014208384,0.04718665,0.031689744,inf,inf,inf,inf,1,1,1,1,2,1,1,1,1,0,0,1,1
46581934,46581487,0,nan,nan,0.05739113,-0.10983278,-0.813636,0.009514783,-0.01459045,0.113960005,0.011066452,0.021778245,-0.015776971,-0.0147796795,-0.0025048004,0.0047038076,-0.0029560828,0.1083616,-0.650136,0.8851312,0.0026683584,-0.0138457995,nan,0.82287025,0.020517165,0.0141973,0.0473627,0.031815253,inf,inf,inf,inf,1,1,1,1,2,1,1,1,1,0,0,1,1
46679387,46679084,0,nan,nan,0.056823075,-0.1062162,-0.8157858,0.009514783,-0.01459045,0.113960005,0.010321027,0.025018247,-0.01328879,-0.012975421,-0.0025048004,0.0047038076,-0.0029560828,-0.06602027,0.2191706,-0.17075425,0.001780725,-0.0138457995,nan,0.8223551,0.021310499,0.0147179505,0.048506618,0.032463048,inf,inf,inf,inf,1,1,1,1,2,1,1,1,1,0,0,1,1
46783042,46782688,0,nan,nan,0.05563233,-0.10287804,-0.81734794,0.009514783,-0.01459045,0.113960005,-0.0018821897,0.01633971,-0.010177196,-0.01041729,-0.0025048004,0.0047038076,-0.0029560828,-0.626848,-0.43425536,-0.24102536,0.0024321445,-0.0138457995,nan,0.8309165,0.021055855,0.014549689,0.04806615,0.032216795,inf,inf,inf,inf,1,1,1,1,2,1,1,1,1,0,0,1,1
46876145,46874280,0,nan,nan,0.053918947,-0.10043734,-0.81791925,0.009514783,-0.01459045,0.113960005,-0.0044706836,0.01730823,0.00051412213,-6.420665e-05,-0.0025048004,0.0047038076,-0.0029560828,-0.42353907,-0.7352879,-1.2866982,0.003312972,-0.0138457995,nan,0.83005303,0.022294328,0.015369505,0.04945506,0.033106335,inf,inf,inf,inf,1,1,1,1,2,1,1,1,1,0,0,1,1
46988749,46988439,0,nan,nan,0.050776854,-0.0976895,-0.8178192,0.009514783,-0.01459045,0.113960005,-0.012745103,0.018791618,0.0111253215,0.010433382,-0.0025048004,0.0047038076,-0.0029560828,0.79687625,1.3353144,0.50798726,0.0017833888,-0.0138457995,nan,0.82914186,0.021193068,0.014648839,0.04813603,0.03219663,inf,inf,inf,inf,1,1,1,1,2,1,1,1,1,0,0,1,1
47077474,47076981,0,nan,nan,0.04760652,-0.09505188,-0.81693566,0.009514783,-0.01459045,0.113960005,-0.01886346,0.0199789,0.01226732,0.011733465,-0.0025048004,0.0047038076,-0.0029560828,0.17172042,-0.21489759,0.4180441,0.002394862,-0.0138457995,nan,0.8285143,0.01985227,0.013753062,0.0466389,0.031235732,inf,inf,inf,inf,1,1,1,1,2,1,1,1,1,0,0,1,1
47176579,47174579,0,nan,nan,0.043534476,-0.09149493,-0.81513387,0.009514783,-0.01459045,0.113960005,-0.023638712,0.049916215,0.020066522,0.019866407,-0.0025048004,0.0047038076,-0.0029560828,-0.56649476,2.9023237,-0.18949202,0.0072598998,-0.0138457995,nan,0.8276223,0.019937841,0.013797517,0.04696108,0.03145216,inf,inf,inf,inf,1,1,1,1,2,1,1,1,1,0,0,1,1
47283126,47278183,0,nan,nan,0.03914754,-0.08677829,-0.8120463,0.009514783,-0.01459045,0.113960005,-0.028799308,0.043560356,0.042301714,0.042522192,-0.0025048004,0.0047038076,-0.0029560828,-0.5453252,1.3029019,0.299314,0.02277792,-0.0138457995,nan,0.8264385,0.019491794,0.0134896645,0.046646483,0.031303838,inf,inf,inf,inf,1,1,1,1,2,1,1,1,1,0,0,1,1
47377602,47377283,0,nan,nan,0.035001352,-0.082131125,-0.80405307,0.009514783,-0.01459045,0.113960005,-0.028805932,0.039510924,0.11511763,0.11575178,-0.0025048004,0.0047038076,-0.0029560828,0.15160863,-0.8472205,1.2124386,0.023147075,-0.0138457995,nan,0.8206497,0.020554377,0.014187398,0.04815635,0.032211926,inf,inf,inf,inf,1,1,1,1,2,1,1,1,1,0,0,1,1
47490334,47485390,0,nan,nan,0.030642634,-0.07705572,-0.7840563,0.009514783,-0.01459045,0.113960005,-0.026362343,0.03713582,0.24379654,0.24507824,-0.0025048004,0.0047038076,-0.0029560828,0.25006884,1.7870656,1.3429004,0.01259662,-0.0138457995,nan,0.79640526,0.02084821,0.0143876,0.04813894,0.032291852,inf,inf,inf,inf,1,1,1,1,2,1,1,1,1,0,0,1,1
47584801,47584487,0,nan,nan,0.027000878,-0.072098725,-0.75101644,0.009514783,-0.01459045,0.113960005,-0.026381567,0.04800129,0.40882128,0.411504,-0.0025048004,0.0047038076,-0.0029560828,0.56137604,0.66643244,1.7988895,0.014771404,-0.0138457995,nan,0.7728168,0.02179135,0.015018848,0.04898945,0.032999266,inf,inf,inf,inf,1,1,1,1,2,1,1,1,1,0,0,1,1
47677898,47677579,0,nan,nan,0.023783999,-0.06763368,-0.70272887,0.009514783,-0.01459045,0.113960005,-0.0241363,0.034607813,0.57643795,0.5811667,-0.0025048004,0.0047038076,-0.0029560828,0.82597923,-0.38115358,0.9098644,0.01699286,-0.0138457995,nan,0.7324847,0.022017442,0.015193836,0.048729394,0.03300346,inf,inf,inf,inf,1,1,1,1,2,1,1,1,1,0,0,1,1
47777199,47776724,0,nan,nan,0.020837007,-0.06422166,-0.6332675,0.009514783,-0.01459045,0.113960005,-0.02168259,0.007003708,0.6929503,0.70257413,-0.0025048004,0.0047038076,-0.0029560828,-0.26335454,-1.0611038,-1.0229156,0.017114932,-0.0138457995,nan,0.67709833,0.020686373,0.014343539,0.04656843,0.03188109,inf,inf,inf,inf,1,1,1,1,2,1,1,1,1,0,0,1,1
47885098,47884785,0,nan,nan,0.019017836,-0.06359552,-0.5442116,0.009514783,-0.01459045,0.113960005,-0.009005237,-0.0122781275,0.7655121,0.7827432,-0.0025048004,0.0047038076,-0.0029560828,0.36131352,0.68124646,-0.2918327,0.01804923,-0.0138457995,nan,0.59994066,0.020874994,0.01450168,0.046683393,0.032123853,inf,inf,inf,inf,1,1,1,1,2,1,1,1,1,0,0,1,1
47987406,47986933,0,nan,nan,0.018572329,-0.06661744,-0.4550243,0.009514783,-0.01459045,0.113960005,-0.0011903242,-0.05067329,0.77484256,0.79890186,-0.0025048004,0.0047038076,-0.0029560828,0.42768288,-1.7074823,-0.5261869,0.023366582,-0.0138457995,nan,0.5217415,0.020676889,0.014396023,0.04640197,0.03200336,inf,inf,inf,inf,1,1,1,1,2,1,1,1,1,0,0,1,1
48080317,48079979,0,nan,nan,0.019192733,-0.07255634,-0.37462735,0.009514783,-0.01459045,0.113960005,0.0062849354,-0.07701171,0.7385356,0.7680003,-0.0025048004,0.0047038076,-0.0029560828,0.9273964,-0.39945957,-0.8245775,0.02434998,-0.0138457995,nan,0.44599283,0.020258104,0.014129564,0.046055883,0.03175007,inf,inf,inf,inf,1,1,1,1,2,1,1,1,1,0,0,1,1
48182429,48182126,0,nan,nan,0.021201164,-0.083540566,-0.29157215,0.009514783,-0.01459045,0.113960005,0.01849823,-0.11133456,0.67798907,0.7118536,-0.0025048004,0.0047038076,-0.0029560828,1.5424751,2.3199663,-0.5402002,0.023595655,-0.0138457995,nan,0.36783803,0.020318935,0.014177497,0.04651431,0.031912282,inf,inf,inf,inf,1,1,1,1,2,1,1,1,1,0,0,1,1
48284491,48284182,0,nan,nan,0.024192503,-0.09881829,-0.21632144,0.009514783,-0.01459045,0.113960005,0.017493812,-0.14160028,0.66006917,0.694899,-0.0025048004,0.0047038076,-0.0029560828,-0.18603377,0.43908557,0.26557192,0.02424103,-0.0138457995,nan,0.28295642,0.020344235,0.014188309,0.046942707,0.03195187,inf,inf,inf,inf,1,1,1,1,2,1,1,1,1,0,0,1,1
48389724,48389286,0,nan,nan,0.027726144,-0.11836624,-0.1441067,0.009514783,-0.01459045,0.113960005,0.01699014,-0.1671061,0.6379138,0.66944855,-0.0025048004,0.0047038076,-0.0029560828,-0.7882498,0.9674342,-0.27468574,0.021934388,-0.0138457995,nan,0.21444952,0.020652762,0.014378254,0.047735892,0.032140326,inf,inf,inf,inf,1,1,1,1,2,1,1,1,1,0,0,1,1
48482725,48482424,0,nan,nan,0.030629622,-0.13721265,-0.087117024,0.009514783,-0.01459045,0.113960005,0.012433004,-0.180629,0.60583186,0.6313427,-0.0025048004,0.0047038076,-0.0029560828,-0.21013245,-0.012872362,-0.4428143,0.019631999,-0.0138457995,nan,0.15071714,0.020398151,0.014181141,0.04754334,0.031942993,inf,inf,inf,inf,1,1,1,1,2,1,1,1,1,0,0,1,1
48584917,48580021,0,nan,nan,0.033221908,-0.15853767,-0.034480445,0.009514783,-0.01459045,0.113960005,0.010335867,-0.20184243,0.5417972,0.5592287,-0.0025048004,0.0047038076,-0.0029560828,-0.31909177,-0.37538096,-0.027521702,0.019069986,-0.0138457995,nan,0.1,0.020422546,0.014176067,0.04758226,0.03191874,inf,inf,inf,inf,1,1,1,1,2,1,1,1,1,0,0,1,1
48680941,48680575,0,nan,nan,0.03558932,-0.1822366,0.007419539,0.009514783,-0.01459045,0.113960005,0.011248249,-0.22573517,0.4412203,0.44954392,-0.0025048004,0.0047038076,-0.0029560828,-0.017291764,-1.0304643,-0.53588086,0.01796999,-0.0138457995,nan,0.1,0.021245472,0.014702914,0.048746433,0.032494657,inf,inf,inf,inf,1,1,1,1,2,1,1,1,1,0,0,1,1
48783168,48782721,0,nan,nan,0.038008377,-0.2076441,0.03765587,0.009514783,-0.01459045,0.113960005,0.021177394,-0.2292918,0.32807887,0.32671472,-0.0025048004,0.0047038076,-0.0029560828,1.6143006,0.5246722,-0.6501623,0.016663041,-0.0138457995,nan,0.1,0.021069683,0.014567039,0.048537146,0.032249186,inf,inf,inf,inf,1,1,1,1,2,1,1,1,1,0,0,1,1
48885078,48880318,0,nan,nan,0.0448368,-0.22923747,0.03532232,0.009514783,-0.01459045,0.113960005,0.07889251,-0.1770458,-0.08019155,-0.091465905,-0.0025048004,0.0047038076,-0.0029560828,0.07231033,-1.3594755,0.71797854,-0.017405659,-0.0138457995,nan,0.1,0.021776458,0.015012262,0.049517326,0.032703444,inf,inf,inf,inf,1,1,1,1,2,1,1,1,1,0,0,1,1
48981192,48980878,0,nan,nan,0.053301513,-0.24919227,0.02423462,0.009514783,-0.01459045,0.113960005,0.08241363,-0.21284583,0.14918771,0.12636247,-0.0025048004,0.0047038076,-0.0029560828,0.13071693,-0.69702756,1.5059526,-0.02912957,-0.0138457995,nan,0.1,0.020650905,0.01424441,0.04840688,0.03179673,inf,inf,inf,inf,1,1,1,1,2,1,1,1,1,0,0,1,1
49078769,49078468,0,nan,nan,0.058178082,-0.2636294,0.008249362,0.009514783,-0.01459045,0.113960005,0.026675716,-0.12550376,0.033213187,-0.003116206,-0.0025048004,0.0047038076,-0.0029560828,0.46326587,0.94272375,2.806312,-0.03645776,-0.0138457995,nan,0.1,0.020869682,0.014305869,0.050476808,0.031425517,inf,inf,inf,inf,1,1,1,1,2,1,1,1,1,0,0,1,1
49185366,49180616,0,nan,nan,0.060622107,-0.27058285,-0.008926717,0.009514783,-0.01459045,0.113960005,0.010532931,-0.044000622,-0.04722556,-0.09351938,-0.0025048004,0.0047038076,-0.0029560828,-2.4745278,-2.73317,-4.2468657,-0.04921129,-0.0138457995,nan,0.1,0.021774713,0.014768532,0.05185275,0.031229958,inf,inf,inf,inf,1,1,1,1,2,1,1,1,1,0,0,1,1
49281637,49281169,0,nan,nan,0.061668504,-0.26981884,-0.029184459,0.009514783,-0.01459045,0.113960005,0.011998123,-0.017203301,-0.05035942,-0.10343723,-0.0025048004,0.0047038076,-0.0029560828,0.014456181,0.07815455,-0.3833599,-0.053548496,-0.0138457995,nan,0.10601291,0.021559283,0.014482883,0.053092547,0.03038586,inf,inf,inf,inf,1,1,1,1,2,1,1,1,1,0,0,1,1
49379077,49378765,0,nan,nan,0.061949067,-0.2662979,-0.048390914,0.009514783,-0.01459045,0.113960005,0.0061751036,-0.019342374,-0.057885695,-0.1145145,-0.0025048004,0.0047038076,-0.0029560828,0.4027914,0.084482536,-0.3378456,-0.05567106,-0.0138457995,nan,0.12521936,0.021465529,0.014234298,0.055476457,0.029999798,inf,inf,inf,inf,1,1,1,1,2,1,1,1,1,0,0,1,1
49481220,49480912,0,nan,nan,0.061694365,-0.26156163,-0.065797,0.009514783,-0.01459045,0.113960005,0.005234386,-0.028200217,-0.06068747,-0.1177096,-0.0025048004,0.0047038076,-0.0029560828,-0.21034989,-0.2770372,0.3556549,-0.058326073,-0.0138457995,nan,0.14262545,0.022504479,0.014597426,0.05890299,0.03051247,inf,inf,inf,inf,1,1,1,1,2,1,1,1,1,0,0,1,1
49587766,49582967,0,nan,nan,0.06113094,-0.25578907,-0.08107028,0.009514783,-0.01459045,0.113960005,0.00014657338,0.0010287258,-0.075258225,-0.13018356,-0.0025048004,0.0047038076,-0.0029560828,-0.65320706,-0.24250141,0.36837596,-0.05629433,-0.0138457995,nan,0.15789872,0.024480075,0.015455319,0.06298094,0.031516876,inf,inf,inf,inf,1,1,1,1,2,1,1,1,1,0,0,1,1
49686865,49682065,0,nan,nan,0.06002149,-0.24876308,-0.09329302,0.009514783,-0.01459045,0.113960005,0.00026712808,0.0044450006,-0.07810097,-0.12825276,-0.0025048004,0.0047038076,-0.0029560828,-0.19869004,-0.7161112,0.21849531,-0.055042136,-0.0138457995,nan,0.17012146,0.02381081,0.014945844,0.062955275,0.03123786,inf,inf,inf,inf,1,1,1,1,2,1,1,1,1,0,0,1,1
49781521,49781209,0,nan,nan,0.058568865,-0.2414512,-0.10251083,0.009514783,-0.01459045,0.113960005,0.0006372694,0.018557744,-0.08072135,-0.12421882,-0.0025048004,0.0047038076,-0.0029560828,-0.11548448,-1.629552,0.11544635,-0.0544098,-0.0138457995,nan,0.17933929,0.023253363,0.014530409,0.06278243,0.03117107,inf,inf,inf,inf,1,1,1,1,2,1,1,1,1,0,0,1,1
49880571,49880261,0,nan,nan,0.057033077,-0.23453164,-0.10916409,0.009514783,-0.01459045,0.113960005,-0.0013515613,0.0321104,-0.0801671,-0.116032936,-0.0025048004,0.0047038076,-0.0029560828,-0.10287091,-0.33385685,0.19925347,-0.055089448,-0.0138457995,nan,0.18599254,0.02400482,0.01479519,0.06399154,0.03182722,inf,inf,inf,inf,1,1,1,1,2,1,1,1,1,0,0,1,1
49988690,49988372,0,nan,nan,0.05540768,-0.22791818,-0.11326984,0.009514783,-0.01459045,0.113960005,-0.0039332784,0.02794308,-0.0731022,-0.09980487,-0.0025048004,0.0047038076,-0.0029560828,-0.35860482,-2.1480148,0.5002475,-0.054120082,-0.0138457995,nan,0.19009829,0.02413788,0.014784751,0.06391918,0.032267008,inf,inf,inf,inf,1,1,1,1,2,1,1,1,1,0,0,1,1
50086266,50085965,0,nan,nan,0.054015007,-0.22311495,-0.11464447,0.009514783,-0.01459045,0.113960005,-0.004053427,0.03889525,-0.07113098,-0.08935248,-0.0025048004,0.0047038076,-0.0029560828,0.1384869,0.1302583,0.31025916,-0.054885723,-0.0138457995,nan,0.19147292,0.023889894,0.014647387,0.06300997,0.03249119,inf,inf,inf,inf,1,1,1,1,2,1,1,1,1,0,0,1,1
50185372,50185072,0,nan,nan,0.05288688,-0.21944012,-0.114546746,0.009514783,-0.01459045,0.113960005,-0.0039744354,0.039906967,-0.06654401,-0.076827556,-0.0025048004,0.0047038076,-0.0029560828,0.6290781,1.1000987,0.22291385,-0.056452606,-0.0138457995,nan,0.1913752,0.023478791,0.014498681,0.061442986,0.03253457,inf,inf,inf,inf,1,1,1,1,2,1,1,1,1,0,0,1,1
50289109,50288666,0,nan,nan,0.052018102,-0.21740912,-0.11293574,0.009514783,-0.01459045,0.113960005,-0.0071083494,0.020603921,-0.055337492,-0.058004044,-0.0025048004,0.0047038076,-0.0029560828,-0.39375538,0.34686646,0.18479829,-0.05533621,-0.0138457995,nan,0.13525793,0.022121264,0.013902925,0.05717566,0.032046214,inf,inf,inf,inf,1,1,1,1,2,1,1,1,1,0,0,1,0
50386574,50386262,0,nan,nan,0.051425196,-0.21666242,-0.10981225,0.009514783,-0.01459045,0.113960005,-0.0068675852,0.031458315,-0.05239643,-0.048002437,-0.0025048004,0.0047038076,-0.0029560828,0.81169766,0.020998135,-0.020304918,-0.055053517,-0.0138457995,nan,0.13384938,0.021254426,0.013552164,0.054286264,0.03187727,inf,inf,inf,inf,1,1,1,1,2,1,1,1,1,0,0,1,0
50485838,50485403,0,nan,nan,0.051087316,-0.21713457,-0.10613263,0.009514783,-0.01459045,0.113960005,-0.004935252,0.019679625,-0.045263495,-0.0349562,-0.0025048004,0.0047038076,-0.0029560828,0.8079017,0.14549544,-0.1401703,-0.054765165,-0.0138457995,nan,0.13138142,0.02135369,0.01373605,0.053233143,0.03217243,inf,inf,inf,inf,1,1,1,1,2,1,1,1,1,0,0,1,0
50581755,50581455,0,nan,nan,0.050937276,-0.21805279,-0.102827065,0.009514783,-0.01459045,0.113960005,-0.0066135284,0.011754802,-0.038535133,-0.023868429,-0.0025048004,0.0047038076,-0.0029560828,-0.32715493,-0.15602307,0.07495789,-0.05482645,-0.0138457995,nan,0.12858601,0.02201449,0.014230459,0.053481895,0.032762147,inf,inf,inf,inf,1,1,1,1,2,1,1,1,1,0,0,1,0
50680854,50680553,0,nan,nan,0.051054582,-0.21992436,-0.099163346,0.009514783,-0.01459045,0.113960005,-0.004880894,0.009244615,-0.034472357,-0.016406074,-0.0025048004,0.0047038076,-0.0029560828,-0.30137032,-0.37244964,0.1838332,-0.054794837,-0.0138457995,nan,0.12496073,0.023642134,0.01531439,0.05484585,0.03374592,inf,inf,inf,inf,1,1,1,1,2,1,1,1,1,0,0,1,0
50783089,50778151,0,nan,nan,0.051479623,-0.22239839,-0.09524022,0.009514783,-0.01459045,0.113960005,-0.0033367858,0.0035134123,-0.028624844,-0.0077380915,-0.0025048004,0.0047038076,-0.0029560828,-0.53364205,-0.16740318,0.247699,-0.054619875,-0.0138457995,nan,0.12268928,0.02272407,0.014972164,0.053159375,0.032987252,inf,inf,inf,inf,1,1,1,1,2,1,1,1,1,0,0,1,0
50888074,50887759,0,nan,nan,0.05210247,-0.22555204,-0.090822436,0.009514783,-0.01459045,0.113960005,-0.0002954731,-0.0036169477,-0.023003587,0.00017876702,-0.0025048004,0.0047038076,-0.0029560828,-0.12220797,-0.18569687,0.07519777,-0.054610126,-0.0138457995,nan,0.119145595,0.023405649,0.015498196,0.05380193,0.03334629,inf,inf,inf,inf,1,1,1,1,2,1,1,1,1,0,0,1,0
50990219,50988359,0,nan,nan,0.05280873,-0.22861853,-0.086742885,0.009514783,-0.01459045,0.113960005,-0.0003959776,-0.0064980877,-0.017399812,0.007395978,-0.0025048004,0.0047038076,-0.0029560828,-0.56990486,0.32561368,0.33319163,-0.054626253,-0.0138457995,nan,0.116882876,0.021698829,0.014547967,0.051668014,0.032176096,inf,inf,inf,inf,1,1,1,1,2,1,1,1,1,0,0,1,0
51083258,51082953,0,nan,nan,0.053545404,-0.23137373,-0.08325861,0.009514783,-0.01459045,0.113960005,0.003525812,-0.010875099,-0.016051723,0.009601958,-0.0025048004,0.0047038076,-0.0029560828,0.34527493,-0.5192604,-0.2559311,-0.054574963,-0.0138457995,nan,0.11412777,0.022041924,0.014775985,0.0523828,0.03248027,inf,inf,inf,inf,1,1,1,1,2,1,1,1,1,0,0,1,0
51180854,51180549,0,nan,nan,0.054406755,-0.23423757,-0.079695344,0.009514783,-0.01459045,0.113960005,0.005241183,-0.013975497,-0.013280789,0.012647255,-0.0025048004,0.0047038076,-0.0029560828,0.18837167,-0.3930547,-0.34071153,-0.05449745,-0.0138457995,nan,0.11120546,0.022723993,0.015196712,0.053572692,0.032948703,inf,inf,inf,inf,1,1,1,1,2,1,1,1,1,0,0,1,0
51284586,51279648,0,nan,nan,0.055353068,-0.23688631,-0.07655126,0.009514783,-0.01459045,0.113960005,0.005862544,-0.016209219,-0.009876065,0.015739465,-0.0025048004,0.0047038076,-0.0029560828,-0.22708865,-0.5116641,-0.1628135,-0.054541104,-0.0138457995,nan,0.108989716,0.0220144,0.014779724,0.052362762,0.032309964,inf,inf,inf,inf,1,1,1,1,2,1,1,1,1,0,0,1,0
51388112,51387803,0,nan,nan,0.05633345,-0.23945807,-0.07349268,0.009514783,-0.01459045,0.113960005,0.008861957,-0.016592203,-0.007993426,0.016896311,-0.0025048004,0.0047038076,-0.0029560828,0.40294972,0.43452793,-0.17501977,-0.05444321,-0.0138457995,nan,0.10652591,0.02191108,0.0147078475,0.052119732,0.032235265,inf,inf,inf,inf,1,1,1,1,2,1,1,1,1,0,0,1,0
51476663,51476343,0,nan,nan,0.057125624,-0.24115114,-0.07143119,0.009514783,-0.01459045,0.113960005,0.008163238,-0.01823032,-0.006272177,0.017750012,-0.0025048004,0.0047038076,-0.0029560828,0.19485055,0.20470038,0.025468407,-0.054427467,-0.0138457995,nan,0.10479774,0.022226382,0.014886196,0.052511476,0.032499555,inf,inf,inf,inf,1,1,1,1,2,1,1,1,1,0,0,1,0
51586281,51585954,0,nan,nan,0.058027785,-0.2428802,-0.06932276,0.009514783,-0.01459045,0.113960005,0.010610237,-0.019696457,-0.0038589318,0.018824503,-0.0025048004,0.0047038076,-0.0029560828,0.38595244,0.40958676,0.022849774,-0.054416917,-0.0138457995,nan,0.1029064,0.023317212,0.015536449,0.053740032,0.03327034,inf,inf,inf,inf,1,1,1,1,2,1,1,1,1,0,0,1,0
51677858,51676041,0,nan,nan,0.058755055,-0.2441801,-0.06803684,0.009514783,-0.01459045,0.113960005,0.008574041,-0.022001445,-0.0055250395,0.015904235,-0.0025048004,0.0047038076,-0.0029560828,-0.50909036,-0.45540026,-0.077126786,-0.05435059,-0.0138457995,nan,0.10180534,0.023269404,0.015529773,0.053192798,0.033140592,inf,inf,inf,inf,1,1,1,1,2,1,1,1,1,0,0,1,0
51784581,51779644,0,nan,nan,0.059448108,-0.24522647,-0.06697873,0.009514783,-0.01459045,0.113960005,0.010600392,-0.021783061,-0.004600749,0.015404499,-0.0025048004,0.0047038076,-0.0029560828,0.06610541,-0.0180536,0.21185897,-0.054385815,-0.0138457995,nan,0.10111478,0.021454444,0.01445223,0.05046637,0.031863347,inf,inf,inf,inf,1,1,1,1,2,1,1,1,1,0,0,1,0
51879295,51878742,0,nan,nan,0.059913307,-0.24569297,-0.06621109,0.009514783,-0.01459045,0.113960005,0.009686179,-0.02080417,-0.004413773,0.014159822,-0.0025048004,0.0047038076,-0.0029560828,-0.47015613,-0.055342417,0.35421383,-0.054314606,-0.0138457995,nan,0.10044896,0.020522362,0.013867515,0.04959619,0.031450953,inf,inf,inf,inf,1,1,1,1,2,1,1,1,1,0,0,1,0
51978287,51976339,0,nan,nan,0.060311075,-0.24600649,-0.065752834,0.009514783,-0.01459045,0.113960005,0.009615737,-0.020107418,-0.004499909,0.012605287,-0.0025048004,0.0047038076,-0.0029560828,-0.26073384,0.20257738,0.29689977,-0.054216363,-0.0138457995,nan,0.1,0.021335876,0.014371548,0.050554305,0.032127332,inf,inf,inf,inf,1,1,1,1,2,1,1,1,1,0,0,1,0
52084747,52079947,0,nan,nan,0.060586296,-0.2461732,-0.06547935,0.009514783,-0.01459045,0.113960005,0.012090448,-0.019950565,-0.005652706,0.010042656,-0.0025048004,0.0047038076,-0.0029560828,0.9419714,-0.006758581,-0.3794543,-0.05415102,-0.0138457995,nan,0.1,0.022059642,0.014835894,0.051195163,0.032658264,inf,inf,inf,inf,1,1,1,1,2,1,1,1,1,0,0,1,0
52180902,52180543,0,nan,nan,0.060512744,-0.24594183,-0.06528837,0.009514783,-0.01459045,0.113960005,0.009609898,-0.016334483,-0.0064119357,0.0079884315,-0.0025048004,0.0047038076,-0.0029560828,0.4715046,0.29032648,-0.53177655,-0.054105222,-0.0138457995,nan,0.1,0.021833071,0.014721861,0.050756868,0.032538723,inf,inf,inf,inf,1,1,1,1,2,1,1,1,1,0,0,1,0
52282955,52282645,0,nan,nan,0.060489696,-0.2460359,-0.06539439,0.009514783,-0.01459045,0.113960005,0.008445704,-0.019943003,-0.0059260004,0.0071671093,-0.0025048004,0.0047038076,-0.0029560828,0.051865462,-0.0391041,-0.055702426,-0.05405084,-0.0138457995,nan,0.1,0.026017457,0.017305555,0.05564078,0.035336647,inf,inf,inf,inf,1,1,1,1,2,1,1,1,1,0,0,1,0
52385065,52380242,0,nan,nan,0.060701806,-0.2467341,-0.065774985,0.009514783,-0.01459045,0.113960005,0.010470775,-0.023887426,-0.0070345853,0.0047516814,-0.0025048004,0.0047038076,-0.0029560828,0.029550498,-0.007967649,-0.05317773,-0.054090396,-0.0138457995,nan,0.1,0.030805666,0.020238949,0.06047676,0.03806008,inf,inf,inf,inf,1,1,1,1,2,1,1,1,1,0,0,1,0
52481179,52480841,0,nan,nan,0.061349265,-0.24816968,-0.06640482,0.009514783,-0.01459045,0.113960005,0.013822718,-0.027871896,-0.008453339,0.0020479215,-0.0025048004,0.0047038076,-0.0029560828,0.022824928,-0.08000727,-0.01558839,-0.05407802,-0.0138457995,nan,0.1,0.036164436,0.023492314,0.06539593,0.040723953,inf,inf,inf,inf,1,1,1,1,2,1,1,1,1,0,0,1,0
52586288,52585947,0,nan,nan,0.06250605,-0.2505864,-0.06742268,0.009514783,-0.01459045,0.113960005,0.01712065,-0.03390688,-0.010048025,-0.0007550863,-0.0025048004,0.0047038076,-0.0029560828,0.042720847,-0.053414665,0.02426464,-0.054106724,-0.0138457995,nan,0.1,0.042058393,0.027043667,0.070157476,0.043339342,inf,inf,inf,inf,1,1,1,1,2,1,1,1,1,0,0,1,0
52685381,52685044,0,nan,nan,0.064053774,-0.25363293,-0.06867744,0.009514783,-0.01459045,0.113960005,0.020535806,-0.0390654,-0.012438707,-0.0042649847,-0.0025048004,0.0047038076,-0.0029560828,0.021082066,-0.026301775,-0.030702835,-0.054139163,-0.0138457995,nan,0.1,0.04846594,0.030876921,0.07495924,0.045914456,inf,inf,inf,inf,1,1,1,1,2,1,1,1,1,0,0,1,0
52787466,52782642,0,nan,nan,0.06601419,-0.2573818,-0.070213065,0.009514783,-0.01459045,0.113960005,0.024227371,-0.045260046,-0.014372069,-0.007243583,-0.0025048004,0.0047038076,-0.0029560828,0.05352329,-0.05129035,-0.009271722,-0.05413664,-0.0138457995,nan,0.1,0.055385716,0.03498024,0.07997249,0.048455764,inf,inf,inf,inf,1,1,1,1,2,1,1,1,1,0,0,1,0
52886543,52881785,0,nan,nan,0.068449564,-0.26198363,-0.071914844,0.009514783,-0.01459045,0.113960005,0.0276947,-0.0514975,-0.015265229,-0.009083199,-0.0025048004,0.0047038076,-0.0029560828,0.04399315,-0.06468537,-0.027496539,-0.054173302,-0.0138457995,nan,0.1,0.06281093,0.039344806,0.08481158,0.05096825,inf,inf,inf,inf,1,1,1,1,2,1,1,1,1,0,0,1,0
52981143,52980838,0,nan,nan,0.0712818,-0.26727033,-0.07378946,0.009514783,-0.01459045,0.113960005,0.03198654,-0.057848375,-0.016710563,-0.011377293,-0.0025048004,0.0047038076,-0.0029560828,0.070639394,-0.06227842,-0.0039940397,-0.05414993,-0.0138457995,nan,0.1,0.0707265,0.04396394,0.08961848,0.05345605,inf,inf,inf,inf,1,1,1,1,2,1,1,1,1,0,0,1,0
53080244,53079940,0,nan,nan,0.07460258,-0.27336267,-0.07584592,0.009514783,-0.01459045,0.113960005,0.03535536,-0.063674234,-0.018197965,-0.013622281,-0.0025048004,0.0047038076,-0.0029560828,0.017196221,-0.03352551,-0.03490382,-0.05415004,-0.0138457995,nan,0.10006427,0.07913041,0.0488325,0.09450081,0.055922434,inf,inf,inf,inf,1,1,1,1,2,1,1,1,1,0,0,1,0
