gyro_rad[0],gyro_rad[1],gyro_rad[2],accelerometer_m_s2[0],accelerometer_m_s2[1],accelerometer_m_s2[2],timestamp,DTMode
0.065579616,0.020381944,-0.30844542,0.8195826,-1.3731164,-8.900856,143806868,2_7
0.059913646,0.00053502445,-0.22684154,0.14119247,0.7715113,-9.826559,143817370,2_7
0.10116826,0.044819936,0.08360392,-0.8449471,0.4752708,-10.292958,143821872,2_7
0.063589185,0.0070959684,0.056078807,0.49462834,-3.3512466,-9.822112,143832381,2_7
0.053116485,0.022407908,-0.5232107,-1.1683099,-2.1220295,-9.862596,143836885,2_7
-0.014304995,0.00060807745,-1.3705226,0.7775092,0.7393188,-9.843025,143847392,2_7
-0.03574106,0.010575677,-1.2841772,-0.297237,-0.57491803,-10.514806,143851896,2_7
-0.063438855,0.0008635788,-0.95235556,1.1602554,2.4968286,-9.291251,143856445,2_7
-0.033467107,0.06572535,-0.06901016,-0.5516999,1.3758535,-10.087406,143866909,2_7
0.022987692,0.029869478,0.07802467,0.68432647,-0.8110768,-9.553981,143871457,2_7
0.09913787,0.02572641,-0.6505553,-0.98496145,-3.1674592,-8.775114,143881922,2_7
0.054863654,-0.0021939466,-1.1373447,0.16058211,-3.7088895,-9.916444,143886470,2_7
0.041145064,-0.03215774,-1.1389087,1.0736138,2.9271634,-9.768176,143890928,2_7
0.059843432,-0.028235912,-0.58093953,-0.070796005,1.8054923,-9.966059,143896934,2_7
0.034578443,0.012657275,0.14506741,-0.75366735,2.8891008,-9.311985,143901482,2_7
0.07985854,-0.0026117067,0.68231267,0.63924754,3.1420388,-8.814535,143905940,2_7
0.097819366,0.010469836,0.84123266,-0.21346527,-0.47074163,-9.292117,143914950,2_7
0.089307345,0.018988358,0.4518008,0.6320245,-3.8936026,-9.031991,143919450,2_7
0.043045793,-0.049394447,-0.3299552,-0.41932935,-2.447221,-9.812322,143929959,2_7
-0.012432681,-0.044355456,-0.7189287,-0.85408837,-1.213323,-8.988152,143934462,2_7
-0.077180006,-0.065748714,0.0883022,0.8872827,3.6743572,-9.936125,143944972,2_7
-0.10119607,-0.0047299666,0.61302114,-0.7381598,1.4424334,-10.947402,143949474,2_7
-0.08637672,0.029088032,0.88708377,-0.3752967,0.025076244,-7.976376,143954025,2_7
-0.092629194,0.01236905,0.71418846,0.6068018,-2.8720436,-9.188674,143959983,2_7
-0.08387691,0.04258083,0.2875543,-0.4287888,-3.1084998,-9.593152,143964486,2_7
-0.088727176,0.032129988,-0.18121366,-0.6247006,-2.509783,-8.20686,143969068,2_7
-0.09523359,0.01016257,-0.60553896,0.4765712,-0.41625786,-9.861159,143979499,2_7
-0.115943685,-0.0013629927,-0.26697806,0.83443606,2.5437198,-8.722601,143984048,2_7
-0.066864066,0.077651955,0.5864206,-0.6284313,1.5561379,-9.240524,143994514,2_7
-0.0039584436,0.041429523,0.7909261,0.6828798,-0.020260632,-9.658593,143999060,2_7
0.026524374,0.039327987,0.59757406,-0.44328773,-2.221075,-8.97543,144003518,2_7
0.049506478,0.049851008,0.17372912,-0.28496307,-3.147773,-7.485514,144009523,2_7
0.05088598,-0.0022335837,-0.28020415,0.26686302,-1.9172449,-7.8279634,144014072,2_7
0.019110017,-0.0068073194,-0.45954055,0.037841294,0.07079012,-9.795723,144024535,2_7
-0.03508212,-0.013282112,-0.110555686,-0.438922,0.96364254,-7.6089625,144029084,2_7
-0.025404504,0.00506037,0.2734656,-0.21151818,2.75143,-7.687344,144033542,2_7
-0.012785276,0.005984938,0.58604187,1.0304457,2.003139,-9.499168,144038046,2_7
-0.014072249,-0.0019571262,0.6890189,0.27576983,-1.9305081,-9.921656,144042550,2_7
-0.021996982,-0.018065222,0.54474056,-1.1510099,-2.9916973,-8.300162,144047070,2_7
-0.082672775,-0.005388203,-0.02338486,-0.34643152,-2.6492615,-7.8997707,144057562,2_7
-0.1415464,-0.03689719,-0.44835842,0.83647996,-0.503022,-7.812407,144062066,2_7
-0.13948971,-0.03834663,-0.42580214,0.2873428,1.3205262,-10.271566,144066614,2_7
-0.11916002,-0.04437449,-0.14299977,-0.28729308,0.5477178,-9.805113,144072574,2_7
-0.16944754,-0.01129785,0.25439274,-0.31249365,0.60516596,-7.3868446,144077079,2_7
-0.0634282,-0.011347578,0.6266333,0.9483638,0.33005083,-8.499834,144087585,2_7
-0.039748635,-0.013909847,0.4269583,0.29401147,-2.3711839,-9.166078,144092089,2_7
0.0052197026,-0.016982153,0.114565335,-1.2676691,-3.173083,-8.901626,144096639,2_7
0.011765721,0.0058839372,-0.2449187,-0.849743,-3.3092515,-7.683352,144101099,2_7
0.016771067,-0.0076867524,-0.473349,0.9474495,-0.037379406,-7.8426366,144107102,2_7
0.07236027,-0.020944865,-0.40808275,0.13520902,1.92595,-9.616465,144111650,2_7
0.093328364,-0.0011115425,-0.12911482,-0.077799916,0.83164626,-8.723326,144116108,2_7
0.09667949,0.02299175,0.27899826,-0.1615468,0.8860774,-8.2468605,144122114,2_7
0.12692446,0.041494958,0.5821741,-0.14262503,0.7668733,-7.751293,144126662,2_7
0.1958312,0.010475592,0.37383997,0.44192812,-2.1687758,-8.618601,144137126,2_7
0.18605556,0.04255145,-0.021665897,-1.0898037,-2.6949377,-9.163059,144141674,2_7
0.1661321,0.027731378,-0.3413067,-0.9041684,-3.0601685,-8.286208,144146132,2_7
0.12809552,0.025026765,-0.48672682,0.26819196,-0.47916377,-7.917357,144150637,2_7
0.10942161,0.015568248,-0.40396038,0.22729176,2.0129101,-8.068668,144155140,2_7
0.08031318,0.032015156,-0.12982027,0.18251443,1.8856795,-8.06688,144159643,2_7
0.08299223,0.056469616,0.4206082,0.3249052,1.1435614,-8.3142605,144170152,2_7
0.064988345,0.06773631,0.63490313,0.039432786,-1.3711874,-9.246715,144174655,2_7
0.047167793,0.07050075,0.4508531,-0.6800668,-2.8477914,-8.105675,144179206,2_7
0.018061448,0.08143743,0.038090214,-0.41790968,-2.8068314,-7.3131304,144185164,2_7
0.003891226,0.012494901,-0.31069317,0.24402054,-1.4343735,-7.4743123,144189667,2_7
-0.038625214,-0.029052975,-0.3821478,0.26175377,0.4126377,-9.344086,144200176,2_7
-0.058966957,-0.009150786,-0.055909898,-0.42795548,0.8332627,-8.644105,144204679,2_7
-0.05049858,-0.008802335,0.30621278,-0.72875404,1.159419,-6.909541,144209254,2_7
-0.05029765,-0.014738477,0.55439335,0.0153101515,1.360231,-6.852597,144213687,2_7
-0.015839424,-0.038076736,0.5930177,0.89707077,-0.33993778,-8.038067,144219691,2_7
-0.0003717338,-0.049660403,0.34256217,0.5342312,-2.4436018,-8.636667,144224240,2_7
-0.017647684,-0.028947446,-0.3618977,-1.1993815,-2.277109,-7.90963,144234703,2_7
-0.009759979,-0.041746195,-0.4982394,-0.19918782,-0.8174263,-7.2844586,144239253,2_7
0.03824974,-0.034561608,-0.009925783,0.329169,1.9973133,-8.489705,144249715,2_7
0.035835125,0.02354811,0.389018,0.25130966,1.1315042,-8.558925,144254265,2_7
0.059662998,0.032122653,0.5898449,-0.33342466,-0.34614584,-8.307875,144258723,2_7
0.052760314,0.090031944,0.52111256,-0.9101438,-1.258872,-7.928426,144264728,2_7
0.094844,0.057289243,0.22324726,-0.3065108,-2.0858262,-7.0546,144269277,2_7
0.07156514,0.042182587,-0.1199603,0.71906894,-2.0940413,-7.0444083,144273735,2_7
0.075986385,0.010668741,-0.47796407,-0.4159908,-0.0227015,-8.380383,144282742,2_7
0.05778244,-0.013000531,-0.3364912,-0.15765889,0.26179537,-7.894559,144287255,2_7
0.062737,0.00029129675,0.17442572,0.21054909,1.4225683,-7.9450393,144297754,2_7
0.07756759,-0.0039004623,0.57138705,-0.0989421,-0.015707653,-7.8574996,144302260,2_7
0.08010868,-0.005342191,0.24294521,0.37151942,-1.7635648,-7.445937,144312766,2_7
0.07512935,-0.014635473,-0.13245717,0.025326684,-1.7840884,-8.201677,144317270,2_7
0.052836634,-0.003655118,-0.39097866,-0.2590227,-1.9954869,-8.445312,144321819,2_7
0.0019434883,-0.020668857,-0.44856682,0.30196646,-0.93260366,-8.360411,144327778,2_7
0.01393466,-0.0072682374,-0.21828082,0.14786428,1.4350836,-7.9310565,144332282,2_7
0.014108944,0.024625674,0.09015334,-0.6407728,1.706442,-7.8701563,144336831,2_7
0.009247367,0.042982902,0.58321196,0.5690328,0.21724536,-8.825023,144347294,2_7
-0.020452794,0.039695904,0.4551071,0.35519388,-2.2204041,-8.343585,144351843,2_7
-0.044514406,0.08602734,-0.20729323,-0.63755065,-1.6986378,-7.6760864,144362307,2_7
-0.025454503,0.068855695,-0.41987824,-0.32140762,-0.6977245,-8.667695,144366855,2_7
-0.02571489,0.09317449,-0.3976926,0.34920692,-0.11993376,-9.474402,144371314,2_7
0.00715478,0.0697594,-0.14158633,0.62021923,1.2603978,-7.951491,144377318,2_7
-0.0020514056,0.106309414,0.22946703,0.28513765,1.3049779,-7.4851418,144381867,2_7
0.0008588906,0.107784666,0.48955888,-0.5881052,0.44062188,-8.986736,144386325,2_7
0.0015355583,0.11043627,0.41780603,0.4124298,-1.5285057,-8.381978,144395333,2_7
0.009103906,0.0974016,0.12611286,0.2719205,-2.468826,-7.377362,144399838,2_7
-0.0029944126,0.06367883,-0.30930468,-0.060984325,-1.553129,-7.8143973,144410344,2_7
-0.06226316,0.048960775,-0.3806172,0.12708712,0.29600045,-8.85325,144414848,2_7
-0.03283305,0.036010433,-0.15108229,-0.9853717,1.0872486,-10.682869,144419397,2_7
-0.06918031,0.06837602,0.21446072,-0.07156316,0.7409433,-7.523972,144425357,2_7
-0.056426834,0.02707241,0.48229292,1.5569028,0.40997604,-6.634946,144429860,2_7
-0.05206668,0.029595988,0.555677,0.33676004,-0.6949734,-9.35114,144434410,2_7
-0.08824268,0.063300245,0.37311423,-1.1964369,-2.0806646,-10.31867,144440369,2_7
-0.11612126,0.05834832,0.02557511,-0.823158,-2.6610982,-8.58105,144444872,2_7
-0.15833347,0.048805702,-0.25869125,0.9345344,-1.7113345,-7.596176,144449446,2_7
-0.12398897,0.041679,-0.33811253,-0.76449144,-0.63250923,-9.477161,144459884,2_7
-0.16926701,0.06834287,-0.092656516,-0.07599923,-0.12989259,-8.801777,144464433,2_7
-0.1305934,0.07074418,0.23400049,0.32954964,2.2288725,-8.545695,144468891,2_7
-0.080551766,0.05550266,0.47266203,0.5854982,0.81474483,-8.9406,144474896,2_7
-0.06750348,0.051985245,0.488583,-0.66163254,-2.4986074,-9.361744,144479446,2_7
-0.037297793,0.0043528993,-0.038908806,0.42907336,-0.6369147,-8.490178,144489908,2_7
-0.046046417,-0.030661792,-0.31284487,-0.13993306,-1.4487598,-9.157835,144494457,2_7
-0.06953061,-0.047158457,-0.24944542,-0.073667444,1.4394889,-9.0543585,144504921,2_7
-0.04133631,-0.02763723,0.037957177,-0.38701114,0.9832796,-8.843187,144509472,2_7
-0.036105093,-0.03828508,0.31195903,1.0340973,0.12805182,-9.288336,144513927,2_7
-0.016736047,-0.029072518,0.46048325,0.10027178,-0.82989544,-9.694612,144518431,2_7
0.005684634,-0.028828286,0.45439523,-1.024047,0.20407864,-9.283425,144522935,2_7
0.02420433,-0.010267084,0.26353106,0.15175703,-2.4828696,-9.213186,144527452,2_7
0.049164966,-0.04068366,-0.15811755,0.45759386,-1.9256984,-9.460313,144537953,2_7
0.06932949,-0.038516838,-0.35822502,-0.54762983,0.48188913,-9.814339,144542450,2_7
0.09027583,-0.041101724,0.038324423,1.4866282,2.5409858,-8.662637,144552959,2_7
0.11171157,-0.030484527,0.32257116,0.039107468,0.17092076,-10.504525,144557462,2_7
0.13332802,-0.025529848,0.37390634,0.67356277,-1.051604,-8.722609,144567971,2_7
0.18759263,-0.041305482,0.1467167,0.26309505,-0.47870442,-9.949996,144572475,2_7
0.20319492,-0.0057140826,-0.1144261,-1.28402,-3.346209,-10.120241,144577023,2_7
0.16994888,-0.015447594,-0.31579742,0.6857823,-0.92084694,-8.693219,144581482,2_7
0.17389402,-0.032132253,-0.30742282,-0.0720461,0.26885188,-10.474964,144587487,2_7
0.15255587,-0.0074021197,-0.14914612,0.44521353,-0.8466155,-10.190858,144592035,2_7
0.17024162,0.019676857,0.34208152,-0.64114505,1.1176014,-10.072146,144602499,2_7
0.12033754,0.010455501,0.41657752,0.94368595,-1.4638535,-9.836192,144607048,2_7
0.11802431,0.026789933,0.035801675,-1.0295973,-1.476811,-10.272598,144617512,2_7
0.05748871,0.0014003154,-0.19743027,0.882066,-2.9868498,-9.717085,144622060,2_7
0.06562899,0.0009191583,-0.29363215,-0.26170826,1.0020571,-10.630673,144626518,2_7
0.054679766,0.039218996,-0.11934528,1.6457722,2.250093,-8.912983,144635525,2_7
0.069091074,0.029566668,0.10046963,-0.025415694,-0.19200584,-10.960986,144640029,2_7
0.094569415,0.028233754,0.31862852,-0.50338995,-0.81724864,-10.524741,144650537,2_7
0.11750482,0.014026566,0.24058075,0.82351685,-0.4440987,-9.324548,144655041,2_7
0.1276931,-0.013023218,-0.17390059,-0.06863084,-2.136681,-9.794247,144665552,2_7
0.09872417,-0.0523551,-0.26757023,0.33788702,0.8186133,-9.388033,144670052,2_7
0.09310504,-0.034295656,-0.049914915,-0.19730811,1.6029438,-10.526495,144680561,2_7
0.10849063,-0.027876094,0.18014741,-0.71365106,0.19891305,-9.894343,144685065,2_7
0.122775465,-0.022774767,0.2974664,1.054394,0.11205882,-10.590343,144689656,2_7
0.12777849,0.02638535,0.1870118,-0.34745792,-1.8313684,-10.218955,144700077,2_7
0.11179574,0.02279585,-0.034990136,0.7329936,-2.3957825,-10.776404,144704626,2_7
0.12243614,0.052704256,-0.24421604,0.23369336,-1.7095017,-9.353236,144715089,2_7
0.11270719,0.0253216,-0.16417263,1.5337926,1.5820752,-10.321509,144719638,2_7
0.13081765,0.033729002,-0.011475508,-1.5607797,-1.9253603,-11.65726,144724096,2_7
0.10400942,0.051031772,0.14865613,0.8262896,1.0396316,-9.628815,144730101,2_7
0.103137985,0.02448364,0.29019213,-0.011555821,0.092721686,-10.873835,144734651,2_7
0.10991244,0.04024241,0.2662059,-1.0507051,-1.1985506,-10.744977,144739108,2_7
0.093809836,0.026613731,0.11470733,1.4483014,-1.2385432,-9.37535,144745114,2_7
0.04866692,0.029525362,-0.063689336,-0.6785773,-2.20821,-11.4402275,144749662,2_7
0.016895222,0.039343152,-0.21569867,-0.6395847,-1.9193684,-11.330063,144754120,2_7
-0.030597255,0.021810472,-0.1567867,0.29458195,-2.11229,-11.038307,144763127,2_7
-0.026133751,0.0141060315,-0.009569671,-0.06451081,1.8827069,-10.734836,144767656,2_7
0.010897473,0.041007154,0.19837502,0.01829681,-0.8509425,-10.595536,144778139,2_7
0.009415967,0.02208295,0.20004514,-0.3191749,-1.7127239,-11.729646,144782643,2_7
0.07830473,0.053339187,0.034062043,-0.16674453,-0.2324486,-10.666125,144791652,2_7
0.08134034,0.04950926,-0.19296893,0.4571532,-3.3864548,-10.126459,144796154,2_7
0.116888575,0.06508823,-0.19365986,-0.2811447,-1.6127163,-10.930164,144806662,2_7
0.07953534,0.05894294,-0.011837544,0.74059606,0.11379104,-11.248183,144811165,2_7
0.09622739,0.07328258,0.1399454,-1.1714107,1.8698165,-10.838558,144815670,2_7
0.09001668,0.07119038,0.24944876,1.2177094,-2.0506666,-10.019003,144821675,2_7
0.045389302,0.054200612,0.22285219,-0.14988878,-0.76606447,-11.080209,144826177,2_7
0.02820097,0.029344771,-0.082539275,0.43542808,-3.377416,-10.495684,144836686,2_7
0.04621965,0.017796712,-0.22580263,-0.38912728,1.1872587,-10.240215,144841189,2_7
0.08444913,0.0041238363,-0.27028006,0.46607125,-2.3217301,-10.831005,144845693,2_7
0.06755395,-0.0013762837,-0.19037302,0.41141754,0.22169448,-10.974923,144850197,2_7
0.09832605,0.018250128,-0.052425314,-1.1525756,0.5776184,-11.139621,144854746,2_7
0.1329832,0.031042064,0.12864254,0.92799187,0.0029154979,-10.426505,144859204,2_7
0.16906354,0.017585946,0.2439818,-0.13217612,-0.08547059,-10.16781,144869758,2_7
0.1963123,7.707026e-05,0.13028067,0.25022894,-1.5655062,-10.401951,144874216,2_7
0.16932453,-0.009216266,-0.039273318,0.083462216,-3.3862333,-11.061017,144878720,2_7
0.12705907,-0.022039361,-0.20915966,-0.6496667,0.7168498,-10.269037,144884770,2_7
0.13200161,-0.039010514,-0.285357,0.29267126,-1.5044924,-10.033343,144889228,2_7
0.11601063,-0.03422792,-0.05484535,-0.59885496,0.50527364,-10.237541,144899784,2_7
0.10431138,-0.03633086,0.12093998,0.7945166,-0.6117156,-10.468522,144904241,2_7
0.12489921,0.0054266234,0.24542065,-0.23545188,0.90419024,-9.361657,144914797,2_7
0.092300415,-0.016791394,0.09035365,0.6704449,-2.9494705,-10.435828,144919253,2_7
0.06365657,-0.010187713,-0.06309055,-0.3639916,-1.4727422,-10.5852165,144923756,2_7
0.054411948,0.004889282,-0.20375422,-0.063309476,-0.7019656,-9.640311,144928259,2_7
0.009912659,-0.014861741,-0.2641218,0.46115252,-1.5763401,-10.800562,144934264,2_7
0.0016532628,-0.017209986,-0.16196536,-0.50782716,0.86446434,-10.340186,144938768,2_7
-0.016437942,-0.0131669715,0.17193356,0.73534274,-0.86540943,-10.484122,144949276,2_7
-0.020240067,0.019453127,0.25752732,-0.72277856,-0.4145439,-10.287431,144953780,2_7
-0.005543485,0.007447715,0.045958422,-0.20772333,-2.5332196,-11.278045,144964289,2_7
-0.0043905834,0.00296941,-0.14362277,-0.48874053,-0.5754724,-9.329488,144968792,2_7
-0.0093975775,-0.016492503,-0.25448874,0.817774,-0.9898594,-8.682736,144973295,2_7
0.003781944,-0.031980664,-0.15827057,-0.57350844,0.1387655,-10.012096,144982348,2_7
-0.00012374696,-0.015605148,0.021700073,0.42192012,0.6216882,-9.350831,144986821,2_7
0.0023307418,-0.021052158,0.21051481,-0.03802291,-0.6786893,-10.804113,144997360,2_7
0.025268491,-0.020708637,0.21118957,-0.4949542,-0.11824599,-8.844641,145001821,2_7
0.028377865,-0.06198283,-0.14328964,-0.515419,-2.321375,-12.3434,145012372,2_7
0.018066563,-0.032769114,-0.26278862,-0.49191603,-0.80958253,-9.399786,145016830,2_7
0.0027805096,-0.049520526,-0.26115024,0.9002067,-0.024987573,-9.036717,145021335,2_7
0.010560068,-0.05245259,-0.099419884,-0.39687005,0.08914906,-11.5368805,145027384,2_7
0.015854768,-0.03711209,0.07472345,-0.41556147,0.8578015,-8.8752575,145031843,2_7
0.0110281035,-0.05177423,0.2068613,1.363539,0.14662282,-8.6060505,145036356,2_7
0.039228886,0.0061771506,0.13016918,-0.5445709,-1.1886802,-9.0431385,145046855,2_7
0.025984563,-0.03046318,-0.020866666,0.91615015,-1.3363683,-8.751089,145051358,2_7
0.04594571,0.0323332,-0.288355,-0.15443166,-0.6498388,-8.92389,145061866,2_7
0.016016815,-0.012896048,-0.21894883,1.3800957,0.23352921,-8.83232,145066370,2_7
0.02855144,-0.0024942586,-0.07762346,-0.34668866,-0.49390036,-11.749926,145070874,2_7
0.020546013,0.024679534,0.14103037,-0.6470564,0.39494038,-8.962016,145076879,2_7
0.004131721,-0.010476352,0.29186523,1.0768218,0.3684659,-8.655538,145081383,2_7
0.031557027,-0.011529887,0.2646303,-0.5876449,-0.80013275,-11.533142,145085887,2_7
0.026496546,0.010923848,-0.07324548,1.2355301,-1.9772524,-8.129077,145094938,2_7
0.012113025,-0.018432327,-0.19771352,-0.76690495,-1.2662194,-11.35398,145099396,2_7
0.012620606,-0.013606062,-0.25815874,-0.24849609,-0.36743984,-9.509596,145109950,2_7
0.017107923,-0.04191761,-0.037273742,1.3506466,0.6636426,-8.69835,145114408,2_7
0.090488754,0.021921275,0.23487473,-0.45862234,0.21750206,-9.134665,145124963,2_7
0.0788537,-0.011554875,0.24847217,1.1130267,-1.6870794,-8.112002,145129420,2_7
0.077175245,-0.018753951,0.108781904,-0.49474627,-0.9509458,-10.8011875,145133924,2_7
0.086066395,0.013032369,-0.101765886,-0.49578887,-2.1503277,-10.222366,145139975,2_7
0.04587756,-0.026049597,-0.23084237,0.8439628,-1.4955206,-8.615468,145144432,2_7
0.02780836,0.009506342,-0.15283492,-0.6838353,0.30209652,-9.941294,145154987,2_7
0.008203492,-0.029301513,0.05538585,1.5629773,0.34431025,-8.568558,145159444,2_7
0.016394785,-0.008759262,0.19979,-0.13867432,-0.017199121,-10.365229,145163948,2_7
0.015840959,0.013142713,0.265523,-0.64820087,-0.65458393,-10.328864,145168452,2_7
0.020548139,0.013421729,0.19733024,0.25092924,-2.247851,-9.177015,145174457,2_7
0.030954134,0.02118528,0.040426455,-0.32378438,-0.6311392,-9.466292,145178960,2_7
0.034653172,0.025105342,-0.14793615,-0.030973993,-0.68985164,-9.970672,145183464,2_7
0.062381275,-0.0030700292,-0.2668764,0.511096,-1.8486516,-9.427544,145189468,2_7
0.05175658,-0.00269229,-0.2604338,0.07433305,-0.13417761,-9.478297,145193972,2_7
0.09946927,-0.005876443,0.08210149,0.48487434,-0.24947715,-9.818833,145204481,2_7
0.1309046,0.009037167,0.25519335,-0.14670789,0.11868337,-9.765554,145208984,2_7
0.12644859,0.012904584,0.2675637,0.13007648,0.8502187,-9.601953,145213488,2_7
0.13921143,0.0018785852,0.16732116,-0.0025125386,-2.755256,-10.350397,145217992,2_7
0.11643961,0.008942425,-0.013938558,-0.29116964,-2.349619,-8.97598,145222540,2_7
0.07281471,0.010058505,-0.17549849,0.44246066,-0.21878469,-9.318559,145227036,2_7
0.033141393,-0.017864969,-0.25980172,-0.10303563,-0.7662183,-10.104947,145237553,2_7
-0.017616753,-0.026096195,-0.08459042,-0.12927164,-0.64821357,-9.729292,145242010,2_7
-0.041620933,-0.012886324,0.09122463,0.10489521,1.7792081,-8.952588,145246515,2_7
0.019720113,0.0026574072,0.24578822,0.17130813,0.85981536,-10.148833,145252564,2_7
0.011615656,0.015444674,0.25288534,-0.7107946,-2.3179111,-9.837078,145257023,2_7
0.04387663,-0.029227862,-0.06573202,0.5763445,-0.9481427,-9.922417,145267576,2_7
0.04322529,-0.013344994,-0.23900959,-1.5849335,-2.3808308,-10.552003,145272034,2_7
0.02845988,-0.047811072,-0.29636344,0.39166135,-0.6804715,-8.524331,145276561,2_7
0.050168347,-0.073810674,-0.21309185,0.80004174,1.9778031,-9.854932,145281042,2_7
0.09452638,-0.06918358,-0.0257785,-0.6777253,-0.3772132,-10.589529,145287047,2_7
0.055353153,-0.03975611,0.134728,-0.13582774,-0.360897,-8.879948,145291550,2_7
0.07991423,-0.059302878,0.21172865,-1.2222936,-1.1061081,-10.928692,145302059,2_7
0.05223506,-0.029913817,0.05326455,-0.7132725,-1.7375089,-9.523901,145306562,2_7
0.014563305,-0.100424096,-0.24418044,-0.28461933,0.010199984,-10.23058,145317073,2_7
-0.03067277,-0.08934017,-0.28706336,-0.9272614,-1.4086145,-9.172663,145321574,2_7
-0.06953557,-0.103220046,-0.1788996,1.0035158,0.08616801,-9.804019,145326087,2_7
-0.0498101,-0.11719842,0.011711556,0.39130947,0.6165851,-10.885435,145330581,2_7
-0.013529601,-0.093048625,0.17278507,-1.394616,0.52802354,-9.98714,145335130,2_7
-0.023137731,-0.04120169,0.26890516,0.6382999,-0.11003752,-9.504767,145339590,2_7
0.008280945,-0.03002931,0.15202396,-0.028355189,-1.455329,-10.370735,145350142,2_7
0.04970318,-0.015269779,-0.12704022,-0.42775208,-0.4696367,-9.425761,145354600,2_7
0.105255134,-0.05974076,-0.3312756,0.65152144,-1.0313308,-10.960487,145365154,2_7
0.1177816,-0.04092697,-0.20918193,-0.37825078,0.6467846,-10.468049,145369612,2_7
0.12723278,-0.025720231,0.19520243,0.6479335,0.60825145,-10.264272,145380168,2_7
0.07610029,0.0134962695,0.29296827,-0.57214534,-0.73984057,-10.594436,145384625,2_7
0.043272436,0.015632093,0.24028921,0.48134536,-0.7419604,-8.858911,145389128,2_7
0.009806553,0.011070091,0.026699731,0.073644966,-1.6893287,-9.916907,145395179,2_7
-0.024777666,0.033261307,-0.19006553,-0.8041999,-1.9406359,-11.71944,145399636,2_7
-0.06705031,0.027195903,-0.3391078,-0.46365374,-0.81377876,-10.088647,145404140,2_7
-0.15322928,-0.022052502,-0.17164269,0.28610706,0.32854208,-10.274949,145414648,2_7
-0.21111219,0.0054735476,0.051126998,-0.75381905,-0.121389315,-11.171972,145419152,2_7
-0.25777277,-0.037410114,0.31711835,0.018434135,-1.2366524,-10.119957,145429661,2_7
-0.24960935,-0.020815067,0.23669462,-0.58475167,-0.18572961,-10.137152,145434167,2_7
-0.21261738,-0.06273467,0.048988152,0.70963967,-1.7429566,-10.8411665,145438670,2_7
-0.21327727,-0.081641786,-0.18704094,-0.31203124,-2.3474536,-11.052627,145444673,2_7
-0.17054237,-0.06372257,-0.33740756,-0.18298925,-0.82820845,-9.223171,145449176,2_7
-0.14906842,-0.05793131,-0.30293706,0.488601,0.16456372,-9.988915,145453680,2_7
-0.05223676,-0.017820213,0.050868053,-0.756537,-0.20730819,-11.021193,145462737,2_7
-0.028956944,0.034421477,0.24107832,-0.058134012,0.7541527,-9.51384,145467193,2_7
0.015104554,0.07837404,0.26582566,0.27001175,-0.9811421,-10.9690075,145477745,2_7
0.052620795,0.09769219,0.03737169,-0.77885187,-1.8454022,-12.448183,145482202,2_7
0.0810603,0.036648564,-0.30201402,0.99545497,-0.22026186,-8.896174,145492759,2_7
0.06552771,0.01012413,-0.25795063,0.2533872,-0.07268999,-10.680482,145497214,2_7
0.051073954,0.0017521916,-0.10855319,-0.6425903,-0.27957514,-11.785568,145501720,2_7
0.06987863,0.007148604,0.12716277,0.04493755,0.37975198,-10.468495,145507769,2_7
0.073027626,-0.00066741294,0.30823267,0.6607576,-0.3016735,-9.95138,145512226,2_7
0.075775355,0.030383581,0.32736558,-0.5769577,-0.77150226,-11.113574,145516761,2_7
0.11284978,0.09156244,-0.044341613,-0.005257672,-1.6060268,-11.435065,145527238,2_7
0.10254056,0.10926574,-0.26307923,-0.07037577,-2.0614684,-10.0917015,145531745,2_7
0.07444143,0.08658,-0.33244988,-0.0011825843,-0.82617617,-9.466818,145536245,2_7
0.06252168,0.07383229,-0.23271939,-0.33538187,0.444459,-11.011398,145542251,2_7
0.061878663,0.061215665,-0.0069380426,-0.21317098,0.95346,-11.456316,145546755,2_7
0.06906485,0.034861814,0.20378971,0.37276858,-0.8104864,-10.525452,145551259,2_7
0.018841922,-0.0022192125,0.2983467,0.33166435,-1.327826,-10.803563,145557262,2_7
0.0061423657,-0.0626706,0.24110442,1.19648,-0.8354146,-11.186197,145561767,2_7
-0.008945901,-0.15282632,0.091688305,0.79572475,-1.0504059,-11.350564,145566277,2_7
-0.08533745,-0.22269602,-0.25669387,0.74376875,-2.2020266,-17.288269,145575322,2_7
-0.8652528,-0.22934304,-0.365086,7.2976766,-7.624505,-69.03645,145579781,2_7
-1.3110346,-0.30858058,0.1893054,2.0176268,-2.3353095,-31.741089,145590338,2_7
-1.3823795,-0.30257744,0.57758075,0.95822036,-0.26205194,-9.777212,145594793,2_7
-1.151012,-0.2234288,0.5162409,-1.3439443,-0.80720395,-11.245152,145599297,2_7
-1.013974,-0.106161445,0.3309812,-1.3358992,-1.501519,-11.394919,145605347,2_7
-0.4774587,-0.10893655,0.08177374,0.44057003,-1.8355554,-9.993881,145609805,2_7
-0.33643693,0.026875757,-0.11282841,0.3818099,0.17631464,-7.4101315,145614308,2_7
0.20168838,0.06601898,-0.27809733,-0.67618614,-0.9135641,-11.697423,145620358,2_7
0.4111422,0.24137412,-0.3221717,-0.26334104,-0.6773601,-7.4460416,145624816,2_7
0.8764969,0.3293242,0.07766093,-0.46265066,1.3621887,-8.551479,145635372,2_7
0.8754316,0.359904,0.27305937,0.014285298,-0.16741526,-6.4112267,145639829,2_7
1.0640097,0.30434796,0.33582246,-0.17225696,-0.44398925,-7.233273,145644332,2_7
0.8957009,0.3274122,0.26648888,-0.351707,-1.3194578,-7.6664977,145648836,2_7
0.89560974,0.26521385,0.045190267,0.15823594,-1.6176103,-4.370938,145654841,2_7
0.72957736,0.16469608,-0.17276819,-0.21936476,-1.2641673,-8.238015,145659346,2_7
0.49689898,0.039816335,-0.24429418,-0.25550053,0.28137368,-6.408836,145669853,2_7
0.29289308,0.009636554,-0.059926286,0.055684038,0.5394407,-6.080192,145674356,2_7
0.16116545,-0.053622674,0.36349255,-0.14236099,-0.20664844,-6.2857594,145684866,2_7
0.1366348,-0.073643565,0.3496559,0.055315662,-0.9182784,-6.1075387,145689368,2_7
0.09650388,-0.08861699,0.15678702,-0.2970346,-1.552009,-5.396996,145693872,2_7
0.05008481,-0.11163451,-0.27947843,-0.33579913,-1.4795525,-5.8993826,145702929,2_7
0.044758726,-0.11351263,-0.34743592,-0.09261158,-0.8829807,-6.26472,145707420,2_7
0.03892753,-0.122763336,-0.12344849,-0.22113259,0.8044201,-6.6849895,145717938,2_7
0.026385827,-0.11497996,0.27601427,-0.1011786,0.8108949,-6.1647015,145722397,2_7
-0.010765497,-0.08047326,0.32601607,-0.31464586,-1.3667878,-6.096289,145732948,2_7
0.015346666,-0.1226657,0.0960299,-0.12808844,-1.4744904,-7.0559745,145737406,2_7
-0.03235296,-0.0738492,-0.36775106,-0.18284106,-0.5392906,-6.755437,145747963,2_7
0.007215595,-0.09860488,-0.33201832,-0.16691908,0.004966602,-7.1196537,145752418,2_7
-0.012063266,-0.054273088,-0.15373462,-0.01564041,0.85353714,-7.1545515,145756948,2_7
0.03095226,-0.057038616,0.39116073,-0.17915866,0.055443067,-7.8626738,145767430,2_7
0.03425842,-0.031238731,0.41579488,0.1626524,-0.6043299,-7.1618342,145771934,2_7
0.009703344,-0.02500316,-0.07455854,-0.2434492,-2.128762,-7.426864,145782443,2_7
0.005367627,-0.048379112,-0.35324538,-0.14591406,-1.8430765,-7.599739,145786949,2_7
-0.44047692,-0.15058208,-0.42686263,-0.7253768,0.042072605,-18.640873,145791450,2_7
-1.5893099,-0.5221626,-0.19447862,3.1321895,-8.80961,-56.764862,145797455,2_7
-2.0554423,-0.47675392,0.27229366,3.0062306,-6.8657026,-37.790936,145801958,2_7
-2.0969427,-0.4329424,0.5642027,-0.2886683,1.4486245,-10.194777,145806472,2_7
-1.7749311,-0.336278,0.4043383,-0.4821776,-0.6570693,-7.3419185,145815514,2_7
-1.645536,-0.3464624,0.32737756,-0.5760393,0.5416704,-9.159065,145819973,2_7
-0.9597589,-0.09300525,0.16775766,-0.35958093,-0.56247455,-7.054361,145830526,2_7
-0.2790403,0.09901886,-0.050007813,-0.90687567,-1.3895214,-8.849652,145834984,2_7
0.3704814,0.3259586,-0.23113105,0.3120248,0.58705103,-6.3784986,145845539,2_7
0.6766803,0.515411,-0.16058639,-0.7706586,0.89887047,-7.439496,145850004,2_7
0.7413963,0.49629995,-0.0005681397,0.2655036,0.7363233,-5.33276,145854500,2_7
1.0468767,0.51717955,0.16466689,-0.18569085,0.14693946,-6.117221,145860551,2_7
0.9908897,0.5306721,0.21629855,-0.39647886,0.40446877,-5.671014,145865009,2_7
1.1551142,0.4350061,0.17001738,-0.020853965,-1.4969708,-4.3271337,145869513,2_7
1.0481241,0.4012513,0.0121648805,-0.23488349,-1.2720193,-6.9825363,145875562,2_7
0.98146373,0.26939908,-0.141901,0.37051523,-1.2331312,-4.2395034,145880022,2_7
0.9337332,0.2390902,-0.20061412,0.13887733,0.05410314,-5.834944,145884524,2_7
0.68886316,0.046341527,-0.03927521,-0.06612871,-0.19080621,-4.7696514,145895033,2_7
0.45939767,-0.0041937935,0.13685507,-0.6179191,0.12972549,-6.0863314,145899536,2_7
0.43991622,-0.099618845,0.22922517,-0.22113538,-0.77807313,-5.302451,145904042,2_7
0.041021507,-0.21131122,0.15561058,-0.18260133,0.13860695,-8.855831,145910045,2_7
-1.6589762,-0.95466834,-0.10319725,2.92861,3.2654665,-33.392517,145914549,2_7
-1.9461052,-1.2344339,0.061885446,-2.1508057,2.7424788,-11.674372,145925057,2_7
-1.8547553,-1.4320538,0.070788,-0.22461213,-1.5245799,-5.671418,145929560,2_7
-1.6934875,-1.1008024,0.1368405,-1.3549991,0.3478408,-7.481181,145934066,2_7
-1.7521621,-1.0423912,0.19800383,-0.05590539,-0.3531726,-6.6846976,145938567,2_7
-1.3596637,-0.7620097,0.091089904,-0.28632265,-1.0381352,-7.4644938,145944573,2_7
-1.5135363,-0.43101907,-0.026328707,-0.7231743,0.37439504,-6.13842,145949076,2_7
-0.9491961,-0.27543226,-0.12253716,-0.8818295,-1.4296001,-7.479182,145953579,2_7
-0.9519271,0.09480637,-0.19455257,-0.42395768,-0.11035659,-6.580825,145959584,2_7
-0.51656294,0.25364468,-0.15617812,0.023106243,0.59049225,-6.077097,145964088,2_7
-0.15107492,0.67804354,0.07639512,-1.5936793,2.376598,-7.5440216,145974596,2_7
-0.054762788,0.6218472,0.21649086,-6.182221,6.2499247,-14.970088,145979101,2_7
-0.57098126,0.24248132,0.21807735,-8.45232,7.476676,-20.635092,145983603,2_7
-0.1649459,0.23934396,0.09862028,0.6115615,1.3607392,-21.391954,145988153,2_7
0.008887158,0.6141312,0.0097730765,-1.2079346,0.48141664,-11.70178,145992611,2_7
0.3067096,0.65384567,-0.16069065,-0.19919652,-0.58072823,-4.577816,145997155,2_7
0.540979,0.6134996,-0.20537792,-0.4023327,0.29102528,-5.4509616,146007623,2_7
0.8299913,0.585949,-0.08700376,-0.32577074,0.9525522,-5.0480137,146012126,2_7
0.8704993,0.50902724,0.06373569,0.02573027,0.13278137,-4.5621824,146016630,2_7
0.9888952,0.45043066,0.15943941,0.287448,0.634148,-5.1604404,146022636,2_7
0.8032562,0.29340917,0.15862706,1.1785202,1.4639004,-9.052799,146027138,2_7
0.6903611,-0.075675905,-0.04673866,1.9992702,-1.6529547,-19.994957,146037650,2_7
0.6732455,-0.3049462,-0.08238608,1.0312744,0.11613561,-9.957494,146042153,2_7
0.6841381,-0.38131398,-0.102228545,0.71807724,1.0437176,-6.3987536,146046674,2_7
0.5467655,-0.4035348,-0.08863149,-0.57790804,-0.6743483,-4.876766,146051158,2_7
0.5657114,-0.4270577,0.03532856,0.3876647,-0.23706287,-4.3743424,146057165,2_7
0.541271,-0.44261143,0.116981134,-0.3524743,0.29644427,-5.990725,146061667,2_7
0.49881327,-0.3630499,0.08171969,-0.5038891,-2.0709045,-17.652315,146072176,2_7
0.25967103,-0.29565862,-0.023255007,-2.2780175,-3.0524902,-17.068485,146076678,2_7
0.073700085,-0.112134844,-0.09817155,-0.8232168,-0.44646898,-7.1306295,146087186,2_7
0.08158914,-0.0644975,-0.07045867,-0.705808,-0.9859305,-5.404908,146091690,2_7
0.08881972,0.0074931365,0.022487218,-0.31106573,-0.002933051,-6.599529,146096205,2_7
0.01623885,0.099523365,0.08006144,-0.6760748,-0.07552951,-9.119592,146100743,2_7
-0.054508347,0.19576463,0.09091311,-1.5490034,-1.8462456,-12.4623995,146105201,2_7
-0.13378628,0.24735112,0.050197646,-1.4627656,-2.217277,-14.393275,146109704,2_7
-0.234007,0.29540604,-0.09184328,-0.03003416,-0.5114183,-10.330143,146120213,2_7
-0.25206488,0.33647823,-0.11366686,-0.064697646,-0.35144565,-7.710907,146124717,2_7
-0.2057997,0.27447298,0.06235931,0.17187187,0.16440947,-9.266734,146135225,2_7
-0.11941867,0.2011013,0.15462439,0.6051304,0.5992167,-10.940497,146139728,2_7
-0.042685427,0.016614895,-0.017854623,0.84203494,-0.6347978,-9.667446,146150237,2_7
0.03543682,-0.05788579,-0.16184396,0.035301242,0.12756404,-8.292252,146154741,2_7
0.049247064,-0.10453892,-0.19906545,0.018544119,-0.15374753,-7.907364,146159244,2_7
0.13614711,-0.14514968,-0.08777054,-0.027400963,0.66988176,-9.055027,146165250,2_7
0.15433264,-0.17781688,0.07563829,0.3401081,0.61869514,-10.120071,146169752,2_7
0.18998395,-0.22603746,0.20681982,0.61937195,0.13990146,-10.871461,146174256,2_7
0.15132849,-0.23642436,0.102315925,-0.62554544,-1.3382155,-9.546132,146184765,2_7
0.11719164,-0.24599238,-0.07465651,-0.30489373,-1.849628,-9.064287,146189268,2_7
0.018854503,-0.16575277,-0.16648737,-0.5051326,-0.54882896,-10.087964,146199776,2_7
-0.044192396,-0.079432465,0.020891776,-0.54932445,0.04387703,-10.569953,146204280,2_7
-0.116255485,0.004761754,0.18741569,-1.1131747,-0.14021845,-10.137265,146208784,2_7
-0.15546693,0.05711026,0.24389192,-0.72361135,-1.0230012,-9.839874,146214788,2_7
-0.22572404,0.0788088,0.122941755,-0.36303806,-1.4253434,-9.422964,146219292,2_7
-0.25354713,0.1174733,-0.06524221,-0.43933582,-1.3429272,-9.666909,146223795,2_7
-0.2280055,0.1057222,-0.2374018,0.049999006,-0.39331624,-10.051556,146232803,2_7
-0.2315287,0.11884459,-0.10658338,0.30975053,1.4377662,-9.871504,146237307,2_7
-0.22247817,0.089674726,0.20231853,-0.05906852,0.7052075,-9.777241,146247815,2_7
-0.15362549,0.047095306,0.2869852,0.18026093,-0.1369096,-9.157306,146252318,2_7
-0.06385056,-0.022601712,-0.14044201,0.3524755,-1.3495622,-9.853175,146262827,2_7
-0.026162356,-0.01751346,-0.29636657,-0.42968208,-0.039924808,-9.855943,146267330,2_7
0.035643283,-0.05335964,-0.25594118,-0.3344692,0.4333492,-9.9109535,146271834,2_7
0.08119064,-0.070869595,-0.036288552,0.39675638,1.7744753,-9.30667,146277839,2_7
0.10959064,-0.08079691,0.261438,0.041433886,1.8611438,-9.713085,146282343,2_7
0.11680073,-0.08949917,0.229021,-0.6323194,-1.9676598,-9.780075,146292851,2_7
0.12451587,-0.0889012,-0.077611275,-0.4044595,-1.9068464,-10.125756,146297355,2_7
0.118068844,-0.08349521,-0.3017153,-0.2724663,-0.9032068,-9.8394165,146301858,2_7
0.054402195,-0.050873894,-0.35469806,-0.25811064,-0.34876025,-9.994683,146306362,2_7
0.06541826,-0.02865044,-0.14951347,-0.15578891,0.6447152,-9.44087,146312367,2_7
0.060920004,0.008056151,0.17796609,-0.23425026,1.2490246,-9.625317,146316872,2_7
-0.029273864,0.045295216,0.31956235,-0.5366371,-1.2131361,-9.7528715,146327379,2_7
-0.07539895,0.059417058,0.029025014,-0.56172776,-2.6421006,-9.88764,146331882,2_7
-0.07956418,0.03213936,-0.24774075,-0.018143967,-1.8158772,-9.5139265,146336427,2_7
-0.062416613,0.058885023,-0.41066912,-0.11175505,-0.82484764,-9.66965,146340935,2_7
-0.08384638,0.055600364,-0.3296441,-0.16513991,0.771319,-9.976978,146345393,2_7
-0.06756479,0.047597535,-0.056999136,-0.3049022,1.8883364,-9.604765,146349897,2_7
-0.08530049,0.04097683,0.36402556,0.29383308,0.6547461,-9.6344795,146360405,2_7
-0.07245074,0.03039458,0.3066613,-0.7277531,-1.3650092,-9.793609,146364909,2_7
-0.06892126,-0.016362857,0.030951187,-0.744543,-2.3430738,-9.785673,146369412,2_7
-0.010597069,-0.010172637,-0.27297783,0.36211392,-1.6631539,-9.796674,146375419,2_7
0.01816747,-0.012732434,-0.40856817,0.24453124,0.32323942,-9.620892,146379923,2_7
0.011462747,-0.029714536,0.067331426,-0.33368015,1.2339005,-9.244954,146390429,2_7
0.035777755,-0.028759293,0.37360632,-0.34379283,0.6604055,-9.842758,146394932,2_7
0.015019789,-0.039821137,0.17162733,-0.31328103,-1.7477467,-10.017537,146405441,2_7
-0.0017136019,-0.01727094,-0.1931252,-0.2924141,-2.4816606,-9.937686,146409946,2_7
0.026080275,-0.013126161,-0.40445334,-0.42305794,-1.3990006,-9.534813,146414448,2_7
0.04261578,0.007982762,-0.39565864,-0.19597217,0.53987795,-9.8119,146418952,2_7
0.0034860447,0.019467048,-0.10027785,-0.40569127,1.8349707,-9.919789,146424956,2_7
-0.04417471,0.013025441,0.25783294,-0.2470029,1.1665184,-9.609482,146429460,2_7
-0.024971906,0.013498393,0.32037884,-0.2471262,-1.2592775,-9.528834,146439969,2_7
-0.01241316,0.012562567,-0.03856438,-0.36191276,-2.2247093,-10.064577,146444472,2_7
-0.020889675,0.018865291,-0.4112335,-0.2981152,-0.3093578,-9.654073,146454981,2_7
-0.0006372056,0.02165113,-0.22720352,0.17135818,1.4022652,-9.759541,146459484,2_7
-0.020819355,0.013961251,0.08559257,-0.1618498,1.8353498,-9.68809,146463988,2_7
-0.030167704,0.0058632684,0.4551498,-0.61474407,-0.8523318,-9.774224,146472995,2_7
-0.014773156,-0.021105282,0.26274985,-0.39448592,-2.0849571,-9.69129,146477499,2_7
-0.0067108856,0.0021916998,-0.22343092,0.058687106,-1.6081747,-9.879093,146488007,2_7
0.012395744,-0.007921051,-0.4134181,-0.24830209,-0.0038290785,-9.687953,146492511,2_7
-0.008311759,-0.0088201305,0.17477864,-0.14456476,1.8791165,-9.533552,146503019,2_7
-0.039664842,-0.00821551,0.43191972,-0.24770965,0.7028942,-9.614002,146507523,2_7
-0.02544966,-0.033239175,0.13910753,-0.24401312,-2.4577088,-10.125268,146518032,2_7
0.017285835,-0.0022772832,-0.23221517,0.19572663,-1.7539101,-9.850731,146522535,2_7
-0.017528381,0.024724249,-0.42592636,-0.5411674,-0.94881064,-9.823105,146527038,2_7
0.002585446,0.024310669,-0.40743712,-0.202602,0.38813552,-9.682208,146533043,2_7
0.037511118,0.030380154,-0.08178595,-0.11560801,1.7041686,-9.595469,146537547,2_7
9.5927986e-05,0.011022317,0.26806587,-0.17981182,2.013939,-9.641474,146542050,2_7
-0.030072784,0.0005900147,0.40713564,-0.66317034,-1.5009965,-9.594345,146552559,2_7
-0.03658371,0.00020854048,0.06045295,-0.1537242,-2.681786,-10.176445,146557062,2_7
0.021252813,0.020869087,-0.25745726,0.4025155,-1.5248451,-9.421103,146561566,2_7
-0.0024234417,0.023389844,-0.4556583,-0.3428608,-0.59518325,-9.977118,146567571,2_7
-0.013670756,0.0303888,-0.37776965,-0.30091915,0.4681632,-9.811398,146572074,2_7
0.04051986,0.018848686,-0.06710375,-0.1278922,1.5601027,-9.305825,146576579,2_7
0.012573901,-0.009448257,0.31242743,-0.0655788,1.9756917,-9.673608,146582585,2_7
-0.0029455572,-0.013892116,0.48832303,-0.14912534,0.7680191,-9.783227,146587086,2_7
-0.00837587,-0.023503024,0.3554813,-0.50694966,-1.891103,-9.622803,146591590,2_7
0.06562406,0.00444413,-0.25902188,-0.08394812,-1.6114048,-9.443216,146600597,2_7
0.020120509,0.007808865,-0.4615464,-0.23827852,-0.12770154,-10.05044,146605127,2_7
0.05517131,0.018025372,-0.23630206,0.009748888,1.3168461,-9.561833,146615610,2_7
0.0038593493,-0.0066858553,0.3191793,-0.394538,1.6921698,-9.8127,146620113,2_7
-0.022427347,0.0058154487,0.47701892,-0.19107148,0.016096821,-9.810952,146624617,2_7
-0.01813726,-0.023807516,0.38621536,-0.66330326,-1.8648453,-9.416261,146630621,2_7
-0.032107882,-0.027401393,0.01815548,0.06011191,-2.9216008,-9.851425,146635125,2_7
0.0054638893,-0.019133255,-0.28010088,0.101887085,-1.5024743,-9.584111,146639629,2_7
-0.04584316,-0.0147402845,-0.44980833,-0.47273058,-0.5061549,-10.085634,146645633,2_7
-0.041392215,-0.0029716745,-0.32109627,-0.079711206,0.26947752,-9.736869,146650137,2_7
-0.013289529,-0.003720807,0.018727308,-0.16025898,2.3883588,-9.557044,146654658,2_7
-0.03766872,-0.019479096,0.47534615,-0.22016665,-0.21201514,-9.708501,146665149,2_7
-0.04631932,-0.014577301,0.2893684,-0.5583013,-1.9902151,-9.676435,146669652,2_7
-0.010725821,0.001206461,-0.03085326,-0.41207704,-2.5825956,-9.997536,146674156,2_7
0.02392917,0.014942646,-0.36956942,-0.07142473,-0.7325564,-9.6895685,146680161,2_7
0.030795388,0.040518913,-0.4604545,-0.09433297,-0.1087786,-10.094523,146684665,2_7
0.036069766,0.035084553,0.127698,-0.48927116,1.8476162,-9.291044,146695174,2_7
0.04647841,0.015899427,0.43935928,-0.24394235,0.8141476,-9.9181,146699677,2_7
0.02323107,0.009435074,0.4493443,-0.23039909,-0.34681052,-9.671555,146704189,2_7
-0.005891845,0.0037488963,0.22205287,0.08083206,-2.3284633,-9.69933,146708730,2_7
0.010240692,0.012041093,-0.16356935,-0.20841977,-2.9451046,-9.914643,146714689,2_7
0.013669225,-0.008998507,-0.4412695,-0.5093504,-1.1014388,-9.547297,146719192,2_7
0.019633325,0.005973285,-0.46583351,-0.01022726,0.19788247,-9.946453,146723743,2_7
0.022984723,0.026514089,-0.15449294,-0.06840778,1.951951,-9.750633,146729701,2_7
-0.03063541,-0.012541393,0.24885061,-0.2011795,2.134095,-9.261812,146734204,2_7
-0.02383435,-0.017650232,0.40148365,-0.44473726,-1.3085629,-9.720038,146744713,2_7
-0.021836799,-0.031010687,0.0638286,-0.20790575,-2.3648736,-10.038535,146749216,2_7
-0.014019977,-0.0043511167,-0.2622455,-0.088055134,-1.994376,-9.922124,146753765,2_7
-0.025048474,-0.015169097,-0.45613155,-0.49350622,-0.6426627,-9.461258,146758223,2_7
0.009912034,-0.0015692213,-0.43034914,0.23785661,0.7647588,-9.781194,146762728,2_7
-0.019560829,0.022213142,-0.13233703,-0.23264675,1.9616497,-9.755852,146767231,2_7
-0.015131753,-0.009282108,0.35396257,-0.35716644,0.79438865,-9.740004,146777739,2_7
-0.024158271,-0.015680188,0.40488237,-0.12071817,-1.2432379,-9.445633,146782243,2_7
-0.0357485,-0.0042636953,0.12109801,-0.10634206,-2.485211,-10.006912,146786748,2_7
-0.023631545,0.011336144,-0.23609497,-0.6095398,-1.6989566,-9.950102,146792754,2_7
-0.0011850161,3.7660102e-05,-0.46099538,-0.45547923,-0.80887663,-9.837422,146797254,2_7
0.02267132,0.022514906,-0.035773546,-0.19887236,2.1866107,-9.592862,146807763,2_7
-0.029461298,0.009524431,0.33656326,-0.5314932,1.084783,-9.441237,146812268,2_7
-0.016111014,-0.0199415,0.3121822,-0.188456,-1.6461362,-9.781974,146822775,2_7
0.018739808,-0.02281029,-0.07431044,0.55964077,-2.0400167,-9.9843445,146827279,2_7
-0.0063985256,0.012022922,-0.352749,-0.37732837,-1.604685,-9.705966,146831783,2_7
0.037210256,0.01909844,-0.2893641,0.03427802,1.1033182,-9.343978,146842291,2_7
0.034474812,-0.00034522553,0.11572301,-0.479176,2.6620145,-9.710291,146846796,2_7
-0.0015422554,0.0057351682,0.33240798,-0.17579827,-1.3441538,-9.29429,146857303,2_7
0.0009488237,-0.0040582637,0.24539089,-0.37149805,-1.1115711,-9.818806,146861807,2_7
0.0337221,-0.00041284246,0.10188267,-0.121821836,-0.40821874,-10.247954,146866356,2_7
-0.009857341,0.008332683,-0.019502342,-0.3749197,-1.1876073,-9.972014,146872315,2_7
0.004369117,-0.007469181,-0.09910663,-0.105427615,-0.67612094,-9.727656,146876819,2_7
0.040107407,0.016918717,-0.14692512,-0.2618186,0.10956276,-9.520356,146881368,2_7
0.0742907,0.0037092182,-0.08443634,0.02855848,0.68921185,-9.416697,146890329,2_7
-0.03378276,-0.01033907,0.004299996,-0.6045271,-0.5985142,-10.43111,146894833,2_7
0.032874525,0.0060917083,0.03511058,-0.14873184,-0.1903796,-9.776621,146905341,2_7
-0.033250153,-0.028377136,0.04400988,0.06532084,0.1401553,-9.233589,146909845,2_7
-0.011832494,0.0018050004,-0.0109364055,0.041323844,-0.35075203,-9.716341,146920355,2_7
-0.011549802,0.008170919,-0.015304199,-0.5918054,-0.3761285,-10.134563,146924857,2_7
0.0038841509,0.0130772935,-0.0317063,0.21799307,-0.08449599,-9.301975,146929362,2_7
-0.009933636,0.0073988996,0.01491542,-0.6235671,-0.5283301,-10.055753,146935366,2_7
-0.0021772657,0.004231285,0.000758186,0.18956144,0.21230042,-9.27902,146939870,2_7
-0.018237064,0.0077726315,0.0030637218,-0.06766724,-0.12282873,-9.580859,146950378,2_7
0.0068975394,0.0007407066,-0.007979013,-0.20307957,-0.25891957,-9.86555,146954881,2_7
-0.02701071,0.014568842,-0.0058525,-0.3940521,-0.67206043,-9.562181,146959385,2_7
0.012261764,-0.018288951,-0.014478783,0.24302109,0.3233714,-9.76052,146963934,2_7
-0.014909747,0.010764471,0.012649271,-0.7628514,-0.8053998,-9.884545,146969894,2_7
0.0039739343,-0.024411488,0.009683074,0.40612823,0.21583372,-9.5811205,146974397,2_7
-0.002758675,0.00060323544,0.016427146,-0.76177853,-0.6213463,-9.93369,146978946,2_7
-0.00058170257,0.0009845088,-0.0042332034,0.1971517,-0.17472373,-9.516452,146984905,2_7
0.0038506368,-0.0107050715,0.011061585,-0.44784915,-0.2280753,-9.770249,146989409,2_7
-0.009590946,0.020647695,-0.008190943,-0.21429358,-0.7083544,-9.715229,146993958,2_7
-0.011630425,0.012637184,0.013953329,-0.5734421,-0.8300523,-9.674908,147002920,2_7
0.0013040529,0.015707763,-0.009790544,0.3719864,0.20669986,-9.605831,147007424,2_7
-0.00020923004,0.0056508416,0.005378121,-0.29720274,-0.5002344,-9.720609,147017933,2_7
0.009769392,-0.024149861,0.013195325,-0.26138172,0.0054384926,-9.848315,147022435,2_7
-0.0043620295,0.018663116,0.0073068854,-0.38469347,-0.7470896,-9.725024,147026939,2_7
0.0056048334,-0.012807225,0.0006477089,0.2418124,0.25746143,-9.758547,147032945,2_7
-0.011578821,0.0145047745,0.0071946285,-0.7638875,-0.70549726,-9.872899,147037450,2_7
0.010352722,0.0030535404,-0.008705534,0.39316934,0.10777968,-9.465342,147041951,2_7
0.008535539,-0.0071185445,0.017799877,-0.6634878,-0.5465432,-10.00681,147047958,2_7
0.0027134686,0.01993669,-0.013432723,0.079451464,-0.2857674,-9.548251,147052460,2_7
-0.00067022274,0.018866923,0.0074920813,-0.3648934,-0.76033586,-9.685658,147062969,2_7
0.01026547,-0.0012570021,-0.0060074897,0.24332199,0.2080897,-9.731522,147067471,2_7
-0.011609403,0.011929831,0.016816176,-0.7201856,-0.6905404,-9.884392,147071976,2_7
0.009309707,0.0036309327,-0.010291896,0.41657808,0.1068699,-9.461444,147076524,2_7
-0.006890308,-0.0061794757,0.018715044,-0.6026444,-0.66755354,-9.927473,147082484,2_7
-0.0032668281,0.011760194,-0.010093655,0.07704938,-0.17966461,-9.686446,147086987,2_7
-0.0165054,0.0066717295,0.003617177,-0.39878875,-0.67338115,-9.800342,147097496,2_7
-0.0015636451,-0.010772933,1.0193177e-05,0.21296468,0.07521847,-9.646298,147102000,2_7
0.0015531705,0.0018434608,-0.0017383532,0.37041187,0.121323794,-9.437285,147112511,2_7
-0.016998166,0.0030418013,0.01578341,-0.6709833,-0.61633366,-9.958193,147117012,2_7
-0.008590878,0.017229382,-0.0024444761,0.03067892,-0.3117852,-9.648462,147121560,2_7
-0.010346711,-0.015019451,0.0005892587,-0.23953357,-0.08992462,-9.76675,147126019,2_7
-0.01665267,0.01762241,0.014485989,-0.31629813,-0.6267946,-9.792253,147130522,2_7
0.008179788,-0.005401465,-0.008991455,0.16081643,0.11733054,-9.658898,147135026,2_7
-0.005513749,0.0044163754,0.0031199069,-0.2682243,-0.31039518,-9.728293,147145534,2_7
-0.0010522368,-0.009953668,0.007181306,-0.32908425,-0.22644529,-9.802148,147150038,2_7
0.007736996,-0.0053159725,-0.0055251084,0.03330594,-0.002498245,-9.696512,147160546,2_7
0.0076811095,0.014029726,0.013036354,-0.5845993,-0.597548,-9.807311,147165050,2_7
-0.0004508438,-0.00074459356,0.010628357,-0.60770917,-0.48746437,-9.942867,147175558,2_7
0.011943608,0.0085812425,-0.00057431386,0.12305602,-0.11062622,-9.687615,147180062,2_7
0.0018933768,-0.0067142844,0.0011226627,-0.3296424,-0.34192455,-9.731432,147184567,2_7
-0.003390846,0.0070642796,0.0027114719,-0.18288425,-0.45213953,-9.74165,147190571,2_7
-0.0017747873,-0.008329915,0.0032873303,-0.031787626,-0.16809231,-9.734547,147195074,2_7
-0.015758753,0.01424838,0.011423202,-0.52871263,-0.4679615,-9.836029,147199577,2_7
-0.01614946,-0.004542445,0.009586013,-0.5627726,-0.42914888,-9.912575,147210086,2_7
0.0025964393,0.0077982764,0.009252415,0.14647909,-0.081030324,-9.671228,147214589,2_7
-0.008576866,0.023353498,1.9018073e-05,-0.06082457,-0.3382453,-9.757185,147225098,2_7
-0.00373114,-0.008596204,-0.009723245,-0.078682624,-0.18192795,-9.744703,147229602,2_7
-0.0109439995,0.009661199,0.008679394,-0.41230506,-0.34655452,-9.794324,147234170,2_7
-0.017278159,-0.0093542505,0.00034891462,-0.5219087,-0.501293,-9.835928,147243113,2_7
0.001756141,0.014212041,0.0057247463,0.1846749,0.008197216,-9.711741,147247616,2_7
0.002372763,0.00550511,0.00068593054,-0.3735377,-0.3681547,-9.75647,147258124,2_7
0.027500238,-0.0080315815,0.005098655,0.11390428,-0.24665445,-9.660655,147262649,2_7
0.019819662,-0.0005044807,0.006291115,0.23594,0.06398896,-9.691562,147273137,2_7
-0.000651945,-0.0072877402,-4.4209308e-05,-0.48907128,-0.6148828,-9.790424,147277640,2_7
0.009483346,-0.008523491,-0.002528913,-0.31510773,-0.30978647,-9.787741,147288149,2_7
-0.0040381225,0.008785809,0.012095367,-0.25547746,-0.3056897,-9.779679,147292652,2_7
0.016639676,0.0053851064,0.0006224835,0.0703216,-0.2267796,-9.675142,147297156,2_7
-0.010208349,0.0076889717,0.0032467016,-0.58570147,-0.5649151,-9.741778,147303161,2_7
0.008903001,-0.0006927079,0.0045460705,0.28783023,0.19471382,-9.69438,147307665,2_7
-0.015674427,-0.0038650036,-0.0038360523,-0.61096346,-0.77738005,-9.76086,147312181,2_7
-0.0058328356,-0.002918834,0.006547089,-0.35981983,-0.3496493,-9.777742,147322677,2_7
-0.028683532,0.015343037,0.0016593494,-0.19593523,-0.22698465,-9.721957,147327180,2_7
0.0049528,-0.0034051645,0.0070308354,0.08897641,-0.10999237,-9.73131,147331732,2_7
-0.020835957,0.008908722,-0.008136706,-0.61506987,-0.6131814,-9.824135,147337689,2_7
0.0043773646,-0.0047506425,0.019046752,0.31538677,0.36211947,-9.688847,147342192,2_7
-0.007181347,-0.0082831625,0.00043739864,-0.6760983,-0.8078761,-9.738,147346741,2_7
-0.0034284464,0.0003430526,0.0071138893,0.15332088,-0.005142838,-9.730237,147352702,2_7
-0.0026108653,-0.0091204,0.007441889,-0.42654914,-0.48961577,-9.821835,147357204,2_7
-0.012531002,0.0019376348,-0.0029619483,-0.19532798,-0.23664565,-9.695577,147361753,2_7
-0.01577203,0.0032402773,-0.015242086,-0.70111215,-0.7343069,-9.780437,147370715,2_7
0.003523256,0.006622405,0.01127397,0.3425447,0.32145303,-9.66707,147375221,2_7
0.0018092465,0.0025399332,0.004859263,-0.36711368,-0.48613292,-9.760189,147385727,2_7
0.011876762,-0.016174173,0.005416459,-0.00722712,-0.14870086,-9.794584,147390230,2_7
-0.015542,0.008394815,-0.009444445,-0.6023641,-0.66724414,-9.742358,147394734,2_7
0.0108559625,-0.004426428,0.014846105,0.3308529,0.35602036,-9.699108,147400742,2_7
-0.0074226046,0.012719982,-0.0005049429,-0.7887349,-0.9272186,-9.851406,147405245,2_7
0.0011152276,0.010937088,0.0065463847,0.32270205,0.18635482,-9.652113,147409746,2_7
0.0055125975,-0.003154008,0.0029963402,-0.5716111,-0.60599685,-9.848777,147415752,2_7
-0.0033295357,0.010918579,-0.0037646496,-0.06644267,-0.2276267,-9.687245,147420255,2_7
-0.014100594,0.009242969,-0.0036366954,-0.6569875,-0.7670127,-9.715827,147430765,2_7
0.011003618,-0.000815309,0.017814219,0.4249447,0.38432392,-9.646214,147435267,2_7
-0.0027483553,-0.005549173,0.0018306723,-0.80322087,-1.0465653,-9.845784,147439770,2_7
-0.0020342874,0.009977159,-0.0023646355,0.41639408,0.17644195,-9.67907,147444320,2_7
0.007843897,-0.00872183,0.008186157,-0.6542456,-0.45430613,-9.87853,147450283,2_7
-0.012921105,0.013962563,-0.005974165,-0.043990027,-0.3730883,-9.625171,147454782,2_7
-0.010479866,0.01341836,-0.006929777,-0.71758497,-0.86285216,-9.759144,147465292,2_7
0.017055994,-0.0060305335,0.012564038,0.48448235,0.3902946,-9.723271,147469795,2_7
-0.008061127,0.0027425669,-0.002874548,-0.8845511,-1.0601196,-9.790214,147474389,2_7
-0.008699981,0.0072865193,-0.003411725,0.44194102,0.1538855,-9.664021,147478802,2_7
0.0017557897,-0.0053057284,0.015851138,-0.55608684,-0.420253,-9.878479,147483305,2_7
-0.019816877,0.011419702,-0.0058505633,-0.07617656,-0.46253562,-9.568746,147487812,2_7
-0.009147062,-0.0020671317,0.005038177,-0.38192397,-0.40581095,-9.814573,147498318,2_7
-0.00082680304,-0.0060403184,0.010883424,0.08329773,0.049802147,-9.715379,147507326,2_7
-0.019317346,0.020350836,-0.010834479,-0.45365646,-0.7345836,-9.725329,147511874,2_7
-0.012969637,0.00919014,-0.00522586,-1.0073063,-0.9496208,-9.866356,147522337,2_7
0.0075539476,0.009163822,0.01317894,0.55704075,0.46257207,-9.583695,147526886,2_7
0.0009551509,-0.0070990436,0.008817222,-0.7352006,-0.6942835,-9.889177,147531348,2_7
-0.005577465,0.014841707,-0.013404817,0.15937234,-0.2474504,-9.66142,147535849,2_7
0.01963474,-0.0096082995,0.01827856,-0.22792885,-0.025557458,-9.767999,147540352,2_7
-0.006037711,0.0069971494,-0.002499655,-0.5008394,-0.7955502,-9.739617,147544855,2_7
0.0069095464,0.0011676629,0.005800697,-0.21134956,-0.18801053,-9.794481,147555363,2_7
-0.0035714896,0.007778245,-0.007846981,0.32563657,-0.1946965,-9.648179,147559867,2_7
-0.00419669,0.0052562156,-0.004534001,-0.33697253,-0.69601846,-9.710784,147570378,2_7
0.01106452,-0.01678844,0.010696464,0.24569173,0.3181099,-9.742095,147574883,2_7
0.0069740987,0.002677653,0.006907229,0.5113972,0.4255025,-9.561828,147585389,2_7
0.0048759077,-0.009402527,0.009763461,-0.7940716,-0.70818454,-9.868077,147589891,2_7
-0.0018192742,0.016372941,-0.009393113,0.2689665,-0.22817941,-9.650709,147594440,2_7
-0.00043478198,-0.015558338,0.0130675,-0.40161273,-0.0847225,-9.88421,147600400,2_7
-0.0034465082,0.018511713,-0.008202577,-0.38759995,-0.6866195,-9.727858,147604903,2_7
0.0014572577,-0.0077251024,0.01055481,0.31650072,0.3272488,-9.602888,147609453,2_7
0.0035584287,0.006522478,0.0060794596,0.515736,0.31425261,-9.6093,147619915,2_7
-0.0024544827,0.0008337792,0.006837417,-0.7819167,-0.6407612,-9.842086,147624465,2_7
-0.0060926904,0.020093074,-0.014230112,0.16122933,-0.31716713,-9.617382,147628923,2_7
-0.003313584,-0.016806647,0.0133892875,-0.38043886,-0.012659075,-9.818503,147634928,2_7
-0.0064105764,0.008289958,-0.0094380155,-0.36699566,-0.6897967,-9.780837,147639476,2_7
-0.0016154231,-0.01899235,0.016505318,0.3902756,0.23768266,-9.576347,147643938,2_7
-0.009274898,0.0015388895,-0.002047545,-0.8432602,-0.825046,-9.8952875,147649940,2_7
0.0015868023,-0.0012865571,0.011919744,0.45394278,0.23839073,-9.637153,147654489,2_7
-0.0038410428,-0.011211792,0.009578534,-0.7668026,-0.61562604,-9.809496,147658947,2_7
0.007233542,-0.011779658,0.017293647,-0.32849953,0.056765217,-9.868395,147667959,2_7
0.005375432,0.012168722,-0.008615447,-0.4659664,-0.70346355,-9.774184,147672458,2_7
0.003515,0.003309696,0.0056573,-0.22196943,-0.15787545,-9.742837,147682966,2_7
0.005314917,0.023907518,0.0020232098,0.23829228,-0.2890958,-9.668364,147687472,2_7
0.0033296896,-0.0054368065,0.01815373,-0.41314498,-0.04050067,-9.810117,147692022,2_7
0.0055674557,0.020180648,-0.005005976,-0.23171125,-0.60501575,-9.751483,147697979,2_7
0.003184655,-0.018775374,0.014526357,0.19650038,0.08655366,-9.635299,147702482,2_7
0.00318826,-0.0013869593,-0.0015334925,-0.71804726,-0.6753211,-9.873423,147707031,2_7
0.001317978,0.0007288737,0.009047985,0.43116316,0.118937396,-9.577661,147712991,2_7
-0.00918698,-0.011944713,-0.0033539918,-0.63345647,-0.6044303,-9.811219,147717494,2_7
0.006849225,0.010361893,0.0022416525,0.12896061,-0.34325844,-9.733303,147722047,2_7
0.005855511,0.010603668,-0.0013131972,-0.25735524,-0.5504852,-9.76668,147732506,2_7
-0.00062695576,-0.014168173,0.011512565,0.11912641,-0.031088857,-9.659515,147737057,2_7
-0.0019180868,0.0078757005,-0.000539212,-0.64876896,-0.5497745,-9.898618,147741514,2_7
0.0078051267,0.002476116,0.0030308894,0.32853475,0.026195722,-9.711171,147747518,2_7
-0.0007174633,0.008869759,-0.003274643,-0.64704007,-0.47021475,-9.81553,147752067,2_7
-0.004641408,-0.0008090829,0.0135283265,-0.34511322,-0.17636558,-9.681292,147762530,2_7
0.0008354732,0.02304606,0.0012150882,-0.16347606,-0.47284952,-9.812799,147767080,2_7
-0.006824954,-0.013774564,0.01375421,0.12635955,-0.15395759,-9.643686,147771576,2_7
-0.010203848,0.0048891436,-0.0060762875,-0.6032562,-0.49904892,-9.865101,147776041,2_7
0.002442347,0.0030697975,0.0040348996,0.23846404,-0.038483754,-9.705182,147780544,2_7
-0.00762133,0.0028221565,1.7983797e-05,-0.38567597,-0.3724891,-9.781969,147789597,2_7
-0.0001611857,-0.007363167,0.008565128,0.15834737,-0.11786734,-9.632942,147794056,2_7
0.004805589,0.0069588316,0.00788789,0.17324026,-0.17987645,-9.71746,147804609,2_7
-0.0070449086,-0.014695091,-0.00022673904,-0.5138762,-0.34146434,-9.720086,147809067,2_7
-0.004957501,-0.005693994,0.0014341198,-0.3039167,-0.26176244,-9.696299,147819624,2_7
-0.0010834114,0.023717571,0.0013798098,-0.3902395,-0.3211293,-9.809617,147824080,2_7
0.0053547015,0.005622796,0.013630305,0.025240539,-0.23167591,-9.673674,147828583,2_7
-0.015241034,0.0045138714,-0.007959814,-0.5161891,-0.37897927,-9.807114,147833087,2_7
0.0120931305,0.0140633015,0.008718444,0.13780041,-0.15983348,-9.723042,147837590,2_7
-0.013023911,-0.0038506535,-0.0011036061,-0.44695258,-0.41309994,-9.677509,147842170,2_7
0.000642776,-0.00068009907,0.006178273,0.021995934,-0.26807007,-9.767398,147852602,2_7
-0.010852153,-0.0011771411,-0.0012388087,-0.4210804,-0.35055324,-9.765569,147857151,2_7
-0.0028480422,-0.008608333,-0.008038142,-0.5474771,-0.5138622,-9.636865,147867615,2_7
0.0131814545,-0.0026646848,0.013486011,0.17931812,-0.062091347,-9.854659,147872164,2_7
0.008461162,0.007508112,-0.0040692156,-0.0670458,-0.06514938,-9.824717,147882629,2_7
0.007722185,-0.006862014,0.014212276,-0.11742541,-0.35932806,-9.698458,147887177,2_7
-0.0012008513,0.0014245117,-0.012220882,-0.41392383,-0.38573432,-9.739389,147891635,2_7
0.010700438,0.010032065,0.013789205,0.1365224,-0.03957014,-9.826188,147897643,2_7
-0.005387512,0.01173172,-0.01360083,-0.52144986,-0.6335981,-9.596093,147902188,2_7
0.013211465,0.011030642,0.011648074,0.2949703,-0.044754133,-9.830584,147906646,2_7
-0.0034206705,0.006741986,-0.0027466752,0.055424556,-0.039969694,-9.78496,147917200,2_7
0.0023722844,-0.009844685,0.019063773,-0.14704007,-0.46083272,-9.703576,147921658,2_7
-0.00414746,-0.005799028,0.02014555,0.14341226,0.09484976,-9.830188,147932212,2_7
-0.01953359,-0.003716748,-0.017019272,-0.5890875,-0.7469369,-9.674246,147936670,2_7
-0.0094379755,0.0036805961,0.012979461,0.27271923,0.03379586,-9.780412,147941175,2_7
-0.012810658,-0.00060569495,-0.0025853727,-0.62493455,-0.6549073,-9.780161,147947225,2_7
-0.014837718,-0.00093615183,-0.0004354465,0.12536274,0.09884232,-9.748351,147951684,2_7
0.0013963333,-0.010207334,0.023990348,-0.18288872,-0.38283247,-9.687223,147956186,2_7
0.001192158,-0.001930798,0.012728659,0.18687281,0.2469892,-9.854339,147965193,2_7
0.002167515,-0.004534202,0.004916374,-0.7110986,-0.840106,-9.642971,147969742,2_7
0.009566515,-0.0015076825,0.005550305,-0.041623045,-0.18424845,-9.79005,147980205,2_7
-0.0006875246,0.014836682,-0.020671092,-0.30230832,-0.3780683,-9.726455,147984754,2_7
-0.004630083,0.0047069616,-0.008945129,-0.73082715,-0.8498103,-9.645013,147995217,2_7
0.013959567,0.0006497467,0.012010537,0.40502468,0.19324262,-9.806852,147999766,2_7
-0.0008759391,0.0019223893,0.0012300197,-0.828116,-0.7861821,-9.7699585,148004224,2_7
0.004338556,0.0108163,0.0027430125,0.26769388,0.0652577,-9.702075,148010230,2_7
0.0036412275,-0.011376276,0.015372025,-0.343073,-0.5095434,-9.808303,148014782,2_7
-0.017140431,0.01593554,-0.021296183,-0.24129082,-0.42290843,-9.630426,148019239,2_7
-0.018810403,0.0023420127,-0.013831486,-0.68385255,-0.9548287,-9.699212,148029790,2_7
-0.010627138,-0.00097277516,0.024057651,0.44672358,0.34904474,-9.78157,148034249,2_7
-0.011300297,-0.007933242,0.0032389374,-0.8228896,-0.7325713,-9.763021,148038752,2_7
-0.01682164,0.005214345,-0.0023784721,0.3308631,-0.045453455,-9.663827,148044803,2_7
-0.002403068,-0.012587718,0.020877514,-0.39651242,-0.28526422,-9.879642,148049263,2_7
-0.020202158,0.006126391,-0.022685595,-0.33180937,-0.52951205,-9.711699,148053769,2_7
0.006880141,-0.0072636,0.025535444,0.106028765,0.25733432,-9.714274,148059815,2_7
-0.0044687497,0.010769552,-0.018161824,-0.8160317,-0.9475707,-9.740448,148064274,2_7
0.0023921165,0.0049262126,0.011595218,0.457979,0.38182232,-9.753411,148068776,2_7
0.0034276382,0.025439676,-0.013940877,0.30536953,-0.02793095,-9.659851,148077783,2_7
0.030425543,-0.008532967,0.026970696,-0.3654153,-0.270724,-9.843702,148082334,2_7
0.014354091,0.004789593,0.0007566382,-0.01307914,-0.05997368,-9.722117,148092796,2_7
0.020190038,0.0026711696,-0.0025591664,-0.8425362,-0.9081875,-9.8075285,148097345,2_7
0.009623879,0.0056464197,-0.00884204,0.38788566,-0.07310159,-9.659964,148101803,2_7
0.014810737,-0.010743873,0.016277507,-0.5055258,-0.35342705,-9.829999,148107808,2_7
-0.004256087,0.007078305,-0.015694138,-0.20272014,-0.5082638,-9.689921,148112357,2_7
0.0021598965,-0.016796866,0.029095897,0.07278518,0.164469,-9.745746,148116816,2_7
0.00057088345,0.0007335783,-0.008834613,-0.7346606,-0.9673923,-9.784733,148122820,2_7
-0.01052022,-0.00829025,0.017682506,0.40418464,0.36687493,-9.728479,148127369,2_7
-0.008286638,0.009660066,-0.006518245,0.3369071,-0.062763155,-9.545386,148137832,2_7
-0.011580566,-0.0010761514,0.015961984,-0.40776187,-0.2857649,-9.871077,148142381,2_7
-0.012827325,0.020257618,-0.011823204,-0.20791112,-0.52377725,-9.655614,148146839,2_7
-0.0033293087,-0.015607814,0.023363728,0.22397107,0.27982503,-9.778875,148151343,2_7
-0.0067754905,-0.0007359248,-0.012045026,-0.70825624,-0.9197937,-9.714651,148157393,2_7
-0.008778145,-0.017889746,0.016290097,0.4847575,0.29443425,-9.75077,148161851,2_7
0.0021254448,-0.0071400004,-0.0018962987,0.24831487,-0.17857163,-9.641812,148172405,2_7
0.007615039,-0.025984477,0.01912909,-0.40995243,-0.25113106,-9.842182,148176863,2_7
0.011328614,-0.014255038,0.015275723,0.04633386,0.18108644,-9.772663,148187417,2_7
0.013657721,0.009114862,-0.009525179,-0.78674245,-0.78935945,-9.807251,148191878,2_7
0.0031691121,0.009243119,0.010516085,0.32231176,0.10894301,-9.714449,148196379,2_7
0.0032816506,0.01955225,-0.012832858,0.24510087,-0.2633897,-9.596223,148205386,2_7
0.009380918,-0.013112256,0.023906834,-0.4101051,-0.26607278,-9.8493595,148209939,2_7
-0.0025062151,0.006038521,0.0003703538,0.010884775,-0.22652906,-9.7393465,148220399,2_7
-0.0033307946,0.0014779546,-0.0031373878,-0.68405414,-0.68465126,-9.726506,148224948,2_7
-0.00483877,-0.015092808,0.012615335,-0.4586557,-0.30466643,-9.747184,148235411,2_7
-0.0057259006,0.009145202,-0.0073339134,-0.1910585,-0.4676369,-9.766931,148239960,2_7
-0.001813384,0.0051481756,-0.0062135695,-0.6097299,-0.6911972,-9.904776,148250423,2_7
-0.015599588,0.0020529288,0.0177749,0.27952576,0.15522139,-9.661289,148254972,2_7
5.775987e-05,-0.0040053315,-0.00074678723,-0.6918672,-0.55660444,-9.781416,148259475,2_7
-0.0013585666,-0.008137808,0.009027606,-0.39480716,-0.16809937,-9.761779,148269984,2_7
0.0017681934,0.0068913335,-0.009990359,-0.23387413,-0.4232672,-9.765385,148274442,2_7
0.013086971,0.00083872635,0.0017840232,-0.47988635,-0.50909746,-9.806087,148284996,2_7
0.0005727895,0.0009194649,0.0122230565,0.21505079,-0.028322896,-9.696373,148289454,2_7
0.011388535,0.0010796674,-0.0058796,-0.6264254,-0.44314992,-9.740063,148293958,2_7
0.010446263,0.004012422,0.0020457737,0.09265676,-0.39062762,-9.792555,148300008,2_7
0.001834173,-0.012747984,0.0040596407,-0.32974234,-0.17372572,-9.736832,148304466,2_7
0.007718823,0.014974327,0.0038262703,-0.21586937,-0.39164433,-9.822428,148308998,2_7
-0.006987056,-0.00018906266,-0.009566003,-0.43563718,-0.51026505,-9.841335,148317981,2_7
-0.0072098584,0.0067534694,0.012425339,0.09567373,-0.21941644,-9.6799345,148322526,2_7
-0.012213547,0.004038819,0.0029580651,-0.2923463,-0.37060314,-9.791325,148332989,2_7
-0.01352781,-0.0062711914,0.012050931,-0.09558086,-0.25203866,-9.639141,148337541,2_7
-0.009174987,-0.0015647814,0.015224058,0.010953321,-0.18142109,-9.656093,148348001,2_7
-0.0062123593,-0.0011117561,-0.011275697,-0.4283558,-0.2850542,-9.70042,148352551,2_7
0.0024079,0.0037810092,0.009487487,0.029276978,-0.32267028,-9.906502,148357008,2_7
-0.0054346146,-0.0024939585,0.0032095965,-0.4088381,-0.12452941,-9.708479,148363014,2_7
0.007262664,0.0043602968,0.009331128,-0.047446627,-0.24931258,-9.818981,148367562,2_7
0.0065656225,-0.005896539,0.008487842,-0.20132306,-0.40930223,-9.5697775,148372020,2_7
0.010882223,0.003759647,-0.00810931,-0.30579138,-0.21382916,-9.834387,148378026,2_7
0.00058477494,-0.0007755164,0.01244236,-0.036981262,-0.28363162,-9.739968,148382574,2_7
0.0018804469,0.005460761,-0.009299939,-0.36243534,-0.28732044,-9.67526,148387033,2_7
-0.008935101,-0.003658833,-0.0024405632,-0.46969336,-0.39499778,-9.660298,148397587,2_7
0.0009942938,0.0031405764,0.0082243495,0.06810213,-0.13256133,-9.844329,148402045,2_7
-0.012856237,-0.0005772673,0.00796202,-0.3245184,-0.52562034,-9.545849,148406548,2_7
-0.0058271084,-0.0058388184,-0.00029789604,-0.16307157,-0.103048846,-9.849083,148412599,2_7
-0.01698811,-0.0061790496,0.01614138,-0.20753124,-0.35373563,-9.797814,148417057,2_7
-0.007287124,0.00027409726,0.018707182,0.006251979,-0.34014812,-9.912304,148427611,2_7
-0.021605907,-0.001003243,-0.023135671,-0.48114488,-0.35659444,-9.590142,148432071,2_7
0.004982786,0.004827565,0.010608278,0.12120201,-0.027748005,-9.839628,148436574,2_7
-0.007839353,0.0072163264,0.011385424,-0.3795517,-0.60400295,-9.671745,148441080,2_7
-0.003807863,0.0048260973,-0.010210027,-0.09611158,0.007258422,-9.8169365,148445581,2_7
0.009693985,0.0011066089,0.024441758,-0.20218556,-0.3889836,-9.75031,148450154,2_7
0.0076167397,0.0052825804,0.0013789256,-0.07458544,-0.19248812,-9.746829,148460592,2_7
-0.005985794,0.004325716,-0.0023064385,-0.4408185,-0.6041749,-9.652474,148465141,2_7
0.016297031,-0.0035782626,-0.0065331627,0.08171533,0.13100691,-9.793991,148469599,2_7
0.010719276,-0.00689028,0.023456227,-0.36079252,-0.52805996,-9.707903,148475608,2_7
0.0023650199,-0.009313191,-0.019077217,-0.12930839,-0.23846285,-9.673635,148480153,2_7
0.00476006,0.0014859745,-0.01876213,-0.4312206,-0.49953818,-9.571879,148490616,2_7
0.018592771,-0.0049024704,0.026728244,0.1360632,-0.041961916,-9.892551,148495165,2_7
0.0048667868,0.00661879,0.003652019,0.12779145,0.123984344,-9.807662,148505629,2_7
-0.004979757,0.002892603,0.014228574,-0.40023047,-0.597827,-9.767669,148510178,2_7
-0.011645834,0.008738426,-0.029335164,-0.1689019,-0.30482394,-9.647607,148514636,2_7
-0.0042743967,0.0072290865,0.02838116,-0.028787697,-0.061075155,-9.909812,148519139,2_7
-0.015157611,0.008424012,-0.011967492,-0.46236706,-0.5126397,-9.609761,148525190,2_7
-0.0057452694,0.0017145191,0.025177818,0.24877733,-0.0008888924,-9.882197,148529647,2_7
-0.0068261293,-0.0064971694,0.003192493,0.07520864,0.19943318,-9.629943,148540202,2_7
-0.01135313,-0.004318264,0.018051138,-0.21070701,-0.65024257,-9.825347,148544660,2_7
-0.0037352915,-0.019281076,0.031716965,-0.045676727,-0.15039526,-9.908521,148555214,2_7
0.005851599,-0.004983938,-0.026970454,-0.5397297,-0.5613503,-9.573978,148559672,2_7
0.013069388,-0.012701141,0.019978266,0.19441912,0.10828884,-9.901947,148564176,2_7
0.0026444085,0.0013238026,-0.025940845,0.18486077,0.27225462,-9.754462,148573183,2_7
0.0137490295,0.0072297845,0.042516604,-0.43792868,-0.5724199,-9.83669,148577732,2_7
0.009011317,0.01042588,0.0028180468,0.0011398414,-0.138319,-9.754402,148588195,2_7
0.0071947835,0.010347005,-0.0116057675,-0.7450224,-0.79501367,-9.627871,148592744,2_7
0.01185066,0.0017626889,0.021615162,-0.462254,-0.6192029,-9.696901,148603207,2_7
0.005979999,0.00018005358,-0.014450412,-0.07876659,-0.2588297,-9.709226,148607756,2_7
0.0012091717,-0.0015025211,-0.020127036,-0.43059647,-0.7426883,-9.642264,148618219,2_7
-0.0018319673,-0.0058863712,0.028988486,0.26698753,0.09215458,-9.876785,148622771,2_7
-0.010603132,-0.0040328954,-0.0055386377,-0.73516685,-0.7465203,-9.691037,148627227,2_7
-0.008347569,-0.002526367,0.022439377,-0.46331003,-0.47973573,-9.785862,148637780,2_7
-0.017281588,0.009950191,-0.022854902,-0.15290271,-0.37086612,-9.714506,148642239,2_7
-0.009733218,0.0076094605,-0.0174806,-0.4863842,-0.6287461,-9.634885,148652792,2_7
-0.0062453393,0.003416087,0.029035818,0.29228717,0.15586883,-9.885529,148657250,2_7
-0.004816259,0.0025220527,0.002615217,-0.67401224,-0.66600907,-9.702236,148661754,2_7
0.007035117,0.003027696,-0.010082039,0.28512052,-0.04387338,-9.728002,148666258,2_7
-0.01281143,-0.0029967357,0.027580526,-0.43000102,-0.35560486,-9.748397,148670762,2_7
-0.001608352,0.009949171,-0.026573185,-0.121786594,-0.36200306,-9.726588,148675311,2_7
0.00010479987,0.0031873367,0.0070874556,-0.32479548,-0.29807755,-9.718596,148685773,2_7
0.0019848053,-0.0003625559,0.011691397,-0.03904622,-0.1471423,-9.74222,148694780,2_7
0.0014255447,0.011750048,-0.01993341,-0.318334,-0.47999492,-9.71642,148699285,2_7
-0.00010368001,0.0017562011,0.019707793,0.14470002,0.11110309,-9.836273,148703789,2_7
0.0114788925,-0.007481319,-0.0067225923,-0.57863134,-0.6778948,-9.660333,148709794,2_7
-0.006136747,-0.0036666533,0.0164749,0.22444735,-0.1532517,-9.789215,148714296,2_7
0.0015758792,-0.0024523078,0.0051665753,-0.58310074,-0.37438208,-9.74442,148718800,2_7
0.010261834,0.0053723855,-0.004092422,0.0025711358,-0.30239803,-9.764147,148724805,2_7
-0.0023487345,-0.0044682627,0.02561461,-0.23589277,-0.22817925,-9.729695,148729308,2_7
0.0013622425,0.0056292852,-0.0316523,-0.3666218,-0.55391335,-9.844096,148733812,2_7
0.0050232257,-0.003365514,-0.0021083043,-0.45591864,-0.4965111,-9.631293,148742866,2_7
-0.0041442583,0.01658062,0.00031907385,0.19356526,-0.2577569,-9.812277,148747340,2_7
-0.004459188,0.0005753475,0.00066662696,-0.28920165,-0.42034632,-9.724684,148757877,2_7
-0.010821582,-0.006265549,0.03255481,0.017864048,0.034894735,-9.730569,148762335,2_7
0.0015887278,-0.016059272,-0.016327698,-0.44791973,-0.5581953,-9.682476,148766840,2_7
-0.012778387,-0.0044722,0.015461724,0.15808153,-0.29676446,-9.803925,148772889,2_7
-0.004225547,-0.012638033,-0.0044842344,-0.5076499,-0.30562776,-9.672953,148777349,2_7
-0.00795997,-0.0024588392,0.012828752,-0.20305657,-0.16244988,-9.655398,148787901,2_7
0.002345359,0.005418982,-0.011033319,-0.3371333,-0.4255163,-9.846036,148792360,2_7
-0.017627956,0.010240156,0.02170402,-0.003797202,-0.089538574,-9.701303,148796877,2_7
0.0061312728,0.007225529,-0.012362282,-0.32552293,-0.39138365,-9.713923,148801367,2_7
