timestamp,timestamp_sample,xyz[0],xyz[1],xyz[2]
39621621,39621561,-0.00085215754,0.0002789626,0.004553112
39623128,39623060,-0.0011801077,-3.0582945e-05,0.004439338
39644143,39644082,-0.0012200635,-0.00215521,0.0032307617
39662204,39662144,0.0014382938,0.00075192127,0.0025507787
39683191,39683127,-0.00064661185,-0.00026729738,0.0024645373
39704202,39704141,0.001054148,-0.0026298428,0.0043006986
39722265,39722204,-0.0001850152,0.00020474807,0.003893065
39743242,39743180,0.0005877624,-0.00048007505,0.0011654482
39764263,39764200,0.0011244451,0.0025316174,0.005438745
39785281,39785221,0.0008334597,-0.0012159098,-0.0021684652
39801801,39801739,0.00029461196,-0.00075524766,0.0030579073
39822818,39822758,-0.00029791496,-0.0018905029,0.005974319
39843841,39843780,0.0076609585,-0.0017197971,0.0014595666
39861862,39861797,-0.015755443,0.00080589013,0.0008869925
39882880,39882818,-0.010108242,-0.0056196963,-0.0026654894
39903900,39903839,0.0039646532,0.008851584,-0.0033507159
39924969,39924905,-0.0031355787,-0.00043461283,0.0037426676
39942940,39942878,-0.009780431,-0.0006448998,0.0017095308
39963960,39963899,-0.0034932664,0.0002118955,0.002765572
39985029,39984965,0.009207031,0.00014612224,0.0036095975
40001497,40001436,0.003670961,-0.0021076268,0.0055813906
40022562,40022502,0.0009912384,-0.0039121658,0.0050962376
40043539,40043478,-0.0036561943,0.003920729,0.0028901573
40064561,40064498,0.0009200638,-0.004188724,0.001878941
40082625,40082563,0.010545006,0.0020714547,0.008529472
40103598,40103537,0.0045361617,-0.000988967,0.0047885925
40124618,40124558,-0.00556818,0.005854653,-0.0009383824
40141138,40141078,-0.001433797,-0.0028667771,0.0049488004
40162159,40162096,0.009446814,0.0009421042,0.0031338404
40183179,40183116,-0.002359024,0.000115189294,0.003002803
40204200,40204139,-0.013619916,0.0043884884,0.001825934
40222216,40222155,0.0026553068,-0.003309986,0.00812384
40243236,40243176,0.011426464,0.002422516,0.0017272495
40264257,40264197,0.0016787809,0.0013821695,0.001707854
40282278,40282217,-0.012540089,-0.0010490414,0.009564734
40303298,40303237,-0.0010691057,0.0017946502,0.002424556
40324316,40324257,0.011997956,0.000109150715,0.0009728764
40345388,40345323,0.0026926408,-0.0010147968,0.0016967484
40361855,40361796,-0.0021155863,-0.003826213,0.002263922
40382922,40382860,-0.002404319,-0.0024833702,-0.0010207802
40403899,40403836,0.006821543,0.0024238483,0.0019514645
40421914,40421853,-5.436683e-05,0.0029792755,0.008034631
40442977,40442919,0.0009489542,-0.002340473,-0.00013112108
40464002,40463941,0.0023778016,-0.0033511773,-0.00308025
40481976,40481913,0.003890923,0.0053930753,0.0099108275
40503049,40502979,-0.0019564994,-0.0014387934,0.005507356
40524013,40523955,-0.0015862712,-0.0022376894,-0.002618773
40545035,40544976,-8.339441e-05,0.00094831485,-0.0008464744
40561552,40561492,0.012115241,-0.0010573067,0.004480078
40582573,40582513,0.0013251423,-0.0024834767,-0.003115974
40603593,40603534,-0.0127275,-0.0023788011,-0.0021865133
40624613,40624555,-0.0069636935,0.0019314352,0.00716712
40642633,40642573,0.016922178,0.0012212375,0.0027521213
40663653,40663594,0.0066378517,0.0011513359,-0.004722611
40684677,40684616,-0.020190667,0.00095868256,0.0020553742
40701190,40701132,0.0005906009,-0.0013505765,0.0023797983
40722210,40722152,0.016531294,-0.0037476723,-0.0048270454
40743283,40743226,-0.0016057445,0.0048648454,0.0003000924
40764259,40764194,-0.008745688,0.004033039,0.007960487
40782275,40782212,-0.004307469,-0.005169549,0.0026312151
40803338,40803279,0.00081269175,-0.0023140807,-0.0033042696
40824314,40824255,0.0021034866,0.0065195947,0.003937877
40842332,40842273,-0.0065536145,-0.0032564264,0.007899828
40863400,40863338,-0.0035271824,0.001220295,-0.0038986714
40884376,40884314,-0.00023136265,0.002609849,-0.0049423417
40905399,40905336,0.00044401427,0.0010473845,0.005264759
40921913,40921852,-0.00022211333,0.00228211,-0.001369546
40942932,40942872,-0.007231755,0.0039922046,-0.0025298803
40963958,40963894,-0.0027512528,0.00016284426,0.005058382
40981972,40981911,0.004511523,-0.0034439212,0.0022443435
41002990,41002932,0.0013368626,0.0007939585,-0.0038464796
41024011,41023953,-0.008921217,0.004255577,0.0006379209
41045035,41044974,-0.0047506024,-0.0016099192,0.009558991
41063053,41062992,-0.000935812,-0.00018508005,-0.00054054183
41082570,41082511,-0.0050284453,0.0030733726,0.0039208154
41103640,41103578,0.0065632625,-0.0060827555,0.008724353
41121610,41121551,0.0027036679,0.0021303333,-0.0008829244
41142632,41142572,-0.012358058,0.005550234,-0.002466333
41163697,41163638,-0.0074525382,0.00341032,0.0077193836
41184676,41184613,0.007426171,-0.0007546871,0.0059599592
41202689,41202631,0.0004731606,0.0032682524,-0.0016970594
41223762,41223697,-0.0058680368,0.0031926946,0.004072372
41244736,41244677,-0.0039430126,0.004078417,0.008964634
41261293,41261235,0.004964213,0.003940001,-0.002512712
41282267,41282210,-0.0041585173,0.005060747,0.0065117558
41303289,41303231,-0.0034828847,0.0036184804,0.010891633
41324311,41324252,0.011040157,-0.004298167,0.0044801747
41342329,41342270,-0.0030617916,0.0038337915,-0.00044109864
41363354,41363293,-0.005230128,-0.0027902417,0.010458943
41384373,41384313,0.00935545,-0.0018650792,0.011570986
41402388,41402330,0.009669161,0.007504663,-0.004588
41423412,41423351,0.001535052,0.001235523,0.004084744
41444431,41444372,-0.006919539,-0.0023774148,0.012463398
41465456,41465394,0.0014821284,-0.0026103824,0.0048735426
41481968,41481909,0.0058729644,0.0015667691,0.0039325645
41502988,41502930,0.0037035686,-0.0008032308,0.012777811
41524055,41523997,-0.0034297018,-0.005102939,0.010831651
41542031,41541969,0.00013440917,0.004294417,-0.0020967522
41563049,41562990,0.011919337,0.0013303976,0.00745356
41584121,41584057,0.0015747467,0.0036482222,0.012751236
41605095,41605032,-0.00761902,-0.007896132,0.0047351103
41621654,41621594,-0.01000579,0.00833709,0.006082951
41642627,41642570,0.017693365,-0.0039701387,0.012233101
41663655,41663593,0.01592054,-0.0036880076,0.0014428734
41681712,41681654,-0.01700906,0.002102424,0.00095537724
41702695,41702631,-0.0047493577,-0.0060273493,0.010188879
41723711,41723651,0.024571825,0.001254213,0.0104130795
41744732,41744673,0.006811569,-0.0014599746,0.00075676385
41762748,41762690,-0.019349229,0.00585105,0.003409167
41783769,41783710,-0.0022578943,-0.0001947328,0.01051308
41804793,41804732,0.02081767,-0.0071854154,0.006323712
41821309,41821248,0.010249105,0.005099907,0.003458017
41842328,41842269,-0.0032069394,-0.00116031,0.008723894
41863348,41863290,-0.0017407564,-0.004624557,0.0048244884
41884415,41884357,-0.0052611907,-0.0016573025,-0.0021634914
41902390,41902330,0.003943327,-0.0025950316,0.009755099
41923409,41923350,0.0117353145,-0.0015447474,0.006691824
41944482,41944417,0.0033834334,-0.0012487341,-0.001108982
41962447,41962389,-0.009441927,0.006165964,0.0033580326
41983472,41983410,0.003527934,-0.003721517,0.008840391
42004539,42004477,0.008592785,-0.0023598156,0.0029734652
42025516,42025452,0.0024811823,-0.0029830355,-0.0064265323
42042076,42042014,-0.0037210376,0.0028891633,0.010400178
42063054,42062990,0.004215901,-0.0057492484,0.0014490457
42084075,42084012,0.0065750093,0.0015320417,-0.006965594
42102134,42102074,-0.00055031234,0.00032156514,0.012005566
42123114,42123051,-0.004288642,-0.008281214,0.00808982
42144134,42144071,0.00239166,0.0042076553,-0.0010683786
42165155,42165094,0.009184838,0.004261721,-0.008202171
42181669,42181609,0.0010747242,0.0032718168,0.0066475407
42202689,42202630,-0.008919058,-0.0028135695,-0.0024224445
42223712,42223650,-0.0053552,0.0015710301,-0.006027538
42241731,42241669,0.011069318,-0.004057847,0.0140392985
42262750,42262689,0.01007279,-0.0018621425,0.005467952
42283773,42283712,-0.01622812,0.00266358,-0.004418919
42304835,42304777,-0.008250791,0.0053649526,-0.0055143544
42322809,42322750,0.0031326436,-0.00097010925,0.012258784
42343832,42343770,0.0025829398,0.002769058,0.0011121567
42364897,42364837,-0.013439061,0.007263994,-0.00453544
42381367,42381308,0.00097241125,-0.0017986177,0.010204689
42402436,42402374,0.008076266,0.0052472744,-0.0002598283
42423413,42423350,0.0005088315,0.004296601,-0.0063948673
42444431,42444371,-0.00808661,-0.0026788297,0.0011000099
42462495,42462434,-0.0020696,-0.00090503425,0.0072097396
42483486,42483426,0.00047240753,0.0019546226,-4.4144574e-05
42504492,42504431,0.0039252825,0.0048713833,-0.0034114788
42522560,42522494,0.0005531333,-0.004318207,0.011288194
42543536,42543470,0.0033831478,-0.00028569828,0.0059367884
42564553,42564491,0.0013491852,0.0016873456,-0.005072937
42584069,42584011,0.0014481966,-0.00072604825,0.005745326
42602090,42602028,0.009378464,0.0011174723,0.0008057178
42623112,42623050,0.0036509582,0.0048157168,-0.0034930115
42644132,42644070,-0.014353529,0.0055191815,0.0017998727
42662147,42662088,-0.008236334,-0.009634114,0.008573644
42683181,42683115,0.0036906265,0.0070071938,-0.002700064
42704193,42704133,0.009553952,0.006895912,-0.002988073
42725256,42725197,-0.002376872,0.00064198504,0.0071888193
42741729,42741668,-0.0044207685,-0.0009047117,-0.002446299
42762793,42762734,9.105961e-05,-0.0008569903,-0.0018411111
42783773,42783710,0.0035650386,0.0017232449,0.009927449
42801789,42801728,0.00165711,0.0002583788,-0.0005022915
42822855,42822795,0.00037119276,0.006119815,-0.006057816
42843828,42843770,0.0009249116,0.0036286572,-0.0011368175
42864854,42864791,-0.000775628,-0.0059068194,0.01086951
42882917,42882856,-0.0010427807,0.0010011626,-0.004994163
42903892,42903830,-0.0014620229,0.0035832971,-0.006062774
42924912,42924851,-0.0014829737,-0.0014893583,0.0030647498
42941432,42941371,0.00061024807,0.0011747136,-0.0016857779
42962450,42962389,0.002002329,0.0074017476,-0.006846218
42983473,42983410,0.0027003037,-0.0005951337,0.0066371886
43004493,43004432,-0.0027185744,-0.0067023053,0.012195913
43022510,43022449,-0.0026200758,0.0075458903,-0.0062605166
43043530,43043470,-0.005102913,-0.004566835,-0.0015703033
43064551,43064493,-0.0019551036,0.0028555607,0.010637591
43081069,43081007,0.0011822698,-0.0044819876,-0.005044219
43102088,43102028,0.004098108,0.0037855334,-0.0035651098
43123160,43123098,0.00043995178,-0.0050858343,0.008247087
43144127,43144070,-0.004763909,-0.003998059,0.010747128
43162147,43162089,-0.009108005,0.006308665,-0.007971613
43183215,43183155,0.002368894,0.0034437338,-0.0015110748
43204190,43204130,-0.00059056404,-0.0046935827,0.010384031
43222206,43222148,0.0014652825,-0.00064987945,-0.0020553868
43243274,43243215,-0.0033035101,0.005415107,-0.003351392
43264250,43264192,-0.0028456058,-0.005398168,0.0047191656
43285276,43285212,-0.00027064764,-0.002834268,0.010220827
43301791,43301731,-0.0067772777,0.0014266028,-0.0016159692
43322808,43322749,-0.00015654802,-0.0030221515,0.009947813
43343835,43343771,0.005827341,-0.0007755962,0.008365656
43361851,43361788,0.0022513075,0.0038775136,-0.0007248011
43382873,43382809,-0.0051305764,0.0057488056,-0.00084064505
43403894,43403830,-0.0059862756,-0.006541951,0.009759689
43424910,43424851,0.0028181034,-0.003012835,0.010271676
43442932,43442870,0.0052348487,0.0022673095,-0.0025796762
43463950,43463890,-0.0025354405,0.0023168,0.004273976
43484980,43484917,-0.007284163,-0.0023384104,0.008492774
43501488,43501428,-0.002125352,0.0041469145,-4.152523e-05
43522510,43522449,0.0031068944,-0.00055103994,0.0056636175
43543575,43543515,0.00040334224,-0.0052092173,0.012366936
43564552,43564493,-0.006930739,-0.0041591707,0.0007373458
43582569,43582509,-0.009369404,0.0023959382,0.0014905247
43603635,43603575,0.008124648,0.002050723,0.008651154
43624610,43624551,0.0059188353,-0.0028745544,0.011396523
43641177,43641113,-0.011127414,0.0007645538,-0.0026678513
43662153,43662089,-0.01855138,-0.00030691235,0.003738636
43683179,43683118,0.0022337001,-0.0095266355,0.006879148
43704190,43704131,0.014039314,-0.0071802787,0.0037005658
43722208,43722149,-0.009624817,0.0013303709,0.004947994
43743231,43743170,-0.018735686,-0.0050106742,0.006017519
43764252,43764191,0.0065681306,-0.0040109023,0.0039477246
43782274,43782209,0.013763278,0.004122242,-0.0029058708
43803291,43803230,-0.0005333832,-0.0012797784,0.0034590831
43824311,43824251,-0.014168593,0.0008018549,0.0059889425
43845332,43845272,0.008483929,-0.004615314,0.00059761107
43861853,43861789,0.009705219,-0.00056296727,-0.00019865879
43882875,43882812,-0.007140006,-0.0061969617,0.0061848974
43903935,43903876,0.0013142214,-0.003038629,0.004741395
43921914,43921849,0.0012613863,0.007083059,-0.00089125475
43942931,43942870,-0.004404252,-0.0010170008,0.007892686
43963996,43963937,-0.0025942149,-0.003698417,0.0019883572
43981968,43981909,-0.0013298221,0.0022244314,-0.0008783865
44002989,44002930,-0.0076705394,-0.0010700759,0.0034377181
44024062,44023997,-0.007027867,-0.0035939896,0.0073618134
44045037,44044972,0.010014069,-0.0014089777,0.0044584386
44061593,44061535,0.005082336,0.0064550284,0.0035829984
44082570,44082509,-0.008752308,-0.00062569825,0.0057725497
44103593,44103532,0.0025681208,-0.010613706,0.0039500194
44124613,44124551,0.0020653561,0.0053342306,0.0083537465
44142632,44142570,0.005872484,-0.0021919655,5.1167677e-05
44163652,44163591,0.007980842,-0.0010850894,0.003637545
44184674,44184611,-0.017313503,0.0034703766,0.00016593596
44201195,44201132,-0.006507703,-0.003284608,0.0038320415
44222209,44222149,0.018768622,0.0020407885,0.00081223575
44243230,44243170,0.0035475588,-0.0035798317,0.0008899586
44264295,44264237,-0.022140332,-0.0024788892,0.0017499074
44282272,44282214,-0.0018202037,0.00012123573,0.0037942047
44303288,44303230,0.018591702,-0.0026923558,0.0018911094
44324358,44324299,-0.012402703,-0.0028687678,0.0031076574
44342332,44342269,-0.014364965,0.0016368328,0.0032538313
44363351,44363291,-0.0067666597,-0.011232361,1.9709929e-05
44384416,44384357,0.0031645442,0.007922749,0.0074585984
44405393,44405333,0.004093819,-0.008153265,0.003958447
44421956,44421897,-0.00862459,0.00477219,0.008203965
44442930,44442871,-0.0069699483,0.0025345813,0.0058873007
44463952,44463891,-0.010123431,0.005809481,0.008683605
44482013,44481955,0.011382475,0.0024462007,-0.0036513768
44503029,44502972,0.021568116,0.007827532,0.003227073
44524014,44523951,0.013463961,0.0012334731,0.0054608323
44545030,44544972,-0.011059071,-0.0065656775,0.001578701
44561548,44561489,-0.0139994025,0.0045874394,0.003658455
44582569,44582510,0.020163085,0.004562096,0.00061028614
44603594,44603531,0.003176377,0.0044204984,0.0012080385
44621612,44621550,-0.03443124,0.0009449121,0.0029517256
44642634,44642570,-0.029534169,0.0028933785,0.007992884
44663653,44663591,-0.017688714,0.0054069017,0.0026009085
44684721,44684658,0.005306033,0.0049827266,0.0013613417
44702692,44702630,-0.009326589,0.0021573575,-0.0046016145
44723711,44723651,-0.02274016,0.0033020694,0.0033482432
44744779,44744717,-0.025967395,0.014591092,0.006497916
44761249,44761191,-0.04350253,0.00918857,0.008509548
44782322,44782265,-0.047984194,0.020612948,-0.009167831
44803291,44803232,-0.09526281,0.0075164186,-0.016710937
44824311,44824251,-0.1372005,0.040122792,0.015170542
44842375,44842315,-0.10623607,0.08705834,-0.066872336
44863350,44863291,-0.050980568,0.12796238,-0.052753743
44884374,44884314,-0.095686615,0.20822759,-0.1410341
44902436,44902375,-0.09402986,0.22386317,-0.09388364
44923414,44923353,-0.07104769,0.2718781,-0.113613635
44944430,44944372,-0.052060813,0.31757975,-0.1377506
44965452,44965393,-0.03538289,0.1927363,-0.05029648
44981973,44981909,0.023845129,0.10451373,-0.08790837
45002997,45002930,0.014415059,0.055421744,-0.11543088
45024016,45023951,-0.07366847,0.024733938,-0.081495926
45042032,45041970,-0.018834192,0.032909103,-0.15392473
45063054,45062990,0.133092,-0.024103554,-0.032117058
45084074,45084012,0.10745649,-0.11187253,-0.13467705
45105138,45105077,0.10024106,-0.15235624,-0.024814975
45123121,45123054,0.13398534,-0.15813443,-0.15828927
45142673,45142615,0.16312994,-0.080963105,0.031826295
45163650,45163590,0.08197119,-0.06565732,-0.17249952
45181670,45181609,0.052281737,-0.035752125,0.085722335
45202734,45202676,0.019776143,-0.021009024,-0.20655736
45223711,45223651,0.07881123,-0.052374467,0.10977731
45244732,45244673,0.14597705,-0.073862985,-0.21846665
45262797,45262735,0.10779758,-0.13859378,0.14519393
45283797,45283738,-0.003776942,-0.15550692,-0.2355523
45304791,45304733,0.010217236,-0.029885879,0.15507238
45321311,45321250,0.11417476,0.017094487,-0.14593439
45342329,45342269,0.10077064,-0.020399252,0.041364994
45363348,45363290,0.10403783,-0.061894372,-0.11204788
45384370,45384311,0.014820897,-0.09623294,0.0028718377
45402392,45402330,-0.10595498,-0.0444518,0.011497201
45423411,45423350,-0.168029,-0.017147992,-0.117320634
45444430,45444372,-0.08554391,-0.018177386,0.08232057
45462452,45462389,-0.11290061,-0.0514492,-0.23454186
45483472,45483410,-0.032547038,-0.04170962,0.18742783
45504490,45504431,0.0065885046,-0.08089544,-0.24226205
45524009,45523950,0.002053334,-0.06692745,0.21936151
45542031,45541968,-0.0075519094,-0.061165713,-0.28755927
45563110,45563047,0.02073871,-0.04045272,0.2506274
45584069,45584010,0.036227576,-0.018474672,-0.3019296
45602087,45602028,0.028206918,-0.022872083,0.21819425
45623159,45623098,0.010030091,-0.06643227,-0.2579144
45644128,45644070,0.022167033,-0.09104844,0.23487136
45665152,45665091,0.08223429,-0.107852966,-0.26609758
45681668,45681608,0.050784282,-0.10413141,0.027518515
45702688,45702629,0.05463236,-0.051241696,-0.027312359
45723708,45723650,-0.002251243,-0.0656573,-0.03571546
45741730,45741668,-0.0003453066,-0.055215664,0.20129962
45762752,45762689,-0.013800676,-0.07604639,-0.26643044
45783770,45783710,0.057793256,0.010864978,0.26482695
45804791,45804731,0.059440237,-0.0069762785,-0.3197581
45822809,45822748,0.10023935,-0.00574919,0.41410193
45843826,45843769,-0.012045501,-0.04367885,-0.46605703
45864847,45864790,0.0002762172,0.030473625,0.459349
45881370,45881306,0.05504438,0.01700145,-0.4275754
45902389,45902329,0.05708244,0.0077308416,0.40018597
45923454,45923394,0.032543983,0.019199105,-0.42136
45944430,45944369,-0.01655245,0.016052432,0.39308235
45962449,45962388,0.00014735958,0.047160193,-0.16329464
45983513,45983454,-0.013563375,0.02455354,0.096985556
46004488,46004429,0.049223,0.03498643,-0.067791864
46022504,46022447,-0.0036850278,0.026273973,-0.22599061
46042027,46041966,0.08248402,0.039489985,0.32689312
46064587,46064528,-0.0038477178,0.013067987,-0.2725647
46084065,46084008,0.01937327,0.017246008,0.3669468
46102087,46102027,-0.015625149,-0.016207233,-0.4865605
46123111,46123047,0.07406817,0.019043684,0.5181997
46144126,46144067,0.048380427,0.017340656,-0.57264817
46162148,46162086,0.06245076,0.061691687,0.52193445
46183169,46183107,0.05719276,0.013998942,-0.5098951
46204185,46204127,-0.027453667,0.028922293,0.42852625
46225208,46225148,0.012011672,0.04918462,-0.40312558
46241734,46241665,-0.00465838,0.058458894,-0.074007675
46262751,46262690,0.027016345,0.060497813,0.1545566
46283811,46283752,-0.054090552,-0.020314269,-0.23700705
46301786,46301724,0.021082647,0.024952771,0.5036082
46322807,46322745,-0.015852181,0.01320894,-0.5499625
46343868,46343810,0.05209175,0.06873059,0.5866902
46364848,46364787,0.00068080093,0.04506704,-0.5951436
46382865,46382805,-0.007506399,0.05778626,0.60019535
46403933,46403871,-0.0006280008,-0.014098309,-0.58545554
46424910,46424846,0.022178147,0.0009442542,0.5626248
46441468,46441408,0.0454098,0.00079175236,-0.22243415
46462441,46462383,-0.087577574,0.056565654,0.14684965
46483466,46483404,-0.0026553483,0.074737325,-0.104319125
46504483,46504425,0.012567361,0.05332708,0.06443637
46522506,46522443,0.07744131,0.052553557,0.22377329
46543522,46543463,-0.015772289,0.013231836,-0.24279012
46564543,46564484,0.054809723,0.049250405,0.30376214
46581068,46581000,0.007893414,-0.005185971,-0.5184134
46602088,46602023,0.039398193,0.01633849,0.5290097
46623110,46623048,0.027451754,-0.02729759,-0.51055163
46644197,46644138,0.053846188,0.03815454,0.51730615
46662144,46662082,0.06244105,0.029304065,-0.4601824
46683168,46683108,0.002029103,0.019925587,0.44886062
46704228,46704168,-0.0036600474,-0.010299203,-0.4022664
46722199,46722140,0.022252502,0.019377686,0.20176306
46743222,46743162,0.06282193,0.033856865,-0.15855476
46764288,46764228,-0.01129224,0.0014094071,0.1231715
46785265,46785202,0.024178615,0.0021856101,-0.06605265
46801823,46801764,-0.04020269,-0.025616633,-0.2962608
46822800,46822739,-0.019463308,0.046098135,0.36753097
46843821,46843760,-0.08255158,0.040627737,-0.39718848
46861885,46861824,0.037969362,0.08184354,0.55518264
46882856,46882798,0.04929253,-0.0054828343,-0.57702494
46903879,46903819,0.083967365,-0.048705805,0.56219053
46924898,46924839,0.0034243462,-0.07278366,-0.5470254
46942916,46942857,-0.05796716,0.013423089,0.45476317
46963936,46963878,-0.044692673,0.018514574,-0.38663888
46984960,46984899,-0.010450684,-0.00094351993,0.36810142
47001478,47001415,0.08063546,-0.006174356,-0.02066588
47022499,47022436,0.013516378,-0.043257765,-0.033813495
47043516,47043457,0.047629334,-0.0057937773,0.07654615
47064583,47064523,-0.011583496,0.00950613,-0.11993879
47082552,47082495,0.016288184,-0.006794904,0.3260423
47103575,47103515,-0.016367186,-0.088654384,-0.33686233
47124644,47124583,0.0863359,-0.028721087,0.3320139
47141115,47141054,0.053257756,-0.03561464,-0.43496168
47162180,47162120,-0.028222086,-0.0026830835,0.44662574
47183159,47183097,-0.062257644,-0.0024554222,-0.4491109
47204175,47204116,-0.016827041,0.02609856,0.46439925
47222237,47222178,0.0133952275,0.010003391,-0.34106445
47243212,47243153,0.034862053,0.015559771,0.30387473
47264232,47264173,0.06553483,-0.0096607655,-0.2684771
47282295,47282237,-0.01895062,-0.0382068,-0.026683383
47303272,47303212,0.024622189,0.02537949,0.09637928
47324290,47324232,-0.08216012,0.0482671,-0.15074328
47345334,47345275,-0.026469633,0.039399456,0.21871775
47361829,47361770,0.0051592663,-0.03699489,-0.46184707
47382849,47382790,0.066256985,-0.019712865,0.4779407
47403871,47403811,-0.0077453004,-0.049038924,-0.497233
47421889,47421829,-0.041422144,-0.016058844,0.47735974
47442913,47442849,-0.038083,-0.011511644,-0.4255784
47463929,47463870,-0.01846308,0.022629518,0.40265274
47481946,47481887,0.0144635225,-0.012101263,-0.21959732
47502968,47502910,-0.005887945,-0.03385527,0.18423766
47524035,47523977,0.066715874,0.00951374,-0.13792248
47545056,47544995,0.03201015,-0.01008677,0.08377172
47561524,47561466,0.056324154,-0.023721233,0.18036295
47582589,47582531,-0.007403326,-0.07622847,-0.20171486
47603564,47603506,0.0066804164,-0.026069637,0.20142843
47624584,47624527,-0.019885298,0.0051199584,-0.23474912
47642652,47642590,0.012041879,0.049134858,0.34008524
47663626,47663566,-0.04063517,-0.01713014,-0.35902312
47684645,47684586,-0.04215473,-0.0070849806,0.36978638
47701163,47701102,-0.058139097,-0.012997661,-0.35838777
47722184,47722122,-0.023980413,0.039424393,0.34460676
47743205,47743145,0.021175103,-0.021502104,-0.3102796
47764228,47764164,0.015703635,-0.058563113,0.2641332
47782240,47782181,0.040679157,-0.032176312,-0.053540405
47803260,47803202,-0.023802001,0.0015210768,0.0073819365
47824301,47824242,-0.015845992,0.042171508,0.04061574
47842301,47842240,-0.063521095,0.03150207,-0.23752677
47863318,47863260,-0.00847414,0.029953336,0.29286394
47884340,47884281,-0.005840115,-0.031901978,-0.33426622
47905406,47905347,0.011094441,0.008235335,0.36222863
47921879,47921818,-0.030277142,0.033696104,-0.4302693
47942944,47942884,-0.044895582,0.10211246,0.39904663
47963918,47963859,-0.019123124,0.029460121,-0.38523376
47981935,47981876,0.014984422,-0.018896574,0.27196622
48003006,48002942,0.025056463,0.022494141,-0.26448542
48023978,48023917,-0.03824884,0.05770972,0.23772672
48045001,48044939,-0.05648467,0.050351318,-0.2201679
48063064,48063000,-0.052815318,0.0089717,0.047591083
48084037,48083976,-0.015580837,0.003120611,-0.03431356
48105065,48104999,-0.06433634,0.0205231,0.010469038
48121571,48121513,0.029771704,0.029225763,0.24781905
48142590,48142532,-0.012393572,-0.0032378724,-0.26456666
48163614,48163553,-0.034611546,0.038840298,0.25917038
48184631,48184573,-0.072900824,-0.009313143,-0.29234296
48202652,48202591,-0.07418462,-0.0052268906,0.36723006
48223671,48223612,-0.040821634,0.009750716,-0.37005538
48244692,48244633,0.004572002,0.033765774,0.3722562
48261208,48261148,-0.019364046,0.030796519,-0.23387358
48282229,48282168,-0.032591663,-0.019491686,0.2012324
48303291,48303234,0.003349883,-0.04019774,-0.15112364
48324271,48324210,0.02110567,0.001538888,0.10327838
48342290,48342227,0.051130652,-0.0016679689,0.10563866
48363357,48363293,-0.0615862,-0.054055538,-0.13329753
48384327,48384269,-0.05161402,0.001560581,0.15513694
48402346,48402285,-0.002417359,0.00040711148,-0.30205846
48423410,48423351,0.023657206,0.02532072,0.3053051
48444385,48444326,-0.029967012,-0.013863697,-0.32069004
48465410,48465347,-0.022835687,0.017609034,0.35138774
48481921,48481862,-0.04199942,-0.0003403215,-0.38025495
48502946,48502885,-0.07229393,-0.050130602,0.36355725
48523962,48523903,-0.021360995,-0.058166407,-0.36546776
48541979,48541921,0.0217439,-0.008347978,0.22973126
48563002,48562941,0.023533542,0.06358967,-0.19133773
48584019,48583962,-0.039263982,0.040788118,0.15549497
48605042,48604982,-0.11631358,-0.007798624,-0.1343899
48623066,48623000,-0.20170811,-0.03813505,-0.041617766
48642581,48642519,-0.15541473,-0.0007554357,0.1264713
48663644,48663585,-0.14765438,-0.01721278,-0.16832244
48681618,48681557,-0.10086305,0.008853056,0.3460832
48702639,48702577,-0.13362783,-0.011628093,-0.38000667
48723702,48723642,-0.06544197,-2.1450687e-06,0.41008985
48744678,48744617,-0.054547694,-0.0073431213,-0.44656077
48762694,48762635,-0.022101475,0.04067339,0.42998675
48783763,48783701,-0.021198908,0.016171863,-0.4214348
48804738,48804676,0.008264603,0.025355041,0.40262285
48821297,48821237,0.0373608,0.034517985,-0.13014176
48842269,48842211,0.01753943,-0.0023825183,0.07426151
48863292,48863232,0.0082541825,0.023787044,-0.0062069567
48884309,48884252,-0.06570798,0.0187223,-0.033059355
48902330,48902270,-0.029107267,0.05189485,0.2854131
48923348,48923290,-0.026397027,0.037524056,-0.30779904
48944369,48944310,0.10937173,-0.004302905,0.3524244
48962391,48962328,0.124297604,-0.05156056,-0.45303345
48983407,48983348,0.1342537,0.0015313865,0.46358782
49004426,49004368,0.07102885,0.010739069,-0.44566378
49025448,49025389,0.031569622,0.02929892,0.45483866
49041969,49041907,-0.04444448,-0.021377008,-0.28025037
49062985,49062925,-0.06947112,0.0024577633,0.26316166
49084053,49083993,0.08904276,0.02594639,-0.23604235
49102023,49101963,0.06735175,0.039146498,0.03697374
49123042,49122983,0.022487152,0.031393558,0.00025614141
49144109,49144049,0.00999103,0.00050517404,-0.024205452
49165085,49165024,0.06793583,-0.0025467668,0.059049916
49181660,49181603,0.03217324,-0.025580598,-0.29934075
49202619,49202560,0.034237698,-0.007704249,0.3059725
49223640,49223580,-0.05842747,-0.0029385963,-0.30666164
49241701,49241643,-0.052734707,0.034111302,0.36411068
49262677,49262618,-0.018050253,-0.0022240465,-0.3356932
49283698,49283638,0.040856704,-0.007275992,0.34495962
49304719,49304659,0.0761566,-0.01014816,-0.33798948
49322734,49322676,0.04705226,-0.028367124,0.24758027
49343754,49343696,0.0036792948,-0.017364105,-0.17564577
49364775,49364716,-0.04890718,-0.016456287,0.1440051
49381294,49381233,-0.002231746,-0.013872555,0.14940237
49402312,49402253,-0.0042500272,0.022191819,-0.15772647
49423335,49423273,0.07644626,0.08358298,0.19902505
49444399,49444339,0.054848246,0.04121106,-0.20673889
49462371,49462310,0.039654173,0.012322839,0.3347461
49483389,49483330,-0.008061973,-0.0077034496,-0.34110874
49504454,49504396,0.0321533,0.0077847913,0.3762383
49522430,49522368,-0.005011221,-0.0135369515,-0.36580944
49543446,49543388,0.0034057254,-0.008036327,0.359464
49564521,49564454,-0.022399561,0.015592522,-0.32919085
49585487,49585429,-0.0042679734,0.04728201,0.3063272
49602055,49601990,0.05940283,0.03813688,-0.07913298
49623026,49622964,0.06522746,-0.02907557,0.06225206
49644048,49643985,0.059607625,-0.012352068,-0.016858181
49662107,49662048,-0.016411027,-0.009544673,-0.1265678
49683081,49683023,-0.019127598,0.050218355,0.16318661
49704102,49704043,-0.04958721,0.027803674,-0.14336012
49725122,49725063,-0.019516092,-0.0047283685,0.1587692
49741640,49741579,-0.0068179267,-0.012894866,-0.28354254
49762659,49762599,0.09509916,0.011978786,0.30317286
49783681,49783619,0.05833358,-0.013324957,-0.28557998
49801703,49801638,-0.004102266,0.012634305,0.24614857
49822717,49822657,-0.039722823,0.028400391,-0.22359776
49843737,49843677,-0.044021223,0.048358347,0.22724628
49864803,49864742,0.014106928,0.0046758773,-0.20542108
49882774,49882714,0.045492996,-0.030725012,0.0844388
49903795,49903734,0.043782476,-0.04570188,-0.057011418
49924858,49924800,0.016337583,-0.04993891,0.030850902
49941329,49941271,0.04390254,-0.018803181,0.23002309
49962395,49962336,-0.020804701,-0.00759505,-0.2658306
49983371,49983311,0.026905734,0.021087585,0.2848742
50004389,50004331,0.008605631,0.0032228022,-0.30089757
50022457,50022394,-0.039180662,-0.012381496,0.36218476
50043428,50043368,-0.04067186,-0.053604297,-0.3403347
50064451,50064389,0.0013413017,0.007591175,0.33999813
50082515,50082451,0.0048332373,-0.0015154699,-0.27682707
50103484,50103426,-0.009012837,-0.049848825,0.27026698
50124504,50124446,0.010605053,-0.012843924,-0.2210428
50144026,50143965,-0.028180387,0.01697433,0.14807501
50162040,50161982,-0.026768679,0.04420126,0.0011033011
50183062,50183002,-0.044357937,0.02150267,-0.01139984
50204080,50204022,0.026902493,0.062105283,0.016371
50222104,50222040,0.021024877,0.015797094,-0.13229932
50243125,50243060,0.054912854,-0.019707259,0.1379133
50264139,50264080,-0.008824895,-0.04996466,-0.14258245
50285205,50285147,-0.05032192,0.021976944,0.18771815
50301681,50301616,-0.05187083,0.008938485,-0.27968374
50322744,50322682,-0.028497687,0.00063818356,0.30432585
50343717,50343658,0.010281162,-0.009288483,-0.30004257
50361737,50361675,0.036174096,0.024699647,0.23336488
50382799,50382740,0.064043045,0.01100191,-0.19187571
50403774,50403715,0.034927875,-0.04696125,0.16091573
50424793,50424734,-0.0016533448,-0.021953318,-0.12047839
50442858,50442797,-0.045240484,0.0052849054,-0.036037788
50463832,50463772,-0.0198519,0.033661533,0.073413484
50484853,50484792,-0.047870424,0.028977111,-0.10902058
50501365,50501308,-0.011780586,0.014683292,0.27451184
50522385,50522327,0.025845485,-0.017155714,-0.2803586
50543407,50543347,0.020069877,-0.024001144,0.2822952
50564424,50564367,-0.04759936,-0.017489381,-0.28770304
50582442,50582386,-0.037790958,0.020538028,0.25847057
50603462,50603404,-0.0070635364,0.016402595,-0.25353757
50624481,50624424,-0.025262285,0.020271998,0.25014266
50642499,50642442,-0.029810306,0.014549863,-0.16874003
50663525,50663462,0.0035377825,-0.022506665,0.15497442
50684542,50684482,0.04503082,-0.028146125,-0.13691238
50704059,50704001,-0.033285618,-0.03201328,0.05194009
50722077,50722018,-0.007770331,0.016768482,0.07721901
50743150,50743084,-0.0150280185,0.039288737,-0.09733678
50764119,50764058,-0.010072408,0.035531186,0.09466598
50782134,50782075,-0.042846452,-0.02721278,-0.16438936
50803201,50803141,-0.014757558,-0.012726671,0.1758268
50824175,50824117,0.006326228,0.00057158887,-0.1859169
50845226,50845167,0.042028464,0.022956416,0.1995086
50861714,50861651,0.02988636,-0.022022333,-0.20695364
50882731,50882672,-0.023771798,-0.021541893,0.21053763
50903750,50903691,-0.046290975,-0.0006156087,-0.19421452
50921768,50921709,-0.047727622,-0.003761452,0.07473035
50942788,50942729,-0.00018420516,-0.0011168461,-0.039377205
50963806,50963748,-0.006777077,-0.011479514,0.024577515
50984827,50984769,0.029821496,-0.0001661533,0.0059437817
51002843,51002786,0.03644082,-0.04915186,-0.116877384
51023867,51023807,0.013559957,-0.043633696,0.14375916
51044884,51044827,-0.06107871,-0.007022956,-0.15560311
51061404,51061342,-0.05339305,0.04795394,0.26119715
51082424,51082362,-0.045832798,0.045741864,-0.24886306
51103489,51103427,-0.026874574,0.055147063,0.25453225
51124463,51124402,-0.05146001,0.018013354,-0.24698833
51142480,51142419,-0.05984625,-0.029852293,0.21448915
51163543,51163484,-0.03018351,-0.049394626,-0.20398806
51184517,51184459,0.030073276,-0.0047980146,0.16706228
51202538,51202476,0.051539164,0.018866595,-0.06261848
51222056,51221997,0.0376145,-0.0089929,0.0017133371
51243076,51243015,-0.014138931,-0.021743692,0.03088502
51264099,51264038,-0.07091397,-0.0006595579,-0.035041347
51282111,51282052,-0.017094877,0.04011997,0.15396655
51303131,51303072,-0.020675346,0.031429388,-0.18125515
51324150,51324092,0.010427917,0.006972389,0.20186336
51342167,51342109,0.024168752,-0.04137486,-0.23328
51363191,51363132,0.04037463,-0.03606447,0.24811439
51384209,51384149,0.0011368537,-0.0038198412,-0.23726918
51405228,51405169,-0.06738646,0.023382625,0.21871175
51421743,51421684,-0.09582487,-0.004836766,-0.09208406
51442762,51442704,-0.05052511,0.0050588134,0.06348895
51463828,51463770,0.05445823,0.030415792,-0.046920754
51481800,51481742,0.018348077,0.021760223,-0.057420656
51502818,51502761,0.020329071,0.032077912,0.062065855
51523885,51523827,0.00328096,0.005839487,-0.07739315
51544907,51544845,0.018883094,0.000773084,0.094170965
51562878,51562819,0.011112686,-0.0106519535,-0.17924179
51583942,51583884,0.01834756,-0.020310413,0.19729654
51604918,51604859,-0.035173435,-0.021625515,-0.2203023
51621479,51621420,-0.009175588,0.0060969484,0.21675894
51642452,51642394,0.015647052,-0.019843552,-0.19873962
51663474,51663414,-0.063122824,-0.029583002,0.18072268
51684494,51684434,-0.03915086,0.0038956818,-0.15157767
51702514,51702451,0.020561755,0.039324127,0.057473443
51723538,51723480,0.07480563,0.031085458,-0.037904933
51744551,51744491,0.032813095,-0.018643431,0.04225883
51761066,51761008,0.011565134,-0.03849372,0.09574861
51782084,51782027,-0.033516165,-0.024790231,-0.08582293
51803111,51803046,0.02166256,0.02720022,0.09217835
51824172,51824112,0.027725512,0.0024858164,-0.08673758
51842142,51842084,0.040820457,0.005378449,0.16376004
51863168,51863107,0.029830698,0.0018536554,-0.17603597
51884229,51884169,0.034438174,-0.014119445,0.18649496
51902201,51902141,0.049738824,-0.022847483,-0.20511268
51923223,51923165,0.020304717,-0.020400343,0.19605221
51944287,51944226,-0.025303558,-0.03500258,-0.19438024
51965262,51965201,-0.0029870255,-0.0070145363,0.18856443
51981824,51981762,0.04279948,-0.013552006,-0.07322396
52002795,52002736,0.06324714,0.020426024,0.04920813
52023815,52023756,0.053437088,-0.04532434,-0.027362972
52041878,52041819,-0.006840962,-0.06849486,-0.10817594
52062853,52062793,0.015514349,0.025120355,0.12909661
52083873,52083813,-0.024691168,0.077148706,-0.14147112
52104893,52104834,-0.013582617,0.04548565,0.16010377
52122913,52122851,-0.0068690516,-0.006531662,-0.18853468
52143930,52143870,0.047792193,0.015342072,0.18344367
52164950,52164890,0.04217524,-0.0014436515,-0.1792584
52181463,52181406,0.02107613,-0.019912383,0.17877002
52202482,52202425,0.0007103912,-0.032317843,-0.18403593
52223501,52223445,0.00768294,-0.0016618653,0.18964563
52244568,52244510,0.003879115,0.03784306,-0.17887084
52262543,52262482,-0.009047048,0.062912315,0.1217148
52283565,52283504,0.007734436,0.01468505,-0.09238051
52304628,52304567,-0.021264613,0.00040270085,0.07451225
52321101,52321037,0.044234265,0.013325743,0.061509863
52342162,52342103,0.06654549,-0.006454208,-0.057115823
52363137,52363077,0.055311494,-0.0461308,0.06277669
52384156,52384097,0.001483376,-0.030797813,-0.06804539
52402216,52402159,0.02199101,0.006000012,0.15356524
52423194,52423136,0.026704986,0.04263707,-0.15717632
52444216,52444154,0.04393852,0.048954908,0.18040372
52462277,52462217,0.05225384,0.0016649858,-0.2231591
52483250,52483191,0.034719937,-0.04484948,0.24310674
52504268,52504211,-0.0017039138,-0.040300243,-0.23980136
52525291,52525230,0.04119819,-0.026272269,0.23914205
52541805,52541746,0.03500011,0.004921274,-0.1027963
52562824,52562766,-0.02217816,0.002155764,0.08919159
52583845,52583787,-0.012147473,-0.00084680086,-0.05758673
52601862,52601803,0.008239229,-0.033993028,-0.0547475
52622891,52622831,0.026829578,-0.02832648,0.08338835
52643902,52643843,-0.02537885,-0.02651569,-0.081569746
52664966,52664908,-0.04792168,-0.0069518327,0.096689776
52682940,52682879,-0.067998484,-0.008425941,-0.15690918
52703960,52703900,-0.04511034,0.013002923,0.17108777
52725023,52724966,-0.049135715,-0.008060643,-0.18239097
52741495,52741435,-0.0045264154,-0.0138962185,0.2072159
52762559,52762500,0.038541965,-0.013550105,-0.19333166
52783535,52783474,0.041669488,0.037933137,0.19970416
52804554,52804494,0.047572076,0.033334345,-0.19123258
52822617,52822559,0.011730842,0.01038613,0.13438806
52843590,52843531,0.015120201,-0.03434698,-0.12797405
52864610,52864551,-0.022249458,-0.014815679,0.12850824
52881127,52881067,-0.0019981845,0.058040228,0.016043505
52902145,52902087,-0.011049223,0.044936508,-0.059322227
52923166,52923107,0.018018281,0.0056416374,0.08745682
52944185,52944126,0.002493102,-0.028217213,-0.11395775
52962203,52962143,0.05019201,0.0013489828,0.18321212
52983222,52983163,0.03564954,0.0073763235,-0.20324388
53004242,53004183,0.003141987,-0.042516626,0.20728393
53022270,53022211,-0.009852634,-0.030608002,-0.1862843
53043279,53043219,-0.048133537,0.039510243,0.17508109
53064298,53064239,-0.06852816,0.018529767,-0.171001
53085363,53085304,-0.032796793,0.05416295,0.16447207
53101832,53101774,0.013720955,0.064422555,-0.06598255
53122899,53122840,0.026011966,0.028402278,0.04188407
53143872,53143814,0.052709848,-0.018496871,-0.027965425
53161889,53161831,0.03958758,-0.019277114,-0.09662866
53182959,53182896,0.040038276,0.0076680817,0.12002184
53203930,53203871,-0.044184905,-0.01750691,-0.14042461
53224949,53224890,-0.04475461,-0.023539457,0.14867316
53243034,53242972,-0.05210704,-0.04624734,-0.19797947
53263986,53263927,0.019654207,-0.035272054,0.20175092
53285005,53284947,0.06677517,-0.0063076867,-0.21056907
53301520,53301462,0.08255982,0.012964141,0.17871979
53322542,53322482,0.054053947,0.0127420155,-0.15696758
53343565,53343502,-0.0054563647,0.011864646,0.14649996
53364586,53364528,-0.040765326,0.02004497,-0.10584075
53382599,53382539,-0.07173029,0.034903392,0.022966444
53403618,53403559,-0.04607692,0.013272927,-0.0047641313
53424639,53424579,-0.022570342,0.021736769,0.00016551954
53441155,53441095,0.032291412,0.0057873856,0.10752766
53462175,53462114,0.0724435,-0.021338617,-0.1262605
53483243,53483179,0.00595999,-0.04082609,0.14499804
53504212,53504154,-0.047891673,-0.03787812,-0.1379304
53522229,53522170,-0.06531013,0.027517064,0.18138152
53543296,53543236,-0.086960904,0.04481403,-0.19140497
53564267,53564210,-0.022588793,0.011046635,0.20802554
53582288,53582227,0.016495306,-0.015570626,-0.17010438
53603350,53603292,0.04036896,-0.018991232,0.15205362
53624323,53624266,0.07725457,-0.036322866,-0.13316284
53645345,53645286,0.023982622,-0.028564299,0.11696132
53661862,53661802,-0.007144624,-0.036594685,0.03376562
53682883,53682822,-0.07412229,-0.039181903,-0.04871519
53703902,53703843,-0.027862977,0.028447498,0.06267213
53721918,53721860,-0.014854945,0.024858031,-0.13338402
53742937,53742878,0.037000086,0.028301805,0.13266905
53763959,53763899,0.010332246,-0.01493406,-0.1267876
53784980,53784918,0.0005049288,0.006287561,0.14207663
53802996,53802937,-0.024611928,-0.018236896,-0.16627763
53824016,53823954,-0.014688692,-0.020380106,0.17075412
53845035,53844975,-0.006988926,0.0064644665,-0.17387651
53861548,53861489,0.010180954,0.0052397465,0.13310863
53882569,53882509,0.06286518,-0.028713688,-0.1345806
53903633,53903574,0.05112047,-0.012436291,0.119352765
53924607,53924548,-0.024220236,0.029010778,-0.12080424
53942626,53942565,-0.034624588,0.039207898,0.046277475
53963689,53963631,0.046977088,0.00776788,-0.03122835
53984668,53984608,0.022355173,-0.00794458,0.011543235
54001226,54001166,0.010303568,-0.019865587,0.1275052
54022198,54022140,-0.020172931,0.0004672676,-0.1499022
54043223,54043161,0.027011069,0.01187535,0.16974494
54064238,54064179,-0.0393134,-0.04409624,-0.19941671
54082256,54082198,-0.033028733,-0.075158246,0.21128558
54103276,54103216,-0.03599104,-0.039878357,-0.21164623
54124295,54124236,-0.03635036,0.06716349,0.19893163
54142315,54142253,0.0010501643,0.050104246,-0.12511785
54163335,54163273,0.00012294899,0.03314341,0.08749672
54184392,54184334,0.026508426,0.042441495,-0.07400781
54205374,54205312,-0.021001859,-0.022019641,0.06793709
54221886,54221828,-0.056882534,-0.047316313,0.05230491
54242908,54242847,-0.06696336,-0.034659997,-0.06329098
54263970,54263912,-0.0055980063,-0.021473326,0.06973244
54281943,54281884,0.0023606108,0.013444391,-0.12662727
54302965,54302903,0.014757713,0.02545836,0.12136986
54324029,54323969,-0.053984363,0.027309183,-0.13643432
54345005,54344943,-0.0068409983,0.035496272,0.15343879
54363017,54362960,-0.0084268125,-0.015134653,-0.19274573
54384086,54384027,-0.05176602,-0.0076089036,0.19917351
54405064,54405000,-0.09308914,0.021270292,-0.1958954
54421617,54421560,-0.091804266,0.04000045,0.12847534
54442596,54442534,-0.029077794,0.0049024364,-0.10341196
54463613,54463555,-0.032111354,-0.033057716,0.0940083
54484633,54484574,0.036670923,-0.025835197,-0.084339365
54502650,54502591,0.045302484,-0.009911861,-0.008230605
54523671,54523610,0.016193515,-0.009700439,0.04905313
54544690,54544631,-0.03183209,-0.014969052,-0.048750143
54561204,54561145,0.0018354268,0.028394133,0.17276345
54582229,54582166,0.0036507363,0.012321479,-0.17339806
54603245,54603185,0.020293146,0.01804121,0.19357024
54624309,54624250,0.052951753,-0.010184587,-0.18650408
54642282,54642221,0.061310936,-0.030124202,0.20199415
54663304,54663241,0.016371729,0.0019126004,-0.17787288
54684365,54684306,0.0008026452,0.013597764,0.18264829
54702336,54702277,0.009678193,-0.0013187656,-0.10097969
54723356,54723297,0.04366922,0.0061454703,0.11136734
54744423,54744363,0.037751805,0.01222774,-0.089504145
54765399,54765336,-0.0057713697,-0.011353149,0.10207124
54781957,54781898,-0.010558368,-0.015887951,0.05465325
54802930,54802872,-0.0012073417,0.002220722,-0.051398408
54823951,54823891,0.02746912,0.024208471,0.074751645
54842014,54841955,-0.009394821,-0.011251707,-0.16490501
54862987,54862928,0.0061954143,-0.008930579,0.19282614
54884006,54883947,-0.047986884,0.014622844,-0.18098806
54905028,54904967,-0.01989259,-0.005902853,0.18404451
54923042,54922984,-0.010587278,-0.04083608,-0.16773179
54942560,54942502,0.018846272,-0.012120958,0.16627881
54963580,54963522,0.031274237,-0.01471788,-0.15411028
54981599,54981539,0.02435296,-0.03949855,0.112195365
55002618,55002558,0.08994939,0.007656077,-0.08402922
55023638,55023578,0.06185519,0.027350854,0.09643711
55044705,55044646,-0.022388598,0.0015262109,-0.075373605
55062674,55062614,-0.044744164,-0.028634258,-0.037387025
55083695,55083635,0.029904464,-0.03561973,0.05436674
55104759,55104699,0.03666555,-0.031361263,-0.06326604
55121230,55121172,0.09008442,0.0028372826,0.16048472
55142291,55142234,0.08797181,-0.0069212043,-0.17345853
55163266,55163208,0.08881301,-0.0034092441,0.14860563
55184288,55184229,0.016963042,0.0025895324,-0.1703747
55202348,55202290,-0.0034994464,0.027292151,0.1683727
55223325,55223264,0.011966865,0.0036165635,-0.17952603
55244344,55244284,0.03101828,0.0058321655,0.16997485
55262406,55262346,0.05612741,-0.005032263,-0.14161605
55283379,55283321,0.08211434,0.0039389487,0.110311985
55304399,55304340,0.08974266,-0.018638529,-0.11468445
55325421,55325360,0.08955578,-0.036646046,0.057490554
55341934,55341875,0.12706052,-0.038552158,0.07295508
55362956,55362895,0.07274624,0.018457484,-0.100226976
55383976,55383915,0.03514684,0.045272972,0.09325604
55401991,55401932,0.01739304,0.015961785,-0.14709787
55423013,55422951,0.03368449,0.04207106,0.16005662
55444030,55443971,0.028245274,0.028467076,-0.1654914
55465098,55465036,0.025360234,-0.0098684495,0.16889717
55481565,55481506,0.00862421,-0.008653834,-0.15844676
55502630,55502570,-0.011299711,0.02044941,0.16621256
55523605,55523544,-0.048443776,0.0065987366,-0.14357719
55541619,55541562,-0.06064603,0.047796063,0.09400214
55562686,55562626,-0.012582826,0.015287345,-0.06315049
55583662,55583600,-0.027719466,-0.0006037511,0.0837464
55604681,55604620,-0.0070429575,0.010990071,-0.054955024
55622740,55622682,0.0142253535,0.004916333,-0.0014607898
55643717,55643656,0.027626127,0.040413775,0.031254783
55664735,55664677,-0.01943296,0.0030481895,-0.010230336
55681252,55681192,-0.05714765,0.013698947,0.13381511
55702272,55702213,-0.08615909,0.009074038,-0.13446093
55723295,55723233,-0.019663138,0.01707644,0.16651021
55744313,55744250,0.026938736,0.022046303,-0.16956362
55762325,55762267,0.03553856,0.039839916,0.21013057
55783346,55783286,-0.016606214,-0.0050891778,-0.2010564
55804366,55804307,-0.046098277,-0.004325856,0.20587486
55822383,55822324,-0.046814654,-0.015560407,-0.15126401
55843403,55843342,-0.040800367,0.015837913,0.15347227
55864421,55864362,-0.011637027,0.02533036,-0.14423497
55885492,55885427,0.072322406,0.034674212,0.13971283
55901956,55901897,0.1104962,0.028945781,0.01871171
55923022,55922964,0.068668775,-0.0061420067,-0.027053462
55943998,55943936,0.045539502,0.04848681,0.06095351
55962014,55961953,-0.0072841058,0.041844834,-0.15903041
55983079,55983019,-0.0055178246,0.019233339,0.17585537
56004056,56003992,-0.005332352,-0.0011375132,-0.16239032
56025073,56025012,0.030318579,0.009434921,0.1784415
56041584,56041527,0.028627302,-0.021115301,-0.2038348
56062605,56062546,0.012984092,-0.032920923,0.1942959
56083627,56083567,-0.023248462,-0.027581172,-0.20186944
56101644,56101583,-0.048867363,-0.018565133,0.15970133
56122660,56122602,-0.032015394,-0.022768985,-0.14839415
56143682,56143622,0.0015523678,0.023362055,0.11645135
56164704,56164642,0.026617635,-0.0054895496,-0.10084379
56182720,56182658,-0.0010593417,-0.054590534,-0.046157558
56203738,56203680,0.024246752,0.010570432,0.07485424
56224758,56224697,-0.016597575,0.031186754,-0.11413468
56241272,56241212,-0.035214417,-0.0008660707,0.22621486
56262291,56262232,-0.07570539,-0.042582512,-0.237672
56283359,56283298,-0.005980368,0.017703341,0.22104031
56304331,56304271,0.057411518,-0.013603709,-0.2406478
56322349,56322288,0.038906664,-0.058983304,0.18378316
56343417,56343355,-0.001819734,-0.02015215,-0.19219784
56364386,56364327,-0.03161813,0.04422949,0.17734532
56382405,56382345,-0.037348367,0.026513617,-0.07226848
56403467,56403408,-0.07308309,-0.0050909603,0.04210928
56424445,56424382,-0.055433597,-0.0004285026,-0.035857346
56445461,56445402,-0.06798815,-0.011628594,0.00376715
56461979,56461918,-0.016523184,-0.039586216,0.11136285
56482998,56482937,-0.026298525,-0.095489606,-0.13806674
56504017,56503956,-0.007509793,-0.041069884,0.1299033
56522035,56521973,-0.061610565,-0.022829711,-0.16526143
56543052,56542993,-0.074091576,-0.008850457,0.155955
56564073,56564012,-0.031041285,-0.033296093,-0.15947512
56585093,56585031,-0.0055813277,-0.03046872,0.17481641
56601605,56601547,-0.047102604,-0.022720633,-0.16537589
56622625,56622566,-0.0868354,0.018789837,0.15118761
56643692,56643632,-0.018405298,-0.010404388,-0.16285662
56661662,56661603,-0.034584757,-0.0155544635,0.064610586
56682686,56682622,-0.05150765,0.020739792,-0.05048007
56703745,56703687,-0.026418377,0.011199658,0.0045043565
56724720,56724660,-0.010285752,-0.019560564,0.01508457
56742737,56742678,-0.04410067,-0.025026388,-0.15463135
56763801,56763743,0.0055387435,0.018039443,0.15940051
56784778,56784716,-0.029064965,0.026859146,-0.19935988
56801336,56801278,-0.06380813,0.04692961,0.2337979
56822313,56822251,-0.09214968,-0.0052278545,-0.25089788
56843332,56843271,-0.031180063,-0.0014426729,0.23932281
56864393,56864335,0.030335719,-0.020610135,-0.24695478
56882366,56882307,0.050495293,-0.022105651,0.17450546
56903385,56903327,0.0124582825,0.0007596264,-0.16667426
56924408,56924346,-0.04575336,-0.027640546,0.13693674
56942424,56942363,-0.028730039,0.012501695,0.007084852
56963448,56963386,-0.014705215,0.009357065,-0.041030183
56984463,56984402,-0.008544521,0.0055045895,0.07196114
57005482,57005423,-0.05160606,0.02371996,-0.087877885
57021995,57021936,0.0387891,0.062165096,0.2304691
57043016,57042956,0.016472388,0.0344447,-0.21445382
57064087,57064020,-0.05217351,0.004252556,0.23769577
57082052,57081992,-0.10280942,0.00503443,-0.23206572
57103072,57103011,-0.091567405,0.002973001,0.23979959
57124137,57124077,-0.0330496,0.0134855565,-0.21042088
57145112,57145051,-0.042080283,0.032505136,0.21114875
57161673,57161611,-0.057532456,-0.005801242,-0.09699098
57182649,57182585,-0.014347322,-0.010840617,0.10098027
57203664,57203604,0.04978566,-0.0075933556,-0.052707676
57221732,57221667,0.055536516,-0.044495966,-0.07191171
57242701,57242641,0.004384336,-0.018380197,0.11566362
57263721,57263661,-0.08139827,0.02750925,-0.10833463
57284783,57284722,-0.055813964,0.073674016,0.14223179
57302757,57302696,-0.051591083,0.060852874,-0.1852279
57323777,57323716,-0.008983462,0.07428816,0.2026403
57344798,57344735,0.009842031,0.014350631,-0.19247365
57361311,57361250,0.044200152,-0.01633962,0.19566496
57382330,57382270,0.03884902,-0.025031751,-0.15168613
57403351,57403290,0.030943232,-0.027032025,0.16566648
57424414,57424354,0.05826136,-0.0058594877,-0.1356982
57442388,57442325,0.04562126,0.032295313,0.047076955
57463405,57463345,0.04395032,-0.0008731021,-0.022910722
57484468,57484409,0.051005058,-0.008239388,0.039831556
57502440,57502381,0.08647931,0.043208,0.061719775
57523459,57523400,0.06495398,-0.0015763456,-0.052220006
57544533,57544465,0.059967488,-0.0076592667,0.08275147
57565504,57565439,0.056150883,0.02618273,-0.066851445
57582062,57582003,0.07863852,0.024108712,0.18548587
57603033,57602974,0.03247629,-0.015744949,-0.17866303
57624059,57623997,-0.0020583346,-0.05283663,0.18057579
57642114,57642055,-0.033488926,-0.05798711,-0.18612765
57663088,57663029,0.024253665,-0.019072691,0.18095276
57684114,57684048,0.04129599,-0.03279496,-0.16468772
57705158,57705100,0.03457391,0.002425793,0.13475776
57721646,57721586,0.035420902,0.00059309404,-0.046477374
57742662,57742603,-0.011927271,-0.017110748,0.026854496
57763682,57763622,-0.028963389,-0.06595664,-0.022864906
57781703,57781639,-0.030792171,-0.08134472,-0.0743539
57802723,57802663,-0.021576928,-0.044296313,0.084143505
57823739,57823678,-0.04235557,-0.016717076,-0.13539457
57844802,57844743,0.03469348,0.006382092,0.14175764
57862774,57862714,0.043523032,-0.012015741,-0.21368304
57883796,57883733,0.050576795,-0.00088451826,0.1981331
57904860,57904798,0.06242725,0.020764023,-0.21042228
57921329,57921268,0.03791858,0.013020614,0.11863986
57942391,57942333,-0.008379206,0.019642796,-0.11935184
57963371,57963307,-0.03534336,-0.0007357424,0.08260063
57984390,57984326,-0.020385606,-0.012242746,-0.088232905
58002451,58002388,0.009045824,-0.0019143528,-0.012934114
58023424,58023362,0.04990853,0.016785447,-0.0021424172
58044446,58044382,-0.011970055,0.016075123,-0.021644471
58062504,58062443,-0.013221672,-0.013363002,0.08937471
58083480,58083419,0.015154565,-0.041973136,-0.100951046
58104497,58104439,0.09538865,0.005220182,0.105846524
58125520,58125456,0.030431986,-0.026913783,-0.12097627
58142030,58141971,0.00084325974,-0.025336,0.16023183
58163054,58162991,-0.03517406,-0.004896448,-0.17511757
58184076,58184010,-0.014687572,0.024949135,0.1649804
58202087,58202027,-0.02155051,0.048262276,-0.16128775
58223111,58223046,0.011798499,0.047355928,0.16143845
58244130,58244066,-0.020869058,0.0015052569,-0.16179244
58265191,58265130,-0.06620569,-0.0016835118,0.17075905
58281662,58281600,-0.057871316,-0.03157003,-0.04033468
58302727,58302665,-0.08172817,-0.08326393,0.025597574
58323697,58323639,0.0077377055,-0.03875647,0.017000463
58341714,58341655,0.010774267,-0.009583987,-0.1323877
58362783,58362720,-0.022865174,0.000341419,0.17650153
58383756,58383694,-0.058808073,-0.012460269,-0.17181186
58404776,58404713,0.0041648727,0.0017367112,0.213673
58422838,58422778,0.01415657,-0.030523729,-0.22254889
58443810,58443749,-0.026086917,-0.038556054,0.2548716
58464834,58464769,-0.028704688,-0.052354455,-0.21667314
58481359,58481301,-0.018903172,-0.08377556,0.18061765
58502362,58502303,0.00376078,-0.07796661,-0.122540705
58523386,58523323,0.013045447,-0.017976055,0.13867606
58544406,58544342,0.049985148,0.022273434,-0.08185268
58562417,58562359,0.012791822,-0.01040259,-0.00023030606
58583438,58583379,0.056674726,-0.060251374,0.055581342
58604459,58604397,0.05669854,-0.04865961,-0.038084675
58622478,58622414,0.07448668,-0.0047735376,0.15821025
58643496,58643434,0.032446615,0.021993311,-0.11858821
58664519,58664453,0.053594157,0.027504703,0.15289678
58684032,58683971,0.029677304,0.011019545,-0.13668314
58702071,58702012,0.00063893205,0.0014743095,0.19180018
58723150,58723086,-0.02774624,-0.0034178812,-0.17333299
58744088,58744026,0.021675855,0.005352703,0.2205284
58762103,58762042,0.04248143,0.005400089,-0.15746517
58783172,58783108,0.024398942,0.041305702,0.18330152
58804144,58804081,0.014375019,-0.027354833,-0.1523482
58825161,58825101,0.05252869,-0.019804358,0.12900746
58841675,58841616,0.09027761,0.015588816,0.06042932
58862696,58862637,0.041039217,0.014870688,-0.08560942
58883719,58883656,-0.014548844,-0.010232121,0.1368803
58901735,58901672,-0.05581127,-0.010138361,-0.22665685
58922773,58922714,0.01429011,0.031229755,0.26818657
58943776,58943710,0.035459965,-0.037790507,-0.27093965
58964792,58964730,0.07833798,-0.04599532,0.2527645
58982808,58982745,0.06702554,-0.047387723,-0.20109151
59003824,59003764,0.066650815,0.023551779,0.18985158
59024847,59024784,0.069308124,0.06137713,-0.17252621
59041359,59041299,0.04988159,0.03402125,0.013903927
59062381,59062318,0.063361585,0.01809227,0.007976709
59083441,59083383,0.06329622,-0.015238934,-0.0421191
59104415,59104357,0.10803714,0.0028520075,0.07993231
59122433,59122376,0.075077154,-0.0102648325,-0.21315798
59143497,59143438,0.060854744,0.022701357,0.2243799
59164478,59164413,-0.025798272,-0.030330742,-0.2431156
59182487,59182428,0.031450577,-0.01646443,0.2833076
59202010,59201948,0.105569616,-0.009068522,-0.2716891
59224532,59224467,0.15986086,0.040025078,0.25939727
59245546,59245487,0.09173376,0.05573904,-0.25093925
59262063,59262003,-0.01402446,0.08814139,0.16686912
59283090,59283024,-0.08516581,0.06926857,-0.11864492
59304100,59304041,-0.094734475,0.018495748,0.117074594
59322116,59322056,-0.00023413287,-0.012133404,0.05567637
59343144,59343077,0.024683658,0.012590048,-0.07049024
59364175,59364111,0.020281922,0.0086693475,0.14186928
59385176,59385114,-0.010015133,-0.024115486,-0.15323552
59401697,59401630,0.025614351,-0.03397656,0.30967975
59422708,59422649,0.04130532,-0.04058493,-0.29461473
59443772,59443713,0.06172737,-0.033971522,0.3239704
59461745,59461684,0.058129303,-0.06955788,-0.24046782
59482767,59482706,0.04442693,-0.045216635,0.24122024
59503830,59503769,0.03215226,-0.042993262,-0.19007872
59524804,59524745,-0.018126806,-0.0011629113,0.18965529
59542820,59542759,0.027720978,0.020965377,-0.017661111
59563884,59563825,0.036552038,-0.014641469,0.00731276
59584874,59584815,0.05927624,-0.0055150706,0.04343741
59601418,59601358,0.060264308,-0.03591013,-0.27036685
59622394,59622332,0.030007215,-0.015310409,0.29878962
59643414,59643351,0.010535114,-0.01906277,-0.33086503
59664429,59664371,0.082982294,0.024253285,0.3310857
59682449,59682387,0.048870165,0.031650767,-0.38307232
59703468,59703406,-0.04110532,0.039352704,0.33853185
59724489,59724429,-0.03573604,0.041697305,-0.36483026
59742506,59742442,0.036559325,0.079384156,0.20637576
59763525,59763461,0.08746176,0.049104344,-0.2363637
59784538,59784480,0.04807239,0.041159377,0.13964644
59804106,59804043,-0.04397064,0.008613745,-0.080596656
59822074,59822014,-0.11300997,-0.044555657,-0.105374746
59843101,59843034,-0.048864085,-0.041643426,0.082301386
59864158,59864098,0.06931093,-0.033524763,-0.15376908
59882130,59882070,0.12946782,0.008712247,0.23803169
59903154,59903088,0.0054816343,0.055575706,-0.3388522
59924213,59924153,-0.021652116,0.086080365,0.30775526
59945191,59945128,-0.03434559,0.038303304,-0.39564937
59961779,59961719,-0.020969568,0.006534622,0.2734154
59982726,59982661,0.023895424,0.0014959456,-0.2882423
60003740,60003680,0.025588488,-0.008289181,0.17860028
60021803,60021742,-0.0032313515,-0.01059084,-0.040988334
60042778,60042719,-0.02564027,0.02503942,-0.073550984
60063795,60063735,0.03247431,0.050483227,0.09100737
60084814,60084755,0.048370928,-0.020486895,-0.17198966
60102832,60102771,0.07926695,0.020537307,0.28320485
60123850,60123791,-0.02016109,0.012228089,-0.32463977
60144870,60144809,-0.05454472,0.029162977,0.30996546
60161389,60161324,-0.048635386,0.008087301,-0.31871328
60182410,60182343,0.0022170604,0.056953564,0.27892527
60203425,60203365,-0.022456925,0.07062264,-0.27655265
60224488,60224427,0.01240736,0.09948233,0.230639
60242456,60242398,0.017999247,0.03642082,-0.11587375
60263476,60263417,0.050498396,-0.036646128,0.06354256
60284544,60284482,0.082217745,-0.035276543,-0.03455615
60302516,60302453,0.07245659,-0.042540614,-0.12568119
60323534,60323472,-0.030384418,-0.05006445,0.14136639
60343053,60342990,-0.067347616,-0.03744897,-0.2129397
60364066,60364009,0.06465697,0.015589165,0.18348515
60382130,60382071,0.0611468,-0.013359853,-0.20482388
60403137,60403079,0.02269935,-0.041552592,0.19808203
60424127,60424064,-0.028918246,-0.074912086,-0.18288486
60442184,60442125,0.0076278113,-0.03557281,0.15338548
60463159,60463100,-0.015820017,0.0052321036,-0.14507583
60484179,60484118,-0.04041974,0.031717777,0.12722754
60505198,60505137,-0.023258258,0.064224325,-0.13491142
60521718,60521652,0.010418084,0.041727033,-0.03675716
60542733,60542672,0.08934919,-0.00043378002,0.015049766
60563751,60563692,0.092766844,-0.033229843,-0.07125536
60581770,60581709,0.015791291,0.007955409,0.11642558
60602785,60602726,-0.0932609,0.042142462,-0.1700974
60623817,60623758,0.03939066,0.08990756,0.11546153
60644898,60644836,0.07461283,0.013874057,-0.14459024
60662841,60662782,0.055496354,0.022435676,0.15823895
60683859,60683802,-0.022493433,0.018931638,-0.1814578
60704922,60704864,-0.019337084,0.058718365,0.15539229
60721397,60721334,-0.04703344,0.057837475,-0.14727151
60742458,60742399,-0.061416063,0.034794226,0.109507404
60763431,60763372,-0.053492498,-0.0038586934,-0.121799305
60784453,60784391,-0.0891455,-0.005220211,0.08431317
60802514,60802456,-0.1219245,-0.03705203,-0.011371407
60823484,60823427,-0.15760912,-0.039332032,-0.030150652
60844504,60844446,-0.082739614,-0.02138204,0.02929815
60861020,60860961,-0.047260568,-0.024064157,-0.15978481
60883540,60883481,-0.023317492,-0.0362739,0.14029609
60903062,60903001,-0.08801738,-0.07506668,-0.17478865
60924077,60924018,-0.13505587,-0.060792595,0.20108315
60942096,60942037,-0.1716949,-0.02352624,-0.19917512
60963115,60963054,-0.17211187,-0.011297027,0.20072077
60984132,60984072,-0.17079642,-0.044436596,-0.19412677
61002152,61002089,-0.1424271,-0.02519994,0.13022916
61023170,61023109,-0.061755627,-0.03310657,-0.09260333
61044190,61044128,-0.04800621,-0.07369381,0.07285163
61065250,61065191,-0.010643818,-0.0420295,-0.025400683
61081731,61081664,-0.07209552,0.0047114855,-0.1165387
61102791,61102728,-0.053003307,0.035220463,0.15144399
61123759,61123700,-0.059064984,0.0037714723,-0.13510087
61141783,61141717,-0.0497146,-0.0017069685,0.20699486
61162841,61162780,-0.03083511,0.00018718233,-0.19395034
61183814,61183755,-0.030905575,0.00953574,0.21191329
61204836,61204774,-0.065965146,-0.049250413,-0.1948682
61222895,61222835,-0.06682852,-0.050442643,0.15660772
61243868,61243808,-0.07384582,-0.036228348,-0.12355329
61264887,61264827,-0.048136577,0.0069785016,0.11915059
61281404,61281342,-0.03984021,-0.016922493,0.002446656
61302420,61302361,-0.028190404,-0.052371494,0.00847878
61323438,61323381,-0.066634156,-0.0391866,-0.0007830234
61344459,61344399,-0.08286861,-0.010688742,0.0054593263
61362477,61362416,-0.05122281,0.0074806474,0.08337616
61383496,61383435,-0.016048515,-0.009049251,-0.086983666
61404514,61404454,0.018111521,-0.01889199,0.12067744
61422533,61422470,0.008167342,-0.020948779,-0.15186816
61443549,61443489,-0.00863163,-0.017907735,0.17060727
61463123,61463060,-0.006110796,0.006653856,-0.15700212
61484086,61484026,0.019080214,0.028408593,0.17018202
61502106,61502042,0.025569646,-0.018493563,-0.13007514
61523168,61523108,0.007381759,-0.022992615,0.14578587
61544143,61544083,0.028809652,-0.0059662596,-0.12305289
61562157,61562097,0.029443497,0.018477561,0.08076618
61583224,61583161,0.020549597,0.017292412,-0.03941072
61604195,61604135,-0.014553096,0.010902932,0.049274024
61625217,61625155,0.030282144,0.019111311,-0.013425433
61641734,61641672,-0.01609367,-0.0062368796,-0.07896368
61662751,61662688,-0.055126544,-0.034074582,0.09548413
61683792,61683733,-0.075737715,-0.038361732,-0.094043255
61701784,61701723,-0.039517153,-0.010965078,0.14170112
61722802,61722742,-0.019554198,-0.0060005058,-0.123195864
61743823,61743761,0.010253661,0.045264497,0.13113816
61764841,61764780,0.029672539,0.033137515,-0.13290076
61782861,61782797,-0.00745919,-0.004898412,0.13423602
61803876,61803816,0.026894731,0.015338843,-0.14104442
61824894,61824835,0.055651844,0.022847012,0.11885154
61841408,61841349,0.043610986,0.008044014,-0.074733004
61862427,61862368,-0.0135854855,0.015160582,0.059392605
61883495,61883434,-0.029652027,-0.026951125,-0.0541469
61904463,61904406,-0.07367847,-0.044142317,0.053408295
61922481,61922423,-0.05216383,0.022555823,0.02377703
61943546,61943488,-0.024963655,0.051857207,-0.04148271
61964519,61964461,0.045072604,0.022935824,0.04183534
61982547,61982488,0.02564687,0.00051025965,-0.120047875
62002055,62001995,0.00875695,-0.018920079,0.1400091
62024584,62024520,0.008034281,-0.06205597,-0.12419787
62044093,62044033,-0.017901948,-0.013807189,0.16031532
62062106,62062049,-0.05828212,0.025714166,-0.1734237
62083127,62083068,-0.04799999,0.025971046,0.15420888
62104145,62104087,0.009988459,-0.007515045,-0.14202495
62122163,62122103,0.024117667,-0.0075850626,0.08464655
62143182,62143124,0.00018836843,-0.0006382053,-0.05647971
62164201,62164141,-0.03472642,-0.03735222,0.034042373
62185219,62185160,0.01021844,-0.014208637,-0.008757178
62201738,62201679,-0.009986344,-0.0023082441,-0.13930903
62222757,62222694,0.000112841866,-0.004118668,0.19155237
62243820,62243759,-0.059235334,-0.033528283,-0.19524239
62261791,62261729,-0.073050834,-0.019486481,0.24545392
62282805,62282748,-0.11863746,-0.016018244,-0.22140808
62303875,62303813,-0.07701529,-0.004196979,0.225901
62324846,62324786,-0.038083076,-0.02024469,-0.18859524
62342861,62342802,0.015025141,0.008547346,0.09746341
62363929,62363867,0.0139688635,-0.0031648665,-0.06349757
62384903,62384841,-0.056274876,-0.028669134,0.06506385
62401462,62401401,-0.068000644,0.010544863,0.05228826
62422439,62422375,-0.0154637955,0.01286436,-0.04862587
62443453,62443393,0.008700063,0.0005873749,0.0445279
62464476,62464412,-0.09658697,-0.02681419,-0.066980764
62482491,62482428,-0.08742966,0.010077669,0.13562363
62503506,62503447,-0.041883696,0.032496702,-0.14406733
62524526,62524468,-0.022500869,0.0147073325,0.13052082
62542544,62542482,-0.02561402,0.00517367,-0.16241625
62562060,62562000,-0.001515436,0.01428256,0.13745368
62583080,62583020,-0.019125747,-0.013400717,-0.13856475
62604144,62604084,-0.01455294,-0.02608165,0.1315832
62622118,62622055,0.009684177,-0.022977434,-0.10034579
62643134,62643073,-0.0037324175,-0.019214675,0.10262605
62664199,62664138,-0.03013879,0.0100711975,-0.1022233
62682169,62682109,-0.06832556,-0.019422809,0.0025945487
62703194,62703134,-0.055106763,0.003957083,0.007785971
62724250,62724192,-0.023846583,-0.0148869045,-0.038352024
62745228,62745165,0.02352027,-0.010768319,0.055116538
62761786,62761726,0.0095226895,-0.014122048,-0.1595812
62782756,62782699,-0.0013624423,0.02532649,0.15184174
62803776,62803718,-0.010313817,0.008917325,-0.15763368
62821840,62821783,0.02284902,0.010486303,0.15256332
62842813,62842753,0.061546892,0.019644823,-0.1564807
62863835,62863772,0.041852463,0.031450395,0.1452091
62884855,62884795,0.028013272,0.027694842,-0.14762877
62902867,62902807,0.0019287185,0.022095097,0.08628968
62923884,62923826,-0.012474574,0.0045318417,-0.082978934
62944906,62944846,-0.09637817,0.02434483,0.06337593
62961423,62961360,-0.08858724,0.030700946,0.027433245
62982439,62982379,-0.077191584,0.018612217,-0.018912861
63003456,63003398,-0.033068348,0.051740207,0.019230863
63024522,63024463,0.017233929,0.013465667,-0.027917279
63042492,63042433,-0.00267869,0.0019516222,0.114540145
63063519,63063461,-0.023713034,-0.014259252,-0.095675685
63084596,63084534,0.056956228,0.037350964,0.12560505
63102547,63102487,0.0840804,0.035294503,-0.15091532
63123571,63123506,0.057777632,0.0018834007,0.14892584
63143082,63143024,0.013805933,-0.001270741,-0.13875939
63164101,63164043,-0.045823008,0.019077508,0.15438347
63182165,63182104,-0.081349745,0.03978593,-0.10856916
63203143,63203077,-0.05952156,0.0134183625,0.11977957
63224154,63224096,-0.005878616,-0.023389842,-0.08477298
63242216,63242158,-0.005208631,-0.025041634,0.022702439
63263190,63263132,0.04703193,-0.015788242,0.0027721897
63284209,63284151,0.05918724,-0.028706646,-0.020821517
63305232,63305171,0.13022073,-0.016119506,0.022114918
63321742,63321684,0.14410314,-0.019101063,-0.100756526
63342765,63342703,0.04172513,0.001623673,0.10600446
63363781,63363722,0.01204807,0.014888054,-0.11558525
63381797,63381738,0.043714173,-0.008679666,0.1502014
63402817,63402757,0.079423554,-0.10409501,-0.15770984
63423839,63423776,0.068504654,-0.09096944,0.15994933
63444900,63444840,-0.04638936,-0.05575818,-0.16866477
63462872,63462812,-0.06662565,-0.026310557,0.15110692
63483891,63483830,-0.026688214,-0.010838884,-0.13618849
63504956,63504895,-0.0027634115,0.0033600868,0.13230488
63521422,63521364,0.008090189,-0.015123121,0.002397013
63542488,63542428,0.01545005,-0.032004822,-0.00037309784
63563464,63563402,0.051480792,-0.020647656,0.027786713
63584482,63584421,0.058371373,-0.011427179,-0.028893797
63602544,63602482,0.07060023,0.014953261,0.12580267
63623515,63623456,0.013418977,-0.018207863,-0.11367842
63644536,63644475,-0.05170466,0.010916356,0.14357173
63661060,63661000,-0.08319548,0.0018774197,-0.15914223
63682069,63682009,-0.0649278,0.007902087,0.18160942
63703087,63703027,-0.016141832,-0.0007215018,-0.14817035
63724105,63724046,0.00974419,0.0067557404,0.15024531
63742123,63742062,0.025502875,0.0057738423,-0.08175322
63763148,63763082,0.036785375,-0.0014073735,0.09755674
63784163,63784100,0.03375134,0.037074998,-0.071902625
63802177,63802117,-0.007740547,0.00588225,0.029098116
63823199,63823141,-0.032582782,-0.02590198,-0.021746174
63844213,63844154,-0.014444556,0.009425256,0.027147615
63865282,63865219,0.01116626,0.0311229,-0.007633675
63881750,63881688,-0.051060773,0.037105303,-0.117025256
63902812,63902754,-0.10728283,0.054695453,0.14626047
63923786,63923726,-0.08920103,0.07180638,-0.1681364
63941801,63941742,0.014176121,0.07473412,0.18231615
63962866,63962806,-0.0019831941,0.0032588816,-0.1954133
63983837,63983779,-0.025859442,-0.010702338,0.20765968
64004858,64004798,0.009232229,-0.025801906,-0.20491914
64022921,64022860,0.024992893,-0.009409279,0.16122991
64043894,64043833,0.0012013006,0.017296858,-0.15027097
64064911,64064853,-0.003605757,0.032065548,0.13362706
64081424,64081367,0.028348312,0.050519526,0.00944829
64102446,64102388,-0.0029372177,-0.0072770994,-0.040719993
64123462,64123405,-0.04217076,0.0021775812,0.0680758
64144521,64144462,-0.092416815,0.014826116,-0.08860833
64162498,64162440,-0.074585326,-0.0036735102,0.16181241
64183516,64183459,-0.03762915,0.026436683,-0.16743082
64204540,64204477,0.085038684,0.058859475,0.16764995
64222556,64222494,0.044036385,0.018934237,-0.15210408
64242072,64242012,0.039439186,0.004152038,0.13267133
64263145,64263076,0.028779939,0.0024056812,-0.12315008
64284113,64284050,0.018034529,0.0048585916,0.14395303
64302127,64302065,-0.0060527083,-0.011531956,-0.120830745
64323192,64323133,0.023458771,-0.004558147,0.12155375
64344162,64344104,0.029782163,-0.018501855,-0.10215879
64362178,64362119,-0.04969519,-0.030584902,0.026614916
64383244,64383183,-0.04895237,0.004704984,-0.002027686
64404218,64404157,0.01872974,0.0015062797,-0.0044492087
64425236,64425175,0.0377292,-0.02334038,0.029618511
64441751,64441691,-0.025543677,-0.013216775,-0.12379952
64462773,64462709,-0.066550575,-0.03876852,0.16892853
64483790,64483729,-0.05114346,0.0015861706,-0.16314036
64501803,64501744,0.031750757,0.04954946,0.18149236
64522820,64522763,0.08322225,0.026903607,-0.16450672
64543839,64543782,0.044510983,0.023679381,0.16285005
64564860,64564800,0.07344842,-0.011694941,-0.12956403
64582874,64582817,0.032876614,-0.062108867,0.08421646
64603893,64603835,-0.001876221,-0.03889154,-0.05979154
64624913,64624854,-0.041996885,0.007937098,0.07574479
64641432,64641369,0.012616412,-0.0027860645,0.065233916
64662448,64662388,0.019373693,-0.0040350975,-0.05468058
64683513,64683454,0.009946151,-0.024429291,0.09526314
64704487,64704426,-0.03852756,-0.046564825,-0.07502421
64722500,64722442,-0.034774702,0.024140313,0.15463482
64743564,64743506,-0.017635867,0.036095504,-0.13988994
64764541,64764479,-0.00037532306,0.015502542,0.16943239
64781102,64781040,-0.044261623,0.016791536,-0.12822752
64802074,64802013,-0.07557998,0.030937538,0.1531267
64823092,64823032,-0.047424834,0.037362654,-0.12800851
64844112,64844051,-0.007198393,0.0069280947,0.17054892
64862125,64862067,0.009293686,0.0019553558,-0.051901594
64883151,64883086,-0.040644392,-0.012321797,0.08030044
64904164,64904104,-0.044133916,0.01002167,-0.0016672688
64922181,64922123,-0.05067615,0.03637784,-0.060614776
64943202,64943143,0.012061384,0.025835466,0.13152663
64964217,64964158,0.026884763,0.0010455322,-0.1059894
64985236,64985177,0.02774899,0.029489884,0.1687115
65001752,65001692,-0.0001437767,-0.011519277,-0.17255466
65022768,65022711,-0.058428492,-0.0146156205,0.2007258
65043838,65043775,-0.029404849,-0.019117698,-0.16416328
65061809,65061745,0.014493309,0.04064461,0.15384947
65082826,65082765,0.009531943,0.084401324,-0.097489156
65103890,65103829,-0.05221562,0.06569493,0.10354894
65124863,65124802,-0.009702286,0.016676266,-0.062613025
65142876,65142818,-0.020307641,-0.022267282,-0.014868202
65163944,65163884,-0.008556666,-0.03958381,0.04097396
65184918,65184856,0.002948937,-0.03222425,-0.026792476
65201476,65201416,0.08354267,0.01393025,0.11612047
65222449,65222390,0.12512405,-0.012425482,-0.09806846
65243466,65243408,0.09571193,-0.017916145,0.12058262
65264487,65264427,0.06342955,0.016354052,-0.11944834
65282514,65282453,0.0606367,0.02790918,0.15808493
65303523,65303462,0.0630286,-0.058274396,-0.13858394
65324541,65324480,0.031486604,-0.03507308,0.13872325
65341053,65340995,0.03098928,-0.013052502,-0.11713283
65362071,65362014,0.026533326,-0.032800492,0.1260715
65383090,65383033,0.011857433,-0.019788459,-0.122498855
65404154,65404097,-0.0014229015,-0.009474994,0.13599144
65422127,65422069,-0.0069649206,-0.015927216,-0.06711076
65443148,65443087,0.0044542276,0.00556387,0.06300042
65464213,65464151,0.06972451,-0.024225928,-0.017688842
65482179,65482121,0.10603379,-0.010516146,-0.07448236
65503202,65503145,0.12838799,0.004650729,0.10615184
65524264,65524204,0.068417326,-0.08249872,-0.11047887
65545239,65545178,0.02324712,-0.06418457,0.13030638
65561799,65561738,-0.061275937,-0.058096584,-0.15080291
65582771,65582712,-0.09988254,-0.021308104,0.16267048
65603788,65603730,-0.05426552,-0.013907076,-0.16343279
65621850,65621792,0.026892023,-0.003334683,0.12899588
65642824,65642765,0.0177968,-0.03989533,-0.10352987
65663845,65663784,-0.039954487,-0.03899187,0.081814446
65684864,65684803,0.047915798,0.020781873,-0.07707897
65702877,65702819,0.052298274,0.03004408,-0.024135675
65723897,65723837,0.023961244,-0.0096419,0.03131822
65744919,65744859,-0.012163559,-0.027501801,-0.047568526
65761430,65761371,0.016070105,-0.024783472,0.108539365
65782449,65782392,-0.033605486,0.008055404,-0.11795459
65803470,65803408,-0.019640947,0.02619377,0.10936409
65824533,65824473,-0.010248255,0.06865413,-0.13179734
65842505,65842443,0.014852323,0.069020286,0.13644142
65863520,65863462,-0.07239562,0.0087027615,-0.15016778
65884585,65884527,-0.06966935,0.020450313,0.14354047
65901099,65901040,-0.022614393,0.016983237,-0.09748777
65922120,65922060,-0.03715887,0.0069458764,0.09944472
65943095,65943033,-0.044618465,0.041243665,-0.09300199
65964112,65964052,0.015099848,0.012508704,0.09219364
65982174,65982114,0.07279357,-0.01891659,-0.05914397
66003152,66003089,0.046351522,-0.020542983,0.059811175
66024165,66024106,-0.02590261,-0.053488784,-0.05007347
66042226,66042168,-0.0781298,-0.03867155,-0.05110993
66063202,66063142,-0.017369134,0.057460595,0.08930741
66084223,66084161,-0.011430428,0.024783287,-0.10785198
66105239,66105178,-0.0058255307,-0.026331557,0.15981345
66121758,66121701,-0.023774102,-0.01591365,-0.2181228
66142774,66142711,0.03904073,0.051923018,0.21319886
66163796,66163730,0.048715204,0.00081646803,-0.20816953
66181810,66181747,0.03053763,-0.02976046,0.12371808
66202826,66202765,0.063227706,-0.03128684,-0.10280369
66223846,66223784,0.03302126,-0.046829898,0.06716116
66244908,66244848,0.01329565,-0.027698003,-0.07043143
66262882,66262819,0.0015353283,0.00042987906,-0.02121012
66283898,66283837,0.02031062,0.029625462,0.039705023
66304961,66304902,-0.017567335,0.022093413,-0.043404076
66321430,66321371,0.00034129107,0.051975153,0.16385768
66342493,66342435,0.0077187708,0.04487297,-0.16116716
66363498,66363437,-0.003849318,0.058867734,0.16204119
66384486,66384427,0.01207812,0.0065081124,-0.17041175
66402550,66402488,0.08857844,0.007909644,0.15504858
66423523,66423462,0.039433192,0.0068364623,-0.13291644
66444542,66444482,-0.056235306,0.010497106,0.10498307
66461054,66460995,-0.04733018,0.012971872,-0.022732493
66482076,66482015,-0.05193699,-0.01591751,0.010780172
66503100,66503032,-0.03157257,-0.071071625,-0.012786741
66524110,66524052,-0.022140376,-0.04033703,0.0016023857
66542126,66542067,0.022969672,-0.010607159,0.040645644
66563151,66563086,0.029567502,0.008889034,-0.07392919
66584166,66584105,0.025350008,0.032582227,0.089996524
66602180,66602121,-0.0018628414,-0.006677191,-0.14932239
66623200,66623141,0.0024601328,-0.013884063,0.14332184
66644217,66644158,-0.0011424506,-0.031380266,-0.15768206
66665282,66665222,-0.016466841,-0.018918434,0.1485648
66681752,66681693,-0.049329646,-0.0499542,-0.1451029
66702815,66702756,-0.0017159509,-0.018865166,0.12963206
66723793,66723730,0.05641582,0.014455722,-0.14068264
66741804,66741745,0.09042719,0.027833374,0.080086514
66762867,66762809,0.0929153,0.011404919,-0.06486706
66783842,66783783,0.056080837,0.021816252,0.05651513
66804859,66804801,0.041647032,-0.005894078,-0.03894026
66822921,66822863,0.037458908,-0.025852252,-0.048744228
66843897,66843836,0.03784495,-0.007622185,0.06492826
66864914,66864855,-0.019981591,-0.0005734564,-0.073790744
66881428,66881369,0.015835483,0.036322482,0.17729366
66902448,66902388,0.01598748,0.054788113,-0.17877388
66923468,66923407,0.017509447,0.06420709,0.19467708
66944487,66944428,0.0007971599,0.014185198,-0.19047809
66962499,66962441,0.017430574,-0.00052349066,0.17574786
66983522,66983460,0.0746734,0.004552935,-0.16702214
67004539,67004480,0.09558856,0.029185755,0.15641879
67022555,67022495,0.10205313,-0.00013712922,-0.040443406
67042071,67042012,0.062010843,0.015039426,-0.006844567
67063135,67063076,0.008386565,-0.006927106,0.033163596
67084110,67084049,-0.04003468,-0.0276636,-0.03710429
67102127,67102068,-0.035945952,-0.01188893,0.12828831
67123189,67123131,-0.031881858,-0.043014143,-0.13036351
67144164,67144103,-0.004579396,-0.048359144,0.16058865
67162177,67162119,-0.0052254945,-0.028562268,-0.18466318
67183247,67183183,0.026644887,0.019179486,0.19179097
67204218,67204156,0.063316084,-0.0036027613,-0.1719419
67225237,67225175,0.005409251,-0.04857716,0.17431727
67241752,67241692,-0.01410003,-0.031912014,-0.07431483
67262768,67262708,-0.019708809,-0.017580355,0.084435716
67283787,67283727,-0.02150983,-0.039361034,-0.042063966
67301804,67301744,-0.05272446,-0.03776288,-0.036422737
67322824,67322762,-0.00077388564,-0.012956216,0.07009667
67343842,67343781,-0.007815918,-0.0078308,-0.074665844
67364861,67364801,0.059358723,0.014622538,0.1153595
67382878,67382817,0.037072115,0.01720204,-0.15125297
67403894,67403834,0.042695638,0.022081373,0.15124662
67424914,67424853,0.0030386555,0.0015988137,-0.12830965
67441426,67441367,-0.013929562,0.0165375,0.17392014
67462447,67462386,-0.028559657,-0.035687096,-0.13940623
67483511,67483450,-0.0559656,-0.053128928,0.17454962
67504485,67504423,-0.072003625,-0.022718558,-0.14116256
67522499,67522439,-0.11221367,-0.010824111,0.11048016
67543565,67543506,-0.047431964,-0.0066283466,-0.097271115
67564539,67564477,0.0075007994,-0.005448919,0.10490978
67581100,67581037,0.029199667,0.0023273155,0.0038170712
67602075,67602014,-0.022991752,0.021661347,0.003336545
67623087,67623029,-0.04155995,0.0083225295,0.013023712
67644108,67644047,-0.061978817,0.0070427037,-0.030541014
67662123,67662063,-0.027204597,0.005324494,0.1239527
67683146,67683082,-0.055135418,0.0021967124,-0.15284616
67704161,67704101,-0.03866005,0.059252482,0.16260953
67722176,67722117,-0.07089651,0.03181653,-0.19517899
67743199,67743139,-0.036756724,0.021267232,0.19855396
67764216,67764155,0.010483586,-0.033934098,-0.19723988
67785259,67785200,0.036379002,-0.06097441,0.19728376
67801749,67801687,0.024079548,-0.06657208,-0.08489235
67822768,67822706,-0.008618869,-0.062785916,0.05387372
67843829,67843770,0.030178215,0.0004804075,-0.025798783
67861801,67861741,0.017596485,-0.0063942145,-0.12869565
67882821,67882759,-0.009220708,0.004080288,0.14647141
67903886,67903823,-0.033007506,0.03624583,-0.17514595
67924857,67924797,0.0075174384,0.043156955,0.17816667
67942875,67942812,6.455858e-05,0.012963851,-0.24228692
67963938,67963879,0.024284022,-0.00794307,0.22804892
67984908,67984851,0.028841423,-0.03125525,-0.237509
68001468,68001410,-0.0014425333,-0.021508923,0.16590793
68022441,68022383,-0.020753836,-0.0033705859,-0.15711287
68043459,68043401,-0.028268712,-0.009063674,0.113953725
68064482,68064420,0.017715378,-0.0006791769,-0.09868884
68082496,68082437,-0.018586347,0.019334387,-0.056167472
68103515,68103455,0.0075915707,0.039104436,0.05054866
68124532,68124474,-0.043824244,0.040719002,-0.082911134
68142549,68142489,-0.0089366445,0.04552073,0.14577894
68162068,68162009,0.031221135,0.05413765,-0.18840036
68183088,68183025,0.095704,0.040010925,0.16039371
68204149,68204090,0.06920172,0.0143972235,-0.16831551
68222119,68222060,0.034567308,-0.00091658253,0.14056964
68243143,68243079,0.026186053,0.004531366,-0.16357532
68264203,68264143,-0.0035537658,-0.008273972,0.14769883
68282173,68282113,-0.013947829,-0.009173142,-0.11093175
68303200,68303138,0.011992425,0.029237542,0.062469523
68324257,68324196,0.024013584,-0.026587186,-0.071311034
68345228,68345170,0.023250265,-0.033399083,0.009975885
68361788,68361729,0.06993322,0.006207073,0.09898242
68382761,68382702,0.026956381,-0.012511688,-0.1402468
68403779,68403721,-0.0016589918,-0.031369917,0.119962394
68421843,68421782,-0.019023715,-0.015961975,-0.17202629
68442815,68442755,-0.029351106,0.03634661,0.14852962
68463833,68463774,-0.09090341,-0.008695256,-0.15102555
68484854,68484793,-0.056815483,-0.009266184,0.13880241
68502873,68502809,0.006829638,0.002837122,-0.13915719
68523892,68523830,0.06818507,0.017757054,0.12767816
68544904,68544846,0.04105658,-0.01999245,-0.14276081
68561418,68561360,-0.009060905,0.0031221192,0.06044692
68582441,68582379,-0.035012953,-0.03192463,-0.05221128
68603459,68603398,-0.06835425,-0.0514074,0.042655673
68624521,68624462,-0.069325015,-0.012987261,0.5573828
68642494,68642434,-0.06356859,0.031745538,0.7463836
68663510,68663451,-0.18363029,0.036690805,0.41154394
68684574,68684516,-0.20189402,0.08017798,0.8060046
68702547,68702489,-0.14030579,0.06297171,0.3895508
68722108,68722049,-0.0678975,0.010731081,0.25221172
68743080,68743021,-0.04879264,-0.064032294,-0.29328126
68764103,68764040,0.14159735,-0.085049815,0.09112794
68782164,68782101,0.12092885,-0.08129501,-0.5008246
68803140,68803074,0.1050191,0.008911965,0.27689293
68824152,68824093,0.017398648,-0.027489454,-0.54223454
68842214,68842155,0.00041974403,0.002485442,0.29588112
68863187,68863128,-0.0305584,-0.0010978157,-0.51406133
68884204,68884146,-0.016879221,0.016297393,0.2710063
68905225,68905167,0.006636322,-0.029435664,-0.44428256
68921745,68921684,0.015220755,-0.04147636,-0.034910206
68942760,68942699,0.08463184,-0.0010009767,-0.110025786
68963779,68963717,0.048897307,0.019091912,-0.12206235
68981793,68981733,0.055308674,0.06485721,0.16070385
69002810,69002751,0.00079181825,0.007962891,-0.3743887
69023831,69023770,0.03159666,-0.014801635,0.25567818
69044897,69044836,0.038045015,-0.05442387,-0.42574984
69062866,69062804,0.07403515,-0.006804247,0.36009136
69083885,69083823,0.042788137,-0.041542776,-0.49579442
69104949,69104887,0.13505372,0.017744279,0.3619268
69121413,69121356,0.13416201,0.003949434,-0.30421978
69142483,69142423,0.05901994,-0.005916143,0.1442903
69163452,69163393,0.07449371,-0.004036414,-0.202257
69184477,69184412,0.029760255,-0.036713034,0.060638383
69202531,69202473,0.012050197,0.0036510942,0.034194052
69223507,69223447,-0.0071023046,-0.00076468976,-0.14650749
69244526,69244465,0.024657944,0.029771892,0.09246926
69261045,69260980,0.012090974,0.0017151425,-0.33905467
69282061,69282001,0.07600135,0.00996039,0.26529956
69303078,69303018,0.07444268,0.0070654093,-0.34245232
69324095,69324035,0.0552192,0.02832246,0.27770424
69342111,69342051,-0.0016036241,-0.005504233,-0.30807444
69363133,69363069,0.021614391,0.008125711,0.24105537
69384153,69384094,0.06150969,0.003606963,-0.24952222
69402164,69402104,0.058545273,-0.0023636725,0.09156878
69423183,69423122,0.062963255,0.026077742,-0.080114715
69444200,69444141,0.03908553,0.027301954,0.011632454
69465265,69465205,0.0387162,0.063567266,0.03431215
69481740,69481674,-0.0072187036,0.0068027666,-0.23581414
69502800,69502738,0.007463742,0.022568174,0.24659573
69523773,69523711,-0.04259383,-0.0086538335,-0.24679843
69541788,69541727,-0.054811113,-0.025934806,0.25817508
69562850,69562791,-0.0799907,-0.06810546,-0.22975393
69583827,69583764,-0.013482871,0.033081774,0.20779067
69604843,69604783,0.03248497,0.055088043,-0.18111192
69622905,69622847,0.008454512,0.03168523,0.09009944
69643877,69643817,0.004986561,-0.024462797,-0.04995443
69664897,69664837,0.0025867482,-0.041797984,0.044059593
69681411,69681350,0.023926828,-0.043623682,0.12792969
69702428,69702369,-0.028027693,-0.045340206,-0.124677174
69723447,69723387,0.00980141,0.0074901837,0.1675373
69744470,69744407,0.03234137,0.013474485,-0.17466377
69762484,69762424,0.07533542,0.017880535,0.23428407
69783499,69783441,0.021764465,-0.014766392,-0.20075442
69804520,69804459,-0.024027802,0.0018564946,0.22087078
69822538,69822476,-0.047787916,0.02318358,-0.1526215
69842053,69841994,-0.07582232,0.014198028,0.10333083
69863119,69863056,-0.068744935,-0.039500408,-0.07037493
69884089,69884029,-0.0531253,-0.062121894,0.0656684
69902104,69902045,0.030953804,-0.019764997,0.039162107
69923170,69923109,0.07535475,-0.006203865,-0.02774618
69944142,69944082,0.008985928,0.031112382,0.07774044
69962156,69962098,-0.07793908,0.026311684,-0.122810856
69983225,69983162,-0.057471696,0.019017212,0.18162178
70004193,70004135,-0.07679053,0.0059068897,-0.15933308
70025211,70025153,-0.041433,0.029409036,0.21375908
70041732,70041668,-0.037851848,0.024786163,-0.16219872
70062745,70062686,-0.03224237,0.01809283,0.18877797
70083766,70083705,0.008817759,0.046621326,-0.12455797
70101781,70101723,-0.05850901,0.0263724,0.06420735
70122815,70122757,-0.055850904,0.008231019,0.008457039
70143817,70143758,-0.11292408,-0.05740845,0.0007651672
70164837,70164776,-0.119513065,-0.07754194,0.07989841
70182852,70182792,-0.13590463,-0.1280547,-0.12032254
70203869,70203811,-0.068443835,-0.04614202,0.18350317
70224894,70224832,-0.05142065,0.0028102663,-0.15705128
70241405,70241346,0.03762497,-0.034139592,0.19921187
70262421,70262362,0.11891314,-0.18719149,-0.16011602
70283490,70283426,0.092823625,-0.11678273,0.19624275
70304458,70304399,-0.04070562,-0.016365957,-0.14446625
70322475,70322415,-0.041561447,0.015074488,0.1189865
70343538,70343479,-0.018529143,-0.016360357,-0.055509422
70364515,70364452,-0.09718652,-0.057090107,0.0479527
70382531,70382468,-0.88700384,0.13912229,-0.0061907265
70402045,70401985,-1.5059536,0.5503687,0.042181857
70424573,70424505,0.26506197,0.15871821,-0.100517854
70444080,70444022,1.1161392,-0.15654981,0.011134925
70462100,70462038,1.0918301,-0.3369757,0.04702788
70483118,70483056,0.55276644,-0.35629642,-0.08863825
70504135,70504075,0.14805894,-0.21225348,0.06459018
70522151,70522091,0.031149188,-0.061058987,-0.21051766
70543178,70543117,0.033258084,0.039105013,0.16681327
70564186,70564128,0.08199304,0.070016876,-0.26173675
70585205,70585146,0.10862072,0.09164411,0.20283401
70601727,70601665,-2.242773,0.4386641,-0.11113746
70622742,70622679,-1.7471393,-0.07814064,0.17559382
70643806,70643745,-0.054651793,-0.15446243,-0.23921259
70661775,70661715,1.0149236,-0.07815605,0.062156633
70682798,70682733,1.3062779,-0.10684969,-0.14110121
70703859,70703799,-0.30748415,-0.04372765,0.057057828
70724830,70724771,-1.470745,-0.009306208,-0.15310171
70742850,70742788,-0.336671,0.02991882,-0.00092057046
70763908,70763849,0.6932365,0.037257675,-0.19138339
70784882,70784822,0.024527354,-0.44563478,-0.0811634
70801443,70801382,0.48314527,-0.19440135,0.06986142
70822416,70822355,0.30679134,0.34830174,-0.09154894
70843438,70843374,0.12776309,0.6256226,-0.083367944
70864451,70864393,0.13316041,-0.39838332,0.05966893
70882470,70882409,-0.1037271,-0.37808648,-0.066648714
70903485,70903427,-0.25263557,0.19613919,0.1140071
70924503,70924445,-0.12532018,0.099275276,-0.12381927
70942527,70942461,0.081401154,-0.21452105,0.13429277
70963540,70963480,0.15303211,0.12817751,0.015176518
70983063,70983002,0.10972674,0.09339801,-0.1461389
71004121,71004061,-0.04823832,-0.11867172,0.21410345
71022092,71022031,-0.23256685,0.005100416,-0.15152316
71043117,71043050,-0.14010674,0.012438579,-0.09687207
71064179,71064115,0.029795766,-0.06344077,0.25089878
71082145,71082087,0.031069135,0.048107192,-0.21661426
71103165,71103104,0.067194894,0.009847491,-0.06970136
71124229,71124167,0.018987792,0.0007599307,0.32435873
71145199,71145140,-0.08849271,-0.013184303,-0.27982715
71161765,71161702,-0.017220838,0.0035543058,0.26005036
71182736,71182673,-0.0012305869,-0.008666179,0.07234666
71203753,71203691,0.024218313,0.011822095,-0.3311551
71221816,71221753,0.07224783,0.019022096,0.3565573
71242790,71242726,-0.029955406,-0.020109536,-0.19090632
71263807,71263744,-0.036892176,0.0025090626,-0.14482968
71284827,71284763,0.006915494,0.0041159093,0.34697613
71302841,71302779,-0.041186962,-0.013196493,-0.33351365
71323861,71323798,0.039529473,0.014435171,0.05569718
71344874,71344816,0.05790892,0.013274851,0.28160095
71361396,71361334,-0.006889293,-0.0015197839,-0.30267435
71382410,71382349,0.004262808,0.021094413,0.3483203
71403429,71403368,-0.05296628,-0.022022948,-0.069095604
71424493,71424431,-0.0199739,-0.0027493834,-0.27145228
71442465,71442402,0.06237998,0.0098297745,0.34652537
71463487,71463421,-0.0017317109,-0.010068036,-0.23952116
71484550,71484485,-0.003411145,0.00254754,-0.1146383
71502522,71502455,-0.00048852095,0.0012220584,0.24166295
71523536,71523473,-0.03846289,-0.015721122,-0.34880635
71543054,71542991,0.022533521,0.019097663,0.20462829
71564071,71564009,-0.0009245173,-0.0068819085,0.15984295
71582133,71582071,-0.024538424,-0.0048658904,-0.28095463
71603109,71603044,0.017648531,0.022293892,0.31507558
71624125,71624066,0.0024544657,-0.01929012,0.015831105
71642185,71642124,0.018373568,0.015602664,-0.16257733
71663161,71663101,0.014126695,0.0018305327,0.17860867
71684179,71684119,-0.023727369,-0.0177631,-0.086864635
71705199,71705134,-0.017792292,0.006332525,0.009375418
71721712,71721649,0.0046391194,-0.00045692094,0.007344258
71742727,71742668,0.020205455,-0.005756087,-0.0230893
71763783,71763725,0.021080283,0.01372891,-0.002187404
71781762,71781702,0.012696315,-0.0035275966,0.008275798
71802780,71802722,0.0032358337,-0.0027376385,0.0023611546
71823798,71823739,-0.011603728,-0.0011811934,-0.007350661
71844863,71844803,-0.0012994764,0.0045987046,-0.003379758
71862841,71862776,0.016106172,0.0024880525,0.0023682495
71883853,71883792,0.007874174,0.00097405224,-0.004813602
71904919,71904856,-7.5716234e-05,0.004490141,-0.006603853
71921386,71921325,-0.002619827,-0.0015855723,0.00086592603
71942452,71942390,-0.008433432,0.003836848,-0.006105561
71963423,71963365,0.0037527513,0.0031212068,-0.0008351072
71984439,71984381,0.006067993,-0.007182357,0.004587388
72002503,72002442,0.0015396008,0.010065692,-0.0038780447
72023474,72023415,-0.0020109692,0.0033407458,0.0005298597
72044495,72044434,0.0022969092,-0.003428971,0.004837905
72062558,72062495,0.0066392412,0.007208486,-0.006118804
72083554,72083494,0.00080642564,-0.005308409,4.0072482e-05
72104550,72104487,-0.005413967,0.00023280829,0.0013587913
72125572,72125506,-0.0028127523,-0.0011171333,0.0043043937
72142083,72142020,-0.009471686,-0.0013224586,-0.0029649138
72163102,72163040,-0.002421336,-0.003346782,0.002990819
72184119,72184058,0.007867976,0.0003259522,0.0047114217
72202135,72202076,0.0064244512,0.0038387496,-0.0024376353
72223159,72223097,-0.0039437218,-0.0063113743,0.0023867171
72244172,72244111,-0.005231304,0.0037205317,0.0034968671
72265235,72265175,-0.006964623,-0.0051164087,-0.0008660527
72281713,72281650,0.001434631,0.0021403427,0.0067602717
72302770,72302709,0.011159398,-0.0033974918,0.0012864661
72323741,72323682,0.0057775956,0.000689487,-0.007874574
72341757,72341697,0.002386692,-0.0013056939,0.0035318648
72362820,72362761,0.00053553365,0.00016696122,0.0030697947
72383793,72383734,0.0033088066,0.0027129003,-0.005052035
72404820,72404753,-0.006742481,-0.00015932636,-0.0052112974
72422877,72422815,0.0012220545,0.0040695816,0.0025285906
72443850,72443788,0.0071409773,-0.001862335,-0.0052074054
72464872,72464809,0.0014266238,0.00678782,-0.0020857204
72481424,72481362,-0.00013360451,-0.00013237726,-0.0054832674
72502401,72502342,-0.0004323169,0.006577379,-0.006635179
72523419,72523358,-0.004715978,-0.0032819917,0.003431172
72544436,72544377,0.003542495,-0.0008367888,0.0050175516
72562450,72562392,0.008493612,0.001003277,-0.0059953937
72583469,72583411,0.0037377337,-0.003280707,0.0013699639
72604491,72604430,-0.0022047022,0.0024289065,0.0055412543
72622506,72622446,0.0054654106,-0.0030984597,-0.003684039
72643533,72643464,-0.0045403857,9.1640744e-05,-0.0012874063
72664546,72664483,-0.009438833,0.0027536803,0.0045218267
72685614,72685553,-0.001094124,0.004906399,0.000728508
72702075,72702017,0.00293004,0.0049158502,-0.000979566
72723147,72723082,0.0064180093,0.0026038531,0.0044901124
72744117,72744054,-0.0026120504,-0.000540309,0.0018161018
72762133,72762069,-0.0085770255,-0.00030356547,-0.0037375947
72783200,72783136,0.0027987,0.0044406434,0.005853833
72804171,72804107,0.011475281,-0.00092151866,0.005206918
72825188,72825126,0.008317807,-0.0035743155,-0.008696485
72841706,72841641,0.00203933,3.129104e-05,0.008567404
72862716,72862659,-0.0079285,-0.003266702,-0.0012610825
72883740,72883677,-0.01424654,-0.002704206,-0.00874482
72901751,72901693,-0.010309248,-0.00084798376,0.009309191
72922772,72922712,0.007783093,0.002676175,0.00086935563
72943792,72943731,0.016331268,-0.00300994,-0.005553541
72964817,72964751,0.007631918,0.0037980918,-0.0034403123
72982827,72982765,-0.006745059,-0.0017459345,-0.00234528
73003846,73003784,-0.015752556,-0.0017737406,-0.0043567233
73024868,73024803,-0.0032826213,-0.0025030668,-0.00037270435
73041381,73041321,0.005209421,0.00028186722,-0.0056173885
73062401,73062338,0.014498487,0.0010938841,-0.0011316221
73083458,73083400,-0.0018881839,0.0019826666,0.0012568124
73104435,73104375,-0.015807202,0.005183536,0.004377851
73122451,73122389,-0.0045219148,-0.006228043,-0.0041689477
73143514,73143453,-0.0044606496,0.0052544707,0.0001124274
73164487,73164427,0.0041077333,-0.0038783648,0.0030827164
73182506,73182442,0.007637523,0.0056277956,-0.0015237068
73202021,73201959,-0.00016087713,-0.0024341848,0.0015585087
73224543,73224480,-0.003452245,0.006889134,0.0016441052
73245562,73245498,-0.00424371,-0.0013483485,0.0010838155
73262074,73262014,-0.010749567,0.00090619584,-0.0005014641
73283098,73283033,-0.010139023,0.0067678695,0.005053949
73304116,73304050,0.004104856,-0.0044978354,0.002720355
73322128,73322068,0.012118523,0.009167,-0.0023116153
73343154,73343084,0.0041465987,0.0069982973,0.0059861033
73364166,73364103,-0.0050701285,0.0009774592,0.0018351846
73385180,73385121,-0.0035795576,-0.0067242584,-0.0028110635
73401699,73401637,-0.0054731662,0.0033525256,0.0077392682
73422723,73422660,0.00691902,-0.0023845716,-0.00045400276
73443783,73443720,0.0032802448,-0.0007778157,-0.0068423655
73461751,73461690,-0.005567438,-0.0010019139,0.00564235
73482771,73482709,-0.007293359,-0.007108054,-0.000624903
73503836,73503775,-0.004774227,0.0016199205,-0.0069778915
73524805,73524746,0.009210812,0.0024377252,0.0001358753
73542822,73542764,0.015292138,0.0010577535,-3.0445866e-05
73563888,73563826,0.009938676,0.004508599,-0.008746786
73584859,73584799,-0.004015477,-0.005288153,0.0017285277
73601422,73601359,-0.012380699,-0.0010162919,-0.0046396633
73622397,73622335,-0.0019185549,-0.005799838,-0.0032226501
73643415,73643352,0.02571718,-0.0072711636,-0.0052751694
73664432,73664372,0.03601713,0.007846535,-0.003118755
73682467,73682407,0.014619704,-0.000928844,0.008573376
73703467,73703407,-0.012494557,-0.0012141991,0.00026657758
73724483,73724423,-0.013871973,-0.0048180986,0.000113304704
73742503,73742440,-0.003066707,0.0034679053,-0.001113781
73763522,73763458,0.018449748,-0.005814464,0.00060461694
73784539,73784477,0.014816534,0.0060016457,0.0011462197
73804104,73804043,-0.00557943,-0.0057513234,0.00047480687
73822075,73822011,-0.015518417,0.003084795,0.0005600867
73843098,73843031,-0.0048305695,-0.0022514453,-0.0024206927
73864154,73864093,0.0127946725,0.00406048,-0.0003192674
73882125,73882064,0.008903436,-0.0005759292,-0.00310611
73903152,73903083,-0.002800106,0.0015620248,0.003409204
73924210,73924147,-0.008785126,-0.0022383868,-0.0020892427
73945182,73945120,-0.0014303216,-0.0022888295,-0.0004576624
73961751,73961683,0.008138272,-0.0010252115,0.001114802
73982724,73982657,0.0050525777,-0.000937319,0.001510242
74003734,74003672,-7.941038e-05,0.002854677,-0.002564035
74021804,74021736,-0.00718983,0.0001682603,0.0007063593
74042768,74042707,-0.0015623568,-5.3206808e-05,0.0038668616
74063788,74063726,0.004013865,0.004440388,0.00016598636
74084810,74084744,0.004600254,-0.0005457246,0.002118743
74102821,74102760,0.000414883,-7.132732e-05,-0.00031364174
74123842,74123780,-0.0049568773,0.0033688727,0.0028111683
74144858,74144797,-0.00079158845,0.0014410672,-0.0027765313
74161373,74161311,0.0022116043,-0.003228149,-0.00134384
74182392,74182330,0.0055469964,-0.0018376653,-0.00042658066
74203413,74203351,0.003460317,-0.00389751,-0.0013347608
74224475,74224413,-0.0036577978,-0.0003585221,0.0008299053
74242446,74242383,0.0017914992,-0.0023573805,0.0006816201
74263465,74263402,0.004104563,0.00019992678,-0.001498149
74284527,74284466,0.001991121,-0.0024551789,-0.00093538547
74302498,74302437,-0.0013353075,-0.0013135182,-0.00028355117
74323520,74323455,-0.0034839832,0.001243275,-0.0024290094
74343046,74342973,-0.0011421347,-0.0004175778,0.0002026516
74365554,74365493,0.0027855746,-0.0007661368,0.00048253825
74382114,74382053,0.0025299904,0.0016472015,0.0008758209
74403088,74403027,0.00015234514,-0.0004659007,-0.0006561782
74424107,74424045,7.4373675e-06,-0.0011804219,-0.00038194214
74442170,74442107,-0.0021214555,-0.0030440523,0.0031887507
74463148,74463080,-0.00070812483,0.0016651313,0.0012925849
74484160,74484098,1.7456478e-05,-0.00028355833,0.0005440181
74505179,74505117,-0.000587257,-0.001847067,-0.00023234542
74521702,74521638,0.0019070097,0.0013533054,-0.00161301
74542712,74542651,0.0009031317,0.0035780128,0.0015598731
74563773,74563714,-0.00041799352,0.0016136806,-0.0015695507
74581748,74581686,0.0010337037,-0.0042695296,0.0008302978
74602765,74602703,0.0004954529,-0.001010497,-0.00032718526
