timestamp,roll_body,pitch_body,yaw_body,yaw_sp_move_rate,q_d[0],q_d[1],q_d[2],q_d[3],thrust_body[0],thrust_body[1],thrust_body[2],roll_reset_integral,pitch_reset_integral,yaw_reset_integral,fw_control_yaw,apply_flaps
39621911,0.0,0.0,0.05891046,0.0,0.9995662,0.0,0.0,0.029450973,0.0,0.0,-0.001,0,0,0,0,0
39628104,0.0,0.0,0.058923863,0.0,0.999566,0.0,0.0,0.029457668,0.0,0.0,-0.001,0,0,0,0,0
39671479,0.0,0.0,0.058929067,0.0,0.99956596,0.0,0.0,0.029460272,0.0,0.0,-0.001,0,0,0,0,0
39715053,0.0,0.0,0.058976367,0.0,0.99956524,0.0,0.0,0.029483913,0.0,0.0,-0.001,0,0,0,0,0
39772066,0.0,0.0,0.058980115,0.0,0.9995652,0.0,0.0,0.029485786,0.0,0.0,-0.001,0,0,0,0,0
39821745,0.0,0.0,0.059152704,0.0,0.9995627,0.0,0.0,0.029572042,0.0,0.0,-0.001,0,0,0,0,0
39868225,0.0,0.0,0.059074868,0.0,0.9995638,0.0,0.0,0.029533142,0.0,0.0,-0.001,0,0,0,0,0
39923704,0.0,0.0,0.0591796,0.0,0.99956226,0.0,0.0,0.029585484,0.0,0.0,-0.001,0,0,0,0,0
39973422,0.0,0.0,0.059283976,0.0,0.9995607,0.0,0.0,0.029637648,0.0,0.0,-0.001,0,0,0,0,0
40022861,0.0,0.0,0.05931407,0.0,0.99956024,0.0,0.0,0.029652689,0.0,0.0,-0.001,0,0,0,0,0
40072363,0.0,0.0,0.059337847,0.0,0.9995599,0.0,0.0,0.029664574,0.0,0.0,-0.001,0,0,0,0,0
40125072,0.0,0.0,0.05935496,0.0,0.99955964,0.0,0.0,0.029673127,0.0,0.0,-0.001,0,0,0,0,0
40161185,0.0,0.0,0.059372567,0.0,0.9995594,0.0,0.0,0.029681925,0.0,0.0,-0.001,0,0,0,0,0
40210547,0.0,0.0,0.059403263,0.0,0.9995589,0.0,0.0,0.02969727,0.0,0.0,-0.001,0,0,0,0,0
40273704,0.0,0.0,0.05942453,0.0,0.9995586,0.0,0.0,0.029707892,0.0,0.0,-0.001,0,0,0,0,0
40323161,0.0,0.0,0.059443068,0.0,0.9995583,0.0,0.0,0.02971716,0.0,0.0,-0.001,0,0,0,0,0
40372644,0.0,0.0,0.059456922,0.0,0.99955815,0.0,0.0,0.029724082,0.0,0.0,-0.001,0,0,0,0,0
40422206,0.0,0.0,0.05956792,0.0,0.9995565,0.0,0.0,0.029779557,0.0,0.0,-0.001,0,0,0,0,0
40471758,0.0,0.0,0.059577305,0.0,0.99955636,0.0,0.0,0.029784247,0.0,0.0,-0.001,0,0,0,0,0
40515293,0.0,0.0,0.059637506,0.0,0.99955547,0.0,0.0,0.029814335,0.0,0.0,-0.001,0,0,0,0,0
40564855,0.0,0.0,0.059662208,0.0,0.99955505,0.0,0.0,0.029826682,0.0,0.0,-0.001,0,0,0,0,0
40624908,0.0,0.0,0.059641957,0.0,0.99955535,0.0,0.0,0.029816559,0.0,0.0,-0.001,0,0,0,0,0
40672955,0.0,0.0,0.05960305,0.0,0.99955595,0.0,0.0,0.029797114,0.0,0.0,-0.001,0,0,0,0,0
40722501,0.0,0.0,0.059645463,0.0,0.99955535,0.0,0.0,0.029818313,0.0,0.0,-0.001,0,0,0,0,0
40763219,0.0,0.0,0.059770774,0.0,0.99955344,0.0,0.0,0.029880939,0.0,0.0,-0.001,0,0,0,0,0
40824735,0.0,0.0,0.059898667,0.0,0.99955153,0.0,0.0,0.029944858,0.0,0.0,-0.001,0,0,0,0,0
40874284,0.0,0.0,0.059830848,0.0,0.99955255,0.0,0.0,0.029910963,0.0,0.0,-0.001,0,0,0,0,0
40920875,0.0,0.0,0.05976755,0.0,0.9995535,0.0,0.0,0.02987933,0.0,0.0,-0.001,0,0,0,0,0
40968808,0.0,0.0,0.05984615,0.0,0.9995523,0.0,0.0,0.029918613,0.0,0.0,-0.001,0,0,0,0,0
41018293,0.0,0.0,0.05993601,0.0,0.999551,0.0,0.0,0.029963521,0.0,0.0,-0.001,0,0,0,0,0
41068001,0.0,0.0,0.059973456,0.0,0.9995504,0.0,0.0,0.029982237,0.0,0.0,-0.001,0,0,0,0,0
41120433,0.0,0.0,0.05998047,0.0,0.99955034,0.0,0.0,0.029985739,0.0,0.0,-0.001,0,0,0,0,0
41169955,0.0,0.0,0.0599332,0.0,0.999551,0.0,0.0,0.029962115,0.0,0.0,-0.001,0,0,0,0,0
41213487,0.0,0.0,0.059951916,0.0,0.99955076,0.0,0.0,0.029971471,0.0,0.0,-0.001,0,0,0,0,0
41263051,0.0,0.0,0.059999116,0.0,0.99955004,0.0,0.0,0.029995056,0.0,0.0,-0.001,0,0,0,0,0
41312594,0.0,0.0,0.060050197,0.0,0.99954927,0.0,0.0,0.030020589,0.0,0.0,-0.001,0,0,0,0,0
41368288,0.0,0.0,0.06009736,0.0,0.99954855,0.0,0.0,0.030044159,0.0,0.0,-0.001,0,0,0,0,0
41422378,0.0,0.0,0.0600967,0.0,0.99954855,0.0,0.0,0.030043831,0.0,0.0,-0.001,0,0,0,0,0
41471985,0.0,0.0,0.060001135,0.0,0.99955,0.0,0.0,0.02999607,0.0,0.0,-0.001,0,0,0,0,0
41519936,0.0,0.0,0.060040843,0.0,0.9995494,0.0,0.0,0.030015916,0.0,0.0,-0.001,0,0,0,0,0
41569413,0.0,0.0,0.060127173,0.0,0.99954814,0.0,0.0,0.030059058,0.0,0.0,-0.001,0,0,0,0,0
41618885,0.0,0.0,0.060264934,0.0,0.99954605,0.0,0.0,0.030127909,0.0,0.0,-0.001,0,0,0,0,0
41671574,0.0,0.0,0.060175225,0.0,0.9995474,0.0,0.0,0.030083071,0.0,0.0,-0.001,0,0,0,0,0
41721126,0.0,0.0,0.060092174,0.0,0.9995487,0.0,0.0,0.03004157,0.0,0.0,-0.001,0,0,0,0,0
41770552,0.0,0.0,0.0600451,0.0,0.9995493,0.0,0.0,0.030018043,0.0,0.0,-0.001,0,0,0,0,0
41820224,0.0,0.0,0.060118087,0.0,0.99954826,0.0,0.0,0.030054517,0.0,0.0,-0.001,0,0,0,0,0
41865157,0.0,0.0,0.06022206,0.0,0.9995467,0.0,0.0,0.030106481,0.0,0.0,-0.001,0,0,0,0,0
41914733,0.0,0.0,0.060165636,0.0,0.99954754,0.0,0.0,0.03007828,0.0,0.0,-0.001,0,0,0,0,0
41964246,0.0,0.0,0.060088713,0.0,0.9995487,0.0,0.0,0.030039838,0.0,0.0,-0.001,0,0,0,0,0
42021287,0.0,0.0,0.060141016,0.0,0.9995479,0.0,0.0,0.030065976,0.0,0.0,-0.001,0,0,0,0,0
42070987,0.0,0.0,0.06013167,0.0,0.9995481,0.0,0.0,0.030061308,0.0,0.0,-0.001,0,0,0,0,0
42120517,0.0,0.0,0.06001028,0.0,0.99954987,0.0,0.0,0.03000064,0.0,0.0,-0.001,0,0,0,0,0
42165452,0.0,0.0,0.059935488,0.0,0.999551,0.0,0.0,0.029963257,0.0,0.0,-0.001,0,0,0,0,0
42215034,0.0,0.0,0.06000916,0.0,0.99954987,0.0,0.0,0.030000081,0.0,0.0,-0.001,0,0,0,0,0
42264553,0.0,0.0,0.060134847,0.0,0.999548,0.0,0.0,0.030062895,0.0,0.0,-0.001,0,0,0,0,0
42323112,0.0,0.0,0.060117617,0.0,0.99954826,0.0,0.0,0.030054282,0.0,0.0,-0.001,0,0,0,0,0
42372699,0.0,0.0,0.060015757,0.0,0.9995498,0.0,0.0,0.030003373,0.0,0.0,-0.001,0,0,0,0,0
42422208,0.0,0.0,0.059870575,0.0,0.99955195,0.0,0.0,0.029930815,0.0,0.0,-0.001,0,0,0,0,0
42470296,0.0,0.0,0.059878573,0.0,0.99955183,0.0,0.0,0.029934814,0.0,0.0,-0.001,0,0,0,0,0
42519791,0.0,0.0,0.059961453,0.0,0.9995506,0.0,0.0,0.029976238,0.0,0.0,-0.001,0,0,0,0,0
42573844,0.0,0.0,0.06003208,0.0,0.99954957,0.0,0.0,0.030011531,0.0,0.0,-0.001,0,0,0,0,0
42621894,0.0,0.0,0.0599929,0.0,0.9995501,0.0,0.0,0.029991953,0.0,0.0,-0.001,0,0,0,0,0
42668494,0.0,0.0,0.05990389,0.0,0.9995515,0.0,0.0,0.029947465,0.0,0.0,-0.001,0,0,0,0,0
42718216,0.0,0.0,0.05992709,0.0,0.9995511,0.0,0.0,0.029959066,0.0,0.0,-0.001,0,0,0,0,0
42766045,0.0,0.0,0.059940167,0.0,0.99955094,0.0,0.0,0.029965596,0.0,0.0,-0.001,0,0,0,0,0
42815777,0.0,0.0,0.060050607,0.0,0.99954927,0.0,0.0,0.030020792,0.0,0.0,-0.001,0,0,0,0,0
42865333,0.0,0.0,0.059976783,0.0,0.9995504,0.0,0.0,0.029983899,0.0,0.0,-0.001,0,0,0,0,0
42923851,0.0,0.0,0.059982095,0.0,0.9995503,0.0,0.0,0.029986553,0.0,0.0,-0.001,0,0,0,0,0
42973286,0.0,0.0,0.059875384,0.0,0.9995519,0.0,0.0,0.029933225,0.0,0.0,-0.001,0,0,0,0,0
43022802,0.0,0.0,0.059892546,0.0,0.99955165,0.0,0.0,0.029941797,0.0,0.0,-0.001,0,0,0,0,0
43072351,0.0,0.0,0.060036127,0.0,0.9995495,0.0,0.0,0.030013558,0.0,0.0,-0.001,0,0,0,0,0
43115960,0.0,0.0,0.059982937,0.0,0.9995503,0.0,0.0,0.029986972,0.0,0.0,-0.001,0,0,0,0,0
43160989,0.0,0.0,0.059885953,0.0,0.9995517,0.0,0.0,0.029938502,0.0,0.0,-0.001,0,0,0,0,0
43210478,0.0,0.0,0.05987199,0.0,0.99955195,0.0,0.0,0.029931523,0.0,0.0,-0.001,0,0,0,0,0
43273718,0.0,0.0,0.059877127,0.0,0.9995519,0.0,0.0,0.029934091,0.0,0.0,-0.001,0,0,0,0,0
43318820,0.0,0.0,0.05997333,0.0,0.9995504,0.0,0.0,0.029982172,0.0,0.0,-0.001,0,0,0,0,0
43368293,0.0,0.0,0.060040988,0.0,0.9995494,0.0,0.0,0.030015986,0.0,0.0,-0.001,0,0,0,0,0
43417690,0.0,0.0,0.0599268,0.0,0.9995511,0.0,0.0,0.029958915,0.0,0.0,-0.001,0,0,0,0,0
43465892,0.0,0.0,0.059928764,0.0,0.9995511,0.0,0.0,0.029959897,0.0,0.0,-0.001,0,0,0,0,0
43515430,0.0,0.0,0.059871484,0.0,0.99955195,0.0,0.0,0.02993127,0.0,0.0,-0.001,0,0,0,0,0
43569353,-0.0029934861,-0.002864478,0.0,0.0,0.99999785,-0.001496741,-0.0014322367,-2.143692e-06,0.0,0.0,-0.005149988,0,0,0,0,0
43623407,-0.003606151,-0.0026500756,0.0,0.0,0.9999975,-0.001803073,-0.0013250352,-2.3891412e-06,0.0,0.0,-0.009318035,0,0,0,0,0
43672938,-0.0012596553,-0.0039921263,0.0,0.0,0.99999785,-0.0006298264,-0.0019960613,-1.2571749e-06,0.0,0.0,-0.015248202,0,0,0,0,0
43713657,-0.003108738,-0.002511938,0.0,0.0,0.99999803,-0.001554367,-0.0012559672,-1.9522379e-06,0.0,0.0,-0.020558657,0,0,0,0,0
43775178,-0.0031577072,-0.0021660249,0.0,0.0,0.99999815,-0.0015788522,-0.001083011,-1.7099173e-06,0.0,0.0,-0.028888362,0,0,0,0,0
43821696,-0.0027668832,-0.001371537,0.0,0.0,0.9999988,-0.0013834408,-0.00068576774,-9.487202e-07,0.0,0.0,-0.034503046,0,0,0,0,0
43871178,-0.0017576289,-0.003401987,0.0,0.0,0.9999982,-0.00087881304,-0.001700992,-1.4948567e-06,0.0,0.0,-0.041156407,0,0,0,0,0
43919247,-0.00074359187,-0.00397225,0.0,0.0,0.999998,-0.0003717952,-0.0019861236,-7.3843273e-07,0.0,0.0,-0.047525983,0,0,0,0,0
43968767,-0.0009896144,-0.0033257813,0.0,0.0,0.9999985,-0.0004948065,-0.0016628897,-8.2280985e-07,0.0,0.0,-0.05549511,0,0,0,0,0
44018284,-0.0017572414,-0.0023944941,0.0,0.0,0.99999887,-0.00087862,-0.0011972464,-1.0519257e-06,0.0,0.0,-0.06367896,0,0,0,0,0
44070873,-0.0020910625,-0.0025211724,0.0,0.0,0.9999987,-0.0010455302,-0.0012605852,-1.3179816e-06,0.0,0.0,-0.07287041,0,0,0,0,0
44120546,-0.001250355,-0.0017223728,0.0,0.0,0.99999946,-0.0006251773,-0.0008611862,-5.383943e-07,0.0,0.0,-0.08193486,0,0,0,0,0
44162449,-0.0025047294,-0.002325697,0.0,0.0,0.99999857,-0.0012523633,-0.0011628473,-1.4563095e-06,0.0,0.0,-0.08944603,0,0,0,0,0
44222543,-0.0018486519,-0.0024737113,0.0,0.0,0.9999988,-0.000924325,-0.0012368547,-1.1432571e-06,0.0,0.0,-0.101120114,0,0,0,0,0
44269075,-0.0023754695,-0.0022552165,0.0,0.0,0.9999987,-0.0011877336,-0.0011276072,-1.3392988e-06,0.0,0.0,-0.11081617,0,0,0,0,0
44324806,-0.00068971264,-0.0015825707,0.0,0.0,0.99999964,-0.00034485618,-0.00079128525,-2.728797e-07,0.0,0.0,-0.12182199,0,0,0,0,0
44365324,-0.002400765,-0.0011268018,0.0,0.0,0.9999991,-0.0012003821,-0.0005634005,-6.762964e-07,0.0,0.0,-0.13059042,0,0,0,0,0
44413181,-0.0028032644,-0.00060593453,0.0,0.0,0.999999,-0.0014016317,-0.00030296695,-4.2464853e-07,0.0,0.0,-0.1409997,0,0,0,0,0
44462743,-0.0019591448,-0.0015364384,0.0,0.0,0.9999992,-0.000979572,-0.0007682187,-7.5252615e-07,0.0,0.0,-0.15206526,0,0,0,0,0
44522979,-0.0010232495,-0.0031115608,0.0,0.0,0.9999987,-0.0005116241,-0.0015557796,-7.9597527e-07,0.0,0.0,-0.16673872,0,0,0,0,0
44570844,-0.0022591194,-0.003315068,0.0,0.0,0.999998,-0.0011295581,-0.0016575323,-1.8722826e-06,0.0,0.0,-0.17822364,0,0,0,0,0
44620415,0.00039190854,-0.0012784941,0.0,0.0,0.9999998,0.00019595424,-0.00063924707,1.2526318e-07,0.0,0.0,-0.19085294,0,0,0,0,0
44669973,-0.0026170504,-0.0028999783,0.0,0.0,0.9999981,-0.0013085235,-0.0014499875,-1.8973462e-06,0.0,0.0,-0.20356645,0,0,0,0,0
44722535,-0.0012331824,-0.0020204217,0.0,0.0,0.9999993,-0.00061659084,-0.0010102105,-6.228869e-07,0.0,0.0,-0.21781792,0,0,0,0,0
44772176,-0.002731675,-0.0020543819,0.0,0.0,0.9999985,-0.0013658364,-0.0010271899,-1.4029753e-06,0.0,0.0,-0.23132591,0,0,0,0,0
44821581,0.0031185367,-0.0025234956,0.0,0.0,0.999998,0.0015592664,-0.0012617458,1.9674019e-06,0.0,0.0,-0.24480884,0,0,0,0,0
44871158,0.0058927177,-0.005477886,0.0,0.0,0.99999195,0.0029463435,-0.0027389277,8.069887e-06,0.0,0.0,-0.2561827,0,0,0,0,0
44920884,0.00044370646,-0.0046367296,0.0,0.0,0.9999973,0.00022185265,-0.0023183625,5.143363e-07,0.0,0.0,-0.2691695,0,0,0,0,0
44970301,0.0051647434,-0.013620696,0.0,0.0,0.9999735,0.002582309,-0.0068102735,1.7586697e-05,0.0,0.0,-0.28113338,0,0,0,0,0
45022836,0.016585657,-0.015578406,0.0,0.0,0.99993527,0.008292481,-0.007788856,6.459313e-05,0.0,0.0,-0.29088786,0,0,0,0,0
45072473,0.016301377,-0.019159695,0.0,0.0,0.9999209,0.008150225,-0.009579383,7.8080295e-05,0.0,0.0,-0.29928124,0,0,0,0,0
45121893,0.020590635,-0.021006,0.0,0.0,0.9998918,0.01029457,-0.010502251,0.000108127846,0.0,0.0,-0.30702418,0,0,0,0,0
45171474,0.021672817,-0.027166102,0.0,0.0,0.9998491,0.010835197,-0.013581836,0.00014718408,0.0,0.0,-0.31483912,0,0,0,0,0
45216649,0.02492317,-0.030165968,0.0,0.0,0.9998086,0.012459845,-0.015081242,0.0001879459,0.0,0.0,-0.32173496,0,0,0,0,0
45266181,0.024250938,-0.030476984,0.0,0.0,0.9998104,0.0121237645,-0.015236781,0.00018476218,0.0,0.0,-0.33099282,0,0,0,0,0
45315642,0.030179385,-0.034827393,0.0,0.0,0.9997346,0.015086831,-0.017410832,0.00026274406,0.0,0.0,-0.33808345,0,0,0,0,0
45374281,0.02267961,-0.035510857,0.0,0.0,0.9997781,0.011337775,-0.017753353,0.0002013282,0.0,0.0,-0.34322113,0,0,0,0,0
45423856,0.021696549,-0.033364944,0.0,0.0,0.999802,0.010846553,-0.016680716,0.0001809641,0.0,0.0,-0.3344726,0,0,0,0,0
45473343,0.024198396,-0.041151058,0.0,0.0,0.99971515,0.012096341,-0.020572571,0.00024892375,0.0,0.0,-0.32732916,0,0,0,0,0
45525897,0.03307075,-0.041589215,0.0,0.0,0.99964714,0.016531046,-0.020790264,0.00034380614,0.0,0.0,-0.3241193,0,0,0,0,0
45572336,0.03521959,-0.039309498,0.0,0.0,0.9996518,0.017605485,-0.019650439,0.000346076,0.0,0.0,-0.32265353,0,0,0,0,0
45619067,0.041078594,-0.037198808,0.0,0.0,0.99961615,0.020534301,-0.01859441,0.0003819698,0.0,0.0,-0.32194135,0,0,0,0,0
45668495,0.039925892,-0.041498557,0.0,0.0,0.9995855,0.019957323,-0.020743655,0.0004141595,0.0,0.0,-0.3197823,0,0,0,0,0
45716615,0.034978386,-0.039484996,0.0,0.0,0.9996522,0.017484894,-0.019738197,0.00034524032,0.0,0.0,-0.32033348,0,0,0,0,0
45766088,0.029692287,-0.035787653,0.0,0.0,0.9997297,0.014843222,-0.0178909,0.00026563037,0.0,0.0,-0.32160157,0,0,0,0,0
45818633,0.028040815,-0.037867356,0.0,0.0,0.9997225,0.014017437,-0.018930689,0.00026543334,0.0,0.0,-0.32195762,0,0,0,0,0
45872642,0.043911852,-0.030266063,0.0,0.0,0.9996445,0.021951647,-0.015128806,0.00033222034,0.0,0.0,-0.32354203,0,0,0,0,0
45922336,0.04821592,-0.03021952,0.0,0.0,0.9995953,0.024102872,-0.015104794,0.00036421636,0.0,0.0,-0.3223634,0,0,0,0,0
45971922,0.044212982,-0.027620034,0.0,0.0,0.9996603,0.02210258,-0.013806203,0.0003052564,0.0,0.0,-0.32441494,0,0,0,0,0
46018284,0.047758557,-0.028405217,0.0,0.0,0.99961406,0.023874601,-0.0141980825,0.00033910442,0.0,0.0,-0.32543856,0,0,0,0,0
46075339,0.031476475,-0.025924064,0.0,0.0,0.99979216,0.015736267,-0.012960063,0.00020398544,0.0,0.0,-0.32696527,0,0,0,0,0
46111421,0.032077737,-0.023882657,0.0,0.0,0.9998001,0.016037038,-0.011939509,0.00019151263,0.0,0.0,-0.3283821,0,0,0,0,0
46168577,0.034031525,-0.022283236,0.0,0.0,0.9997932,0.017013883,-0.011139774,0.00018957003,0.0,0.0,-0.3286054,0,0,0,0,0
46224183,0.055622578,-0.01732325,0.0,0.0,0.9995758,0.02780666,-0.008658167,0.00024085687,0.0,0.0,-0.3321675,0,0,0,0,0
46267692,0.049681846,-0.019340351,0.0,0.0,0.9996447,0.024837207,-0.009667044,0.00024018766,0.0,0.0,-0.33271518,0,0,0,0,0
46312577,0.054760803,-0.019585812,0.0,0.0,0.9995773,0.027375666,-0.0097890785,0.0002680959,0.0,0.0,-0.33317974,0,0,0,0,0
46362146,0.054551125,-0.016077861,0.0,0.0,0.99959576,0.027271297,-0.0080358535,0.00021923678,0.0,0.0,-0.33347666,0,0,0,0,0
46425200,0.031116962,-0.010578469,0.0,0.0,0.99986494,0.015557636,-0.00528857,8.228875e-05,0.0,0.0,-0.33498582,0,0,0,0,0
46470234,0.034841903,-0.008755145,0.0,0.0,0.9998387,0.0174199,-0.004376894,7.625736e-05,0.0,0.0,-0.33571196,0,0,0,0,0
46519806,0.046648726,-0.008354273,0.0,0.0,0.99971926,0.023322046,-0.004175988,9.741993e-05,0.0,0.0,-0.3366858,0,0,0,0,0
46569527,0.056524444,-0.011514622,0.0,0.0,0.9995841,0.02825799,-0.00575498,0.00016269182,0.0,0.0,-0.336856,0,0,0,0,0
46622107,0.057427086,-0.010320839,0.0,0.0,0.9995745,0.028709212,-0.005158269,0.00014815287,0.0,0.0,-0.33700925,0,0,0,0,0
46668454,0.056047887,-0.0075641447,0.0,0.0,0.99960023,0.028020075,-0.0037805783,0.00010597445,0.0,0.0,-0.3369445,0,0,0,0,0
46717972,0.044067793,-0.007671568,0.0,0.0,0.9997499,0.02203195,-0.0038348436,8.451022e-05,0.0,0.0,-0.33755973,0,0,0,0,0
46773550,0.034706764,-0.0067980774,0.0,0.0,0.99984366,0.017352412,-0.0033985206,5.8981746e-05,0.0,0.0,-0.33777142,0,0,0,0,0
46817306,0.039074976,-0.004938673,0.0,0.0,0.9998061,0.01953619,-0.002468863,4.8241523e-05,0.0,0.0,-0.33677062,0,0,0,0,0
46866634,0.052829977,-0.0050636744,0.0,0.0,0.9996479,0.026411833,-0.0025309515,6.6870605e-05,0.0,0.0,-0.3365674,0,0,0,0,0
46920683,0.05416958,-0.0025616027,0.0,0.0,0.9996324,0.027081458,-0.0012803313,3.4685985e-05,0.0,0.0,-0.33725417,0,0,0,0,0
46974778,0.0459389,-0.003861325,0.0,0.0,0.99973434,0.02296739,-0.0019301521,4.4342334e-05,0.0,0.0,-0.33679804,0,0,0,0,0
47015453,0.05181996,-0.0043019964,0.0,0.0,0.99966204,0.025907023,-0.0021502746,5.5726046e-05,0.0,0.0,-0.33596614,0,0,0,0,0
47065037,0.037422214,-0.0055668643,0.0,0.0,0.99982107,0.018709943,-0.002782941,5.207799e-05,0.0,0.0,-0.33587593,0,0,0,0,0
47117427,0.041605286,-0.0016352203,0.0,0.0,0.9997833,0.020801138,-0.0008174332,1.7007225e-05,0.0,0.0,-0.33573577,0,0,0,0,0
47166962,0.046774775,-9.665172e-05,0.0,0.0,0.99972653,0.023385258,-4.8312642e-05,1.1301128e-06,0.0,0.0,-0.3362169,0,0,0,0,0
47220989,0.054186158,-0.0023663428,0.0,0.0,0.9996323,0.027089745,-0.001182737,3.2051827e-05,0.0,0.0,-0.33506477,0,0,0,0,0
47270522,0.05659228,0.002294326,0.0,0.0,0.99959904,0.028292347,0.0011467035,-3.2455944e-05,0.0,0.0,-0.3358193,0,0,0,0,0
47320140,0.046889808,-0.0014952358,0.0,0.0,0.99972486,0.023442747,-0.0007474124,1.7526221e-05,0.0,0.0,-0.3340018,0,0,0,0,0
47369625,0.03838709,-0.00019832709,0.0,0.0,0.9998158,0.019192364,-9.9145276e-05,1.903183e-06,0.0,0.0,-0.33612937,0,0,0,0,0
47419318,0.033398695,0.0016420976,0.0,0.0,0.9998602,0.016698565,0.0008209343,-1.3710342e-05,0.0,0.0,-0.3351353,0,0,0,0,0
47462765,0.03402948,-0.000474127,0.0,0.0,0.9998552,0.01701392,-0.0002370292,4.0333794e-06,0.0,0.0,-0.33506253,0,0,0,0,0
47522857,0.053345554,-0.002534182,0.0,0.0,0.9996435,0.026669594,-0.00126664,3.379282e-05,0.0,0.0,-0.33562616,0,0,0,0,0
47572335,0.05087257,-0.00197894,0.0,0.0,0.99967605,0.02543353,-0.0009891497,2.516572e-05,0.0,0.0,-0.33561212,0,0,0,0,0
47620581,0.044891443,-0.000754011,0.0,0.0,0.99974805,0.022443837,-0.00037691052,8.46145e-06,0.0,0.0,-0.33599558,0,0,0,0,0
47670069,0.031751722,-0.0006509768,0.0,0.0,0.99987394,0.015875192,-0.00032544736,5.167191e-06,0.0,0.0,-0.33585754,0,0,0,0,0
47719481,0.033279937,0.0056116874,0.0,0.0,0.99985766,0.016639134,0.0028054514,-4.668693e-05,0.0,0.0,-0.33619013,0,0,0,0,0
47763071,0.029980047,0.0017217923,0.0,0.0,0.9998873,0.014989457,0.0008607994,-1.2904369e-05,0.0,0.0,-0.33662808,0,0,0,0,0
47823285,0.040437393,-0.00076966424,0.0,0.0,0.99979556,0.020217316,-0.00038475345,7.780273e-06,0.0,0.0,-0.3358957,0,0,0,0,0
47872619,0.044517197,0.003477868,0.0,0.0,0.99975073,0.022256726,0.0017385025,-3.870302e-05,0.0,0.0,-0.33851394,0,0,0,0,0
47914831,0.04171114,0.005835933,0.0,0.0,0.9997783,0.020853966,0.002917328,-6.0851355e-05,0.0,0.0,-0.3374946,0,0,0,0,0
47964213,0.03809403,0.0037408245,0.0,0.0,0.9998169,0.019045826,0.0018700717,-3.562359e-05,0.0,0.0,-0.3372009,0,0,0,0,0
48021269,0.031714864,0.004397994,0.0,0.0,0.99987185,0.01585673,0.002198719,-3.4868957e-05,0.0,0.0,-0.33699074,0,0,0,0,0
48070848,0.020514376,0.0031433015,0.0,0.0,0.9999461,0.010256995,0.0015715675,-1.6120428e-05,0.0,0.0,-0.3371036,0,0,0,0,0
48120504,0.031230193,0.004957272,0.0,0.0,0.999875,0.0156144155,0.0024783316,-3.8702532e-05,0.0,0.0,-0.33648252,0,0,0,0,0
48169946,0.03677312,0.0030635432,0.0,0.0,0.99982977,0.018385503,0.0015315121,-2.8162412e-05,0.0,0.0,-0.33534244,0,0,0,0,0
48219462,0.036932014,-0.00023344504,0.0,0.0,0.9998295,0.018464958,-0.000116702635,2.1552767e-06,0.0,0.0,-0.33593443,0,0,0,0,0
48269142,0.032594956,0.0016369937,0.0,0.0,0.99986684,0.016296754,0.0008183882,-1.3338847e-05,0.0,0.0,-0.33592755,0,0,0,0,0
48321700,0.022466239,0.0053848736,0.0,0.0,0.9999333,0.011232843,0.0026922636,-3.0243791e-05,0.0,0.0,-0.3359467,0,0,0,0,0
48371273,0.0186508,0.005350297,0.0,0.0,0.9999529,0.009325231,0.002675029,-2.494644e-05,0.0,0.0,-0.3363432,0,0,0,0,0
48420782,0.022119047,0.0023425426,0.0,0.0,0.9999382,0.011059293,0.0011711994,-1.2953437e-05,0.0,0.0,-0.33488846,0,0,0,0,0
48470211,0.029138573,0.0017643673,0.0,0.0,0.9998935,0.014568767,0.00088209,-1.2852331e-05,0.0,0.0,-0.3355644,0,0,0,0,0
48518254,0.03308795,0.0022616105,0.0,0.0,0.9998625,0.016543213,0.0011306503,-1.870716e-05,0.0,0.0,-0.3363401,0,0,0,0,0
48572301,0.002441675,0.0039966,0.0,0.0,0.99999726,0.0012208346,0.001998297,-2.4395968e-06,0.0,0.0,-0.31120953,0,0,0,0,0
48621868,-0.0019525967,0.0061183316,0.0,0.0,0.9999948,-0.0009762937,0.0030591597,2.9866535e-06,0.0,0.0,-0.31312335,0,0,0,0,0
48671452,-0.005380679,0.005768552,0.0,0.0,0.99999225,-0.002690325,0.0028842613,7.75966e-06,0.0,0.0,-0.3179952,0,0,0,0,0
48715093,-0.0057169036,0.006666815,0.0,0.0,0.99999034,-0.002858432,0.0033333874,9.528353e-06,0.0,0.0,-0.32370597,0,0,0,0,0
48764612,0.00045748407,0.0062075653,0.0,0.0,0.9999952,0.00022874093,0.0031037775,-7.099644e-07,0.0,0.0,-0.32766715,0,0,0,0,0
48814220,0.01067413,0.0075743906,0.0,0.0,0.9999786,0.0053370013,0.0037871322,-2.0212361e-05,0.0,0.0,-0.33180642,0,0,0,0,0
48871219,0.01875613,0.0075890017,0.0,0.0,0.9999488,0.009377861,0.0037943253,-3.5584475e-05,0.0,0.0,-0.3351015,0,0,0,0,0
48920776,0.018004965,0.008469714,0.0,0.0,0.99995047,0.00900228,0.004234673,-3.8123602e-05,0.0,0.0,-0.336766,0,0,0,0,0
48970198,0.012362098,0.00868063,0.0,0.0,0.9999715,0.0061809514,0.0043402184,-2.6827442e-05,0.0,0.0,-0.3372697,0,0,0,0,0
49015235,0.0055266432,0.009113977,0.0,0.0,0.9999858,0.0027632895,0.0045569553,-1.2592365e-05,0.0,0.0,-0.33907893,0,0,0,0,0
49064914,0.007072224,0.010033333,0.0,0.0,0.99998116,0.00353606,0.0050166138,-1.7739381e-05,0.0,0.0,-0.34114295,0,0,0,0,0
49114504,0.010509946,0.0064077647,0.0,0.0,0.99998105,0.0052549224,0.0032038328,-1.683621e-05,0.0,0.0,-0.3410553,0,0,0,0,0
49171379,0.023702439,0.009139168,0.0,0.0,0.9999193,0.01185082,0.0045692474,-5.4153694e-05,0.0,0.0,-0.34226495,0,0,0,0,0
49220934,0.021043839,0.009913961,0.0,0.0,0.99993235,0.010521596,0.0049566864,-5.215578e-05,0.0,0.0,-0.34297255,0,0,0,0,0
49270640,0.01834169,0.009361337,0.0,0.0,0.99994695,0.009170616,0.0046804547,-4.292493e-05,0.0,0.0,-0.341608,0,0,0,0,0
49320180,0.011088684,0.0072636274,0.0,0.0,0.99997807,0.005544277,0.0036317497,-2.013587e-05,0.0,0.0,-0.34196284,0,0,0,0,0
49369620,0.015927035,0.011796133,0.0,0.0,0.99995095,0.007963295,0.005897845,-4.6968584e-05,0.0,0.0,-0.34160614,0,0,0,0,0
49413164,0.017930593,0.01032478,0.0,0.0,0.9999465,0.008965057,0.0051621594,-4.6281533e-05,0.0,0.0,-0.3403826,0,0,0,0,0
49473229,0.032080214,0.011384693,0.0,0.0,0.99985516,0.01603916,0.0056915833,-9.130144e-05,0.0,0.0,-0.34013945,0,0,0,0,0
49522744,0.03044948,0.00999679,0.0,0.0,0.9998716,0.015223961,0.0049977954,-7.609601e-05,0.0,0.0,-0.3397619,0,0,0,0,0
49570906,0.027300252,0.010251958,0.0,0.0,0.9998937,0.013649524,0.0051254793,-6.9967784e-05,0.0,0.0,-0.33895898,0,0,0,0,0
49620315,0.02292688,0.011642731,0.0,0.0,0.9999173,0.011462995,0.0058209505,-6.673104e-05,0.0,0.0,-0.3393475,0,0,0,0,0
49669909,0.01704455,0.010393448,0.0,0.0,0.9999502,0.008522056,0.0051965117,-4.428717e-05,0.0,0.0,-0.3385838,0,0,0,0,0
49721045,0.02390643,0.014609879,0.0,0.0,0.9999019,0.011952612,0.0073043522,-8.731465e-05,0.0,0.0,-0.3379342,0,0,0,0,0
49770582,0.029338462,0.008804959,0.0,0.0,0.9998827,0.0146685615,0.0044019916,-6.457846e-05,0.0,0.0,-0.33593997,0,0,0,0,0
49820064,0.035628036,0.009938188,0.0,0.0,0.999829,0.017812856,0.004968285,-8.851448e-05,0.0,0.0,-0.3362822,0,0,0,0,0
49869555,0.03091193,0.009576405,0.0,0.0,0.9998691,0.0154551715,0.0047876127,-7.400306e-05,0.0,0.0,-0.33508608,0,0,0,0,0
49913239,0.029746715,0.012743888,0.0,0.0,0.9998691,0.014872506,0.0063711964,-9.476807e-05,0.0,0.0,-0.33568248,0,0,0,0,0
49973323,0.02047024,0.011305976,0.0,0.0,0.99993163,0.010234778,0.005652662,-5.7857687e-05,0.0,0.0,-0.33440608,0,0,0,0,0
50022918,0.020514106,0.011571373,0.0,0.0,0.9999306,0.010256702,0.00578535,-5.934273e-05,0.0,0.0,-0.33443242,0,0,0,0,0
50075298,0.035366252,0.009298642,0.0,0.0,0.99983287,0.017682012,0.004648577,-8.220995e-05,0.0,0.0,-0.33456773,0,0,0,0,0
50124795,0.03235994,0.011446488,0.0,0.0,0.9998527,0.016179,0.005722464,-9.259738e-05,0.0,0.0,-0.33646443,0,0,0,0,0
50165405,0.03156501,0.01171516,0.0,0.0,0.9998583,0.01578158,0.0058568167,-9.244291e-05,0.0,0.0,-0.334887,0,0,0,0,0
50217946,0.029813005,0.009953064,0.0,0.0,0.9998765,0.014905766,0.0049759587,-7.417963e-05,0.0,0.0,-0.33452666,0,0,0,0,0
50267438,0.024901943,0.014269151,0.0,0.0,0.999897,0.012450334,0.0071339626,-8.882935e-05,0.0,0.0,-0.33608845,0,0,0,0,0
50321473,0.019475752,0.008620501,0.0,0.0,0.99994326,0.009737632,0.004310033,-4.1971893e-05,0.0,0.0,-0.33538234,0,0,0,0,0
50369666,0.019913824,0.00982457,0.0,0.0,0.99993837,0.009956628,0.0049120216,-4.8910188e-05,0.0,0.0,-0.33500716,0,0,0,0,0
50425076,0.029561985,0.009404748,0.0,0.0,0.9998797,0.014780291,0.0047018426,-6.950297e-05,0.0,0.0,-0.33660293,0,0,0,0,0
50474777,0.028211456,0.01200795,0.0,0.0,0.9998825,0.014105007,0.0060033416,-8.468712e-05,0.0,0.0,-0.33813283,0,0,0,0,0
50518223,0.030181233,0.008042524,0.0,0.0,0.99987805,0.01508992,0.004020793,-6.0680846e-05,0.0,0.0,-0.33652574,0,0,0,0,0
50567711,0.022908514,0.012100061,0.0,0.0,0.99991614,0.011453796,0.0060495967,-6.9296664e-05,0.0,0.0,-0.3384431,0,0,0,0,0
50617273,0.018513128,0.00836593,0.0,0.0,0.9999484,0.009256352,0.0041827736,-3.871922e-05,0.0,0.0,-0.33658975,0,0,0,0,0
50671333,0.017418323,0.01125247,0.0,0.0,0.99994624,0.008708914,0.005625992,-4.899891e-05,0.0,0.0,-0.33899027,0,0,0,0,0
50720928,0.022524549,0.0109425215,0.0,0.0,0.9999216,0.011261867,0.0054708864,-6.161723e-05,0.0,0.0,-0.33835837,0,0,0,0,0
50770417,0.024131227,0.012614403,0.0,0.0,0.9999074,0.012065081,0.0063067004,-7.609791e-05,0.0,0.0,-0.3389102,0,0,0,0,0
50813968,0.027702268,0.009116198,0.0,0.0,0.99989367,0.013850547,0.004557646,-6.3132604e-05,0.0,0.0,-0.3389459,0,0,0,0,0
50863564,0.02164534,0.008748765,0.0,0.0,0.9999319,0.010822356,0.0043741125,-4.7341426e-05,0.0,0.0,-0.33945683,0,0,0,0,0
50913052,0.02205679,0.008010076,0.0,0.0,0.99993116,0.011028084,0.0040047844,-4.416813e-05,0.0,0.0,-0.3391683,0,0,0,0,0
50970108,0.012691419,0.011356849,0.0,0.0,0.99996376,0.0063455645,0.0056782793,-3.6033198e-05,0.0,0.0,-0.33952814,0,0,0,0,0
51019648,0.013534136,0.009872102,0.0,0.0,0.99996495,0.0067669335,0.0049359174,-3.34022e-05,0.0,0.0,-0.33985677,0,0,0,0,0
51069324,0.017632468,0.011540404,0.0,0.0,0.99994445,0.008815974,0.0057699457,-5.0870512e-05,0.0,0.0,-0.34043005,0,0,0,0,0
51114247,0.01970748,0.010536511,0.0,0.0,0.9999376,0.009853446,0.0052679763,-5.191095e-05,0.0,0.0,-0.3397557,0,0,0,0,0
51163994,0.024137601,0.010659313,0.0,0.0,0.999913,0.012068336,0.005329243,-6.432069e-05,0.0,0.0,-0.33936095,0,0,0,0,0
51213482,0.020183222,0.0100962855,0.0,0.0,0.99993634,0.010091312,0.0050478643,-5.094282e-05,0.0,0.0,-0.339211,0,0,0,0,0
51270542,0.014291934,0.011599666,0.0,0.0,0.9999577,0.0071457853,0.0057996525,-4.144483e-05,0.0,0.0,-0.33866158,0,0,0,0,0
51319944,0.014484055,0.00826672,0.0,0.0,0.99996525,0.0072419024,0.00413324,-2.9933562e-05,0.0,0.0,-0.33852538,0,0,0,0,0
51368113,0.014667965,0.009706373,0.0,0.0,0.9999613,0.0073338305,0.004853037,-3.5592726e-05,0.0,0.0,-0.33889315,0,0,0,0,0
51417672,0.02667667,0.010177827,0.0,0.0,0.9998981,0.013337768,0.005088439,-6.7875335e-05,0.0,0.0,-0.33893147,0,0,0,0,0
51467113,0.021736357,0.007773639,0.0,0.0,0.99993336,0.0108678825,0.0038865805,-4.2241714e-05,0.0,0.0,-0.33820295,0,0,0,0,0
51521129,0.022698035,0.0060144723,0.0,0.0,0.9999311,0.0113487225,0.0030070378,-3.4128385e-05,0.0,0.0,-0.3378025,0,0,0,0,0
51570691,0.016929476,0.00888968,0.0,0.0,0.99995434,0.008464553,0.0044446657,-3.7623828e-05,0.0,0.0,-0.33900395,0,0,0,0,0
51620229,0.014524307,0.009299741,0.0,0.0,0.9999628,0.0072620115,0.004649731,-3.3767654e-05,0.0,0.0,-0.33788633,0,0,0,0,0
51663767,0.016901856,0.006945965,0.0,0.0,0.9999583,0.008450776,0.0034728514,-2.9349512e-05,0.0,0.0,-0.33778656,0,0,0,0,0
51713310,0.023358807,0.008763795,0.0,0.0,0.9999222,0.011679025,0.0043815845,-5.117662e-05,0.0,0.0,-0.33768156,0,0,0,0,0
51762860,0.02352265,0.0072899237,0.0,0.0,0.99992424,0.011760977,0.0036447018,-4.2868498e-05,0.0,0.0,-0.33793837,0,0,0,0,0
51819944,0.02866115,0.007215439,0.0,0.0,0.9998908,0.014329992,0.0036073416,-5.1698822e-05,0.0,0.0,-0.33770195,0,0,0,0,0
51869512,0.025613913,0.010254269,0.0,0.0,0.9999048,0.01280644,0.005126692,-6.5660905e-05,0.0,0.0,-0.33859,0,0,0,0,0
51919018,0.0238155,0.008086552,0.0,0.0,0.99992096,0.011907371,0.0040429775,-4.8145048e-05,0.0,0.0,-0.33669382,0,0,0,0,0
51970054,0.025833318,0.009582949,0.0,0.0,0.9999051,0.012916151,0.0047910567,-6.1887884e-05,0.0,0.0,-0.3370842,0,0,0,0,0
52024102,0.030013176,0.009992294,0.0,0.0,0.9998749,0.015005839,0.004995564,-7.4972e-05,0.0,0.0,-0.33792555,0,0,0,0,0
52072226,0.03433659,0.007349083,0.0,0.0,0.99984586,0.017167334,0.003673992,-6.308237e-05,0.0,0.0,-0.3382341,0,0,0,0,0
52121740,0.031148318,0.0091298465,0.0,0.0,0.9998683,0.015573367,0.0045643537,-7.109172e-05,0.0,0.0,-0.33794948,0,0,0,0,0
52169790,0.029824076,0.007558964,0.0,0.0,0.9998817,0.01491138,0.003779053,-5.6357563e-05,0.0,0.0,-0.33797202,0,0,0,0,0
52219295,0.025500469,0.009242848,0.0,0.0,0.99990803,0.012749754,0.004621032,-5.8922433e-05,0.0,0.0,-0.3378803,0,0,0,0,0
52268837,0.030938659,0.007753537,0.0,0.0,0.9998728,0.0154685965,0.0038762952,-5.9968468e-05,0.0,0.0,-0.33712196,0,0,0,0,0
52316870,0.03435954,0.007826772,0.0,0.0,0.9998448,0.017178794,0.003912798,-6.722759e-05,0.0,0.0,-0.33809265,0,0,0,0,0
52366564,0.038793057,0.009481536,0.0,0.0,0.9998007,0.019395093,0.004739858,-9.194832e-05,0.0,0.0,-0.3394152,0,0,0,0,0
52420645,0.04017312,0.0061168866,0.0,0.0,0.9997936,0.020085117,0.003057822,-6.142938e-05,0.0,0.0,-0.3371051,0,0,0,0,0
52468684,0.037805416,0.009105594,0.0,0.0,0.999811,0.01890139,0.004551968,-8.605478e-05,0.0,0.0,-0.33788645,0,0,0,0,0
52524077,0.031589575,0.010456303,0.0,0.0,0.9998616,0.015793914,0.005227475,-8.2573715e-05,0.0,0.0,-0.3386539,0,0,0,0,0
52573638,0.028376259,0.008803367,0.0,0.0,0.9998897,0.014187515,0.004401226,-6.244935e-05,0.0,0.0,-0.3383613,0,0,0,0,0
52617193,0.030406853,0.0071001058,0.0,0.0,0.9998781,0.015202747,0.0035496356,-5.3970783e-05,0.0,0.0,-0.3393944,0,0,0,0,0
52666710,0.036248207,0.007839029,0.0,0.0,0.9998281,0.018122971,0.00391886,-7.103362e-05,0.0,0.0,-0.33869472,0,0,0,0,0
52716268,0.037170053,0.008169926,0.0,0.0,0.999819,0.018583799,0.004084246,-7.591455e-05,0.0,0.0,-0.3382381,0,0,0,0,0
52770528,0.034771472,0.00987626,0.0,0.0,0.9998367,0.017384648,0.0049373633,-8.5848355e-05,0.0,0.0,-0.33822554,0,0,0,0,0
52819867,0.031059729,0.010921551,0.0,0.0,0.99986446,0.015529009,0.00546009,-8.480127e-05,0.0,0.0,-0.3380667,0,0,0,0,0
52869422,0.034169078,0.008107253,0.0,0.0,0.99984586,0.017083565,0.004053024,-6.925078e-05,0.0,0.0,-0.337129,0,0,0,0,0
52917467,0.034703936,0.011507099,0.0,0.0,0.9998329,0.017350813,0.005752651,-9.982986e-05,0.0,0.0,-0.3375466,0,0,0,0,0
52967143,0.034329083,0.0062273135,0.0,0.0,0.9998479,0.017163614,0.003113193,-5.3441778e-05,0.0,0.0,-0.33703312,0,0,0,0,0
53019681,0.038506795,0.0069863284,0.0,0.0,0.99980855,0.019252092,0.0034925097,-6.725099e-05,0.0,0.0,-0.33857828,0,0,0,0,0
53075104,0.031519484,0.010643378,0.0,0.0,0.99986166,0.015758866,0.005321003,-8.386458e-05,0.0,0.0,-0.33794203,0,0,0,0,0
53117275,0.036183216,0.0048058988,0.0,0.0,0.99983346,0.018090567,0.0024025536,-4.34708e-05,0.0,0.0,-0.33720034,0,0,0,0,0
53165174,0.030409146,0.010432251,0.0,0.0,0.9998708,0.0152037805,0.005215499,-7.9305544e-05,0.0,0.0,-0.33906543,0,0,0,0,0
53220808,0.030889958,0.004972494,0.0,0.0,0.99987763,0.015444318,0.0024859481,-3.839847e-05,0.0,0.0,-0.33634847,0,0,0,0,0
53268919,0.03330425,0.0074987984,0.0,0.0,0.9998543,0.016651237,0.0037488702,-6.2432424e-05,0.0,0.0,-0.3384141,0,0,0,0,0
53320006,0.03887882,0.0063564926,0.0,0.0,0.999806,0.01943809,0.0031776407,-6.1779254e-05,0.0,0.0,-0.33795348,0,0,0,0,0
53367871,0.034201056,0.009226585,0.0,0.0,0.9998431,0.01709951,0.0046126014,-7.8885605e-05,0.0,0.0,-0.33906695,0,0,0,0,0
53423584,0.033273228,0.007258895,0.0,0.0,0.99985504,0.016635735,0.0036289368,-6.0378792e-05,0.0,0.0,-0.33702302,0,0,0,0,0
53473101,0.027436694,0.006666662,0.0,0.0,0.99990034,0.013717841,0.0033330112,-4.572628e-05,0.0,0.0,-0.33878976,0,0,0,0,0
53522505,0.029374223,0.0060454705,0.0,0.0,0.9998876,0.014686516,0.0030224044,-4.4393582e-05,0.0,0.0,-0.33824536,0,0,0,0,0
53572062,0.031247124,0.0071628382,0.0,0.0,0.99987155,0.015622825,0.0035809744,-5.5952125e-05,0.0,0.0,-0.33850947,0,0,0,0,0
53624787,0.03383597,0.0048723035,0.0,0.0,0.9998539,0.016917128,0.0024358009,-4.1212774e-05,0.0,0.0,-0.33877757,0,0,0,0,0
53660660,0.030510424,0.0046045003,0.0,0.0,0.99988097,0.015254581,0.0023019803,-3.5119927e-05,0.0,0.0,-0.33841473,0,0,0,0,0
53710215,0.035374302,0.0054835225,0.0,0.0,0.99983984,0.017686164,0.002741329,-4.8491365e-05,0.0,0.0,-0.3387792,0,0,0,0,0
53773270,0.027858868,0.004501048,0.0,0.0,0.99990046,0.013928949,0.0022503037,-3.134749e-05,0.0,0.0,-0.33795044,0,0,0,0,0
53822948,0.027657965,0.0057933223,0.0,0.0,0.99990016,0.013828484,0.0028963804,-4.0056548e-05,0.0,0.0,-0.34009373,0,0,0,0,0
53868000,0.02869773,0.004448789,0.0,0.0,0.99989456,0.014348338,0.002224164,-3.1916414e-05,0.0,0.0,-0.33948737,0,0,0,0,0
53917529,0.032966826,0.0039223554,0.0,0.0,0.9998622,0.016482634,0.00196091,-3.2325417e-05,0.0,0.0,-0.34060335,0,0,0,0,0
53967096,0.030814625,0.00707169,0.0,0.0,0.99987507,0.015406605,0.0035354176,-5.4475593e-05,0.0,0.0,-0.34206793,0,0,0,0,0
54016676,0.03071044,0.004909127,0.0,0.0,0.9998791,0.015354571,0.0024542715,-3.7688846e-05,0.0,0.0,-0.34071425,0,0,0,0,0
54066093,0.027910447,0.00899701,0.0,0.0,0.9998925,0.013954629,0.0044980524,-6.27754e-05,0.0,0.0,-0.3426501,0,0,0,0,0
54124582,0.023485113,0.0047154306,0.0,0.0,0.9999283,0.011742255,0.0023575507,-2.7684942e-05,0.0,0.0,-0.34115365,0,0,0,0,0
54174328,0.025354492,0.006877641,0.0,0.0,0.9999137,0.012676832,0.0034385377,-4.3593525e-05,0.0,0.0,-0.34204754,0,0,0,0,0
54210180,0.021593174,0.0044601797,0.0,0.0,0.9999392,0.01079635,0.0022299578,-2.4076871e-05,0.0,0.0,-0.34217486,0,0,0,0,0
54273246,0.02971281,0.0049884235,0.0,0.0,0.9998865,0.01485581,0.002493934,-3.7053615e-05,0.0,0.0,-0.34192312,0,0,0,0,0
54322898,0.027003765,0.0034939894,0.0,0.0,0.9999073,0.013501451,0.0017468346,-2.3586988e-05,0.0,0.0,-0.34165302,0,0,0,0,0
54372325,0.025562217,0.0094442,0.0,0.0,0.99990714,0.01278062,0.0047216974,-6.0351813e-05,0.0,0.0,-0.34235877,0,0,0,0,0
54421908,0.021392806,0.0039685112,0.0,0.0,0.9999408,0.010696177,0.001984141,-2.122398e-05,0.0,0.0,-0.3399993,0,0,0,0,0
54466968,0.025957307,0.00335205,0.0,0.0,0.99991435,0.012978271,0.0016758832,-2.1751928e-05,0.0,0.0,-0.33992627,0,0,0,0,0
54516631,0.02768474,0.004354556,0.0,0.0,0.9999018,0.013841895,0.0021770676,-3.01377e-05,0.0,0.0,-0.34166595,0,0,0,0,0
54566162,0.03503561,0.0036401483,0.0,0.0,0.99984497,0.01751688,0.0018197938,-3.1882053e-05,0.0,0.0,-0.34079367,0,0,0,0,0
54615687,0.034246307,0.0068267845,0.0,0.0,0.99984753,0.017122218,0.0034128854,-5.8445075e-05,0.0,0.0,-0.34122014,0,0,0,0,0
54665254,0.0361288,0.004768469,0.0,0.0,0.999834,0.018063366,0.002383843,-4.3067383e-05,0.0,0.0,-0.3398465,0,0,0,0,0
54723650,0.03046223,0.005572985,0.0,0.0,0.99988014,0.0152304685,0.0027861658,-4.2439697e-05,0.0,0.0,-0.34033436,0,0,0,0,0
54764180,0.033208504,0.0051441453,0.0,0.0,0.99985886,0.016603433,0.0025717153,-4.2705324e-05,0.0,0.0,-0.34019995,0,0,0,0,0
54822739,0.03925243,0.0030870931,0.0,0.0,0.9998062,0.019624932,0.0015432487,-3.0292018e-05,0.0,0.0,-0.33948103,0,0,0,0,0
54872348,0.042332593,0.004926943,0.0,0.0,0.99977297,0.021164654,0.0024629175,-5.213863e-05,0.0,0.0,-0.34012944,0,0,0,0,0
54921836,0.043818325,0.0041317996,0.0,0.0,0.9997579,0.021907361,0.0020654022,-4.5258475e-05,0.0,0.0,-0.33912432,0,0,0,0,0
54971389,0.04133647,0.006124659,0.0,0.0,0.9997817,0.020666664,0.0030616708,-6.328834e-05,0.0,0.0,-0.33919775,0,0,0,0,0
55020926,0.04329451,0.0060595083,0.0,0.0,0.9997611,0.021645464,0.0030290394,-6.558064e-05,0.0,0.0,-0.33822623,0,0,0,0,0
55066151,0.042352982,0.006777428,0.0,0.0,0.9997701,0.021174788,0.0033879478,-7.1755574e-05,0.0,0.0,-0.33889028,0,0,0,0,0
55115655,0.04772973,0.0047406866,0.0,0.0,0.9997124,0.023862533,0.0023696662,-5.65625e-05,0.0,0.0,-0.3386255,0,0,0,0,0
55165119,0.048468616,0.0046515227,0.0,0.0,0.99970365,0.024231872,0.0023250766,-5.6357647e-05,0.0,0.0,-0.33901694,0,0,0,0,0
55214743,0.0518641,0.009547761,0.0,0.0,0.9996524,0.025928847,0.004772257,-0.00012378216,0.0,0.0,-0.339726,0,0,0,0,0
55264174,0.05482624,0.008327548,0.0,0.0,0.9996156,0.027409453,0.004162198,-0.00011412743,0.0,0.0,-0.3390165,0,0,0,0,0
55313708,0.051772613,0.009297549,0.0,0.0,0.9996542,0.025883134,0.0046472,-0.00012032571,0.0,0.0,-0.34063867,0,0,0,0,0
55372420,0.04696587,0.009093338,0.0,0.0,0.99971396,0.023480535,0.0045453995,-0.00010675895,0.0,0.0,-0.339662,0,0,0,0,0
55421809,0.046248455,0.0088791,0.0,0.0,0.9997228,0.02312194,0.0044383486,-0.00010265169,0.0,0.0,-0.34129292,0,0,0,0,0
55471351,0.052234143,0.009217116,0.0,0.0,0.99964833,0.026113823,0.00460697,-0.000120347926,0.0,0.0,-0.34147388,0,0,0,0,0
55520897,0.0482162,0.012164872,0.0,0.0,0.99969095,0.02410532,0.0060806307,-0.00014662088,0.0,0.0,-0.34189972,0,0,0,0,0
55570505,0.047884215,0.012567857,0.0,0.0,0.9996937,0.023939345,0.0062820865,-0.00015043512,0.0,0.0,-0.3407135,0,0,0,0,0
55620116,0.04839113,0.009587763,0.0,0.0,0.9996958,0.02419293,0.00479246,-0.00011597892,0.0,0.0,-0.3403795,0,0,0,0,0
55669551,0.045503553,0.010746485,0.0,0.0,0.9997268,0.02274949,0.0053718262,-0.0001222397,0.0,0.0,-0.3408261,0,0,0,0,0
55714582,0.046783753,0.009580057,0.0,0.0,0.999715,0.023389477,0.0047887005,-0.00011203712,0.0,0.0,-0.33972213,0,0,0,0,0
55764133,0.043918997,0.0109781055,0.0,0.0,0.9997438,0.021957405,0.005487702,-0.00012052656,0.0,0.0,-0.3398004,0,0,0,0,0
55813813,0.05022885,0.010193412,0.0,0.0,0.99967164,0.025111457,0.0050950763,-0.00012798683,0.0,0.0,-0.33925256,0,0,0,0,0
55863404,0.053611457,0.010971649,0.0,0.0,0.9996257,0.026802119,0.0054838266,-0.00014703319,0.0,0.0,-0.33865032,0,0,0,0,0
55912764,0.049792174,0.01178068,0.0,0.0,0.9996728,0.02489308,0.00588848,-0.00014663041,0.0,0.0,-0.3386439,0,0,0,0,0
55962436,0.046833593,0.008012172,0.0,0.0,0.99971783,0.02341447,0.0040049767,-9.3800874e-05,0.0,0.0,-0.33715808,0,0,0,0,0
56020902,0.042210065,0.013670751,0.0,0.0,0.9997539,0.021102972,0.0068338,-0.00014424899,0.0,0.0,-0.3390179,0,0,0,0,0
56070540,0.047309153,0.010778692,0.0,0.0,0.99970573,0.023652025,0.0053878115,-0.00012747016,0.0,0.0,-0.33783984,0,0,0,0,0
56120091,0.04846721,0.00982879,0.0,0.0,0.99969435,0.02423094,0.004912932,-0.000119081364,0.0,0.0,-0.3381359,0,0,0,0,0
56169639,0.050232686,0.00962586,0.0,0.0,0.999673,0.025113413,0.0048113936,-0.00012087003,0.0,0.0,-0.33776286,0,0,0,0,0
56219042,0.040719174,0.0082116565,0.0,0.0,0.99978435,0.020358007,0.004104966,-8.358696e-05,0.0,0.0,-0.33738017,0,0,0,0,0
56268803,0.03707886,0.00691041,0.0,0.0,0.9998222,0.018538259,0.0034546044,-6.405373e-05,0.0,0.0,-0.33711782,0,0,0,0,0
56318125,0.031823367,0.012928295,0.0,0.0,0.99985254,0.01591068,0.0064632837,-0.00010285041,0.0,0.0,-0.33939725,0,0,0,0,0
56370879,0.031493284,0.0118765775,0.0,0.0,0.9998584,0.015745712,0.0059375176,-9.350369e-05,0.0,0.0,-0.33978373,0,0,0,0,0
56418777,0.03329675,0.010295295,0.0,0.0,0.9998482,0.016647385,0.0051469114,-8.5695625e-05,0.0,0.0,-0.3398634,0,0,0,0,0
56468419,0.03377322,0.013126753,0.0,0.0,0.9998359,0.016885445,0.0065623936,-0.00011082712,0.0,0.0,-0.34033328,0,0,0,0,0
56513316,0.03374135,0.010864824,0.0,0.0,0.99984294,0.016869629,0.005431612,-9.164367e-05,0.0,0.0,-0.3396776,0,0,0,0,0
56574993,0.023124143,0.012270083,0.0,0.0,0.9999143,0.011561597,0.0061345925,-7.093176e-05,0.0,0.0,-0.33967495,0,0,0,0,0
56615417,0.020315658,0.0121443365,0.0,0.0,0.99992996,0.010157468,0.006071818,-6.167861e-05,0.0,0.0,-0.34018797,0,0,0,0,0
56671029,0.023828827,0.009362265,0.0,0.0,0.9999181,0.011914002,0.0046807826,-5.577142e-05,0.0,0.0,-0.33959502,0,0,0,0,0
56719044,0.024319358,0.009779064,0.0,0.0,0.9999141,0.012159236,0.004889151,-5.945345e-05,0.0,0.0,-0.3400022,0,0,0,0,0
56768551,0.027873868,0.0096685905,0.0,0.0,0.99989116,0.013936319,0.0048338072,-6.7372814e-05,0.0,0.0,-0.3393805,0,0,0,0,0
56822600,0.024966646,0.01178342,0.0,0.0,0.9999047,0.012482783,0.005891217,-7.3545794e-05,0.0,0.0,-0.33926558,0,0,0,0,0
56861699,0.032039788,0.0054761306,0.0,0.0,0.9998679,0.01601915,0.0027377105,-4.3861586e-05,0.0,0.0,-0.33750755,0,0,0,0,0
56924827,0.018510548,0.009623883,0.0,0.0,0.9999456,0.009255036,0.004811717,-4.4535034e-05,0.0,0.0,-0.33728084,0,0,0,0,0
56974429,0.018557355,0.009476864,0.0,0.0,0.9999457,0.009278441,0.0047382102,-4.396559e-05,0.0,0.0,-0.33781952,0,0,0,0,0
57017917,0.015016208,0.0120084835,0.0,0.0,0.9999538,0.007507899,0.0060040364,-4.5079778e-05,0.0,0.0,-0.3375159,0,0,0,0,0
57073334,0.02341817,0.008896866,0.0,0.0,0.99992156,0.011708701,0.004448113,-5.2085717e-05,0.0,0.0,-0.33835003,0,0,0,0,0
57117059,0.025879,0.008765253,0.0,0.0,0.9999067,0.0129390145,0.0043822452,-5.6707224e-05,0.0,0.0,-0.33800223,0,0,0,0,0
57162032,0.028274355,0.009534472,0.0,0.0,0.9998887,0.014136546,0.004766742,-6.739276e-05,0.0,0.0,-0.33771792,0,0,0,0,0
57211610,0.03218508,0.008063668,0.0,0.0,0.9998624,0.016091714,0.0040313015,-6.487948e-05,0.0,0.0,-0.33829916,0,0,0,0,0
57274564,0.024275206,0.00822957,0.0,0.0,0.99991786,0.012137203,0.0041144704,-4.9942264e-05,0.0,0.0,-0.33854446,0,0,0,0,0
57322556,0.026165072,0.008123594,0.0,0.0,0.9999062,0.0130820535,0.004061438,-5.313694e-05,0.0,0.0,-0.33818084,0,0,0,0,0
57369276,0.031615403,0.0070692347,0.0,0.0,0.9998688,0.015806947,0.0035341687,-5.587174e-05,0.0,0.0,-0.33872193,0,0,0,0,0
57418810,0.039007977,0.004534202,0.0,0.0,0.99980724,0.0195027,0.0022666678,-4.4214663e-05,0.0,0.0,-0.337605,0,0,0,0,0
57471200,0.035870064,0.0042979233,0.0,0.0,0.99983686,0.017934032,0.0021486147,-3.8539612e-05,0.0,0.0,-0.33832052,0,0,0,0,0
57520880,0.034668144,0.0006827836,0.0,0.0,0.99984974,0.017333204,0.00034134052,-5.9174135e-06,0.0,0.0,-0.33802146,0,0,0,0,0
57570291,0.033040434,0.0041764323,0.0,0.0,0.99986136,0.01651943,0.0020879295,-3.4496185e-05,0.0,0.0,-0.33902097,0,0,0,0,0
57624524,0.030850071,0.0033477158,0.0,0.0,0.99987966,0.015424404,0.001673658,-2.5818284e-05,0.0,0.0,-0.33962867,0,0,0,0,0
57674065,0.036293224,0.0020939494,0.0,0.0,0.99983484,0.018145604,0.001046802,-1.8997995e-05,0.0,0.0,-0.33920875,0,0,0,0,0
57723445,0.037496224,0.00062538637,0.0,0.0,0.9998242,0.018747013,0.00031263827,-5.8620635e-06,0.0,0.0,-0.33885267,0,0,0,0,0
57766987,0.040819053,0.0017230478,0.0,0.0,0.9997914,0.0204081,0.00086134434,-1.7582071e-05,0.0,0.0,-0.33923456,0,0,0,0,0
57816507,0.040001273,0.002518448,0.0,0.0,0.9997992,0.019999288,0.0012589719,-2.5183597e-05,0.0,0.0,-0.33890834,0,0,0,0,0
57866082,0.034382984,-7.731733e-05,0.0,0.0,0.99985224,0.017190646,-3.8652957e-05,6.6456755e-07,0.0,0.0,-0.33940837,0,0,0,0,0
57909622,0.037890464,0.0019237422,0.0,0.0,0.99982005,0.018944088,0.0009616984,-1.822178e-05,0.0,0.0,-0.3397589,0,0,0,0,0
57972704,0.037762742,8.381933e-05,0.0,0.0,0.9998218,0.018880248,4.190219e-05,-7.912649e-07,0.0,0.0,-0.33910963,0,0,0,0,0
58022206,0.039916076,-0.0029764886,0.0,0.0,0.9997997,0.01995669,-0.0014879472,2.9700452e-05,0.0,0.0,-0.33864185,0,0,0,0,0
58065941,0.039907847,-0.0027366234,0.0,0.0,0.9998,0.01995258,-0.0013680388,2.7301367e-05,0.0,0.0,-0.33828735,0,0,0,0,0
58115474,0.04350565,-0.0054292926,0.0,0.0,0.9997598,0.021751028,-0.0027140004,5.904649e-05,0.0,0.0,-0.3377159,0,0,0,0,0
58172345,0.03715713,-0.0032322982,0.0,0.0,0.99982613,0.018577471,-0.0016158696,3.002399e-05,0.0,0.0,-0.33719754,0,0,0,0,0
58222023,0.03447818,-0.0044238744,0.0,0.0,0.99984896,0.017238196,-0.0022116066,3.8129867e-05,0.0,0.0,-0.33635238,0,0,0,0,0
58270076,0.035301886,-0.004436528,0.0,0.0,0.99984175,0.017649986,-0.0022179168,3.915239e-05,0.0,0.0,-0.3358245,0,0,0,0,0
58319606,0.038819414,-0.007491246,0.0,0.0,0.9998046,0.01940835,-0.0037449086,7.269671e-05,0.0,0.0,-0.33675367,0,0,0,0,0
58366203,0.045427084,-0.00345578,0.0,0.0,0.99974054,0.022711556,-0.0017274434,3.9243107e-05,0.0,0.0,-0.33842337,0,0,0,0,0
58418579,0.047149822,-0.0036997136,0.0,0.0,0.9997204,0.023572687,-0.0018493418,4.3606145e-05,0.0,0.0,-0.3383876,0,0,0,0,0
58468317,0.04508442,-0.007968919,0.0,0.0,0.999738,0.022540122,-0.003983437,8.981068e-05,0.0,0.0,-0.33838257,0,0,0,0,0
58517805,0.045705777,-0.0036737216,0.0,0.0,0.9997372,0.02285086,-0.0018363801,4.1973897e-05,0.0,0.0,-0.3400442,0,0,0,0,0
58571880,0.04563441,-0.0052248295,0.0,0.0,0.99973625,0.022815151,-0.0026117316,5.9602768e-05,0.0,0.0,-0.33950695,0,0,0,0,0
58619887,0.05054063,-0.0063430034,0.0,0.0,0.9996757,0.025267499,-0.0031704837,8.0136175e-05,0.0,0.0,-0.33936524,0,0,0,0,0
58669306,0.053412177,-0.005647402,0.0,0.0,0.99963945,0.02670281,-0.0028226906,7.540095e-05,0.0,0.0,-0.34021047,0,0,0,0,0
58718876,0.060928665,-0.004720613,0.0,0.0,0.99953324,0.030459534,-0.002359209,7.189396e-05,0.0,0.0,-0.3406488,0,0,0,0,0
58768432,0.058855925,-0.0023460346,0.0,0.0,0.9995663,0.029423699,-0.0011725093,3.4514524e-05,0.0,0.0,-0.34078428,0,0,0,0,0
58825477,0.053935092,-0.005222933,0.0,0.0,0.99963295,0.026964186,-0.002610514,7.041623e-05,0.0,0.0,-0.34067905,0,0,0,0,0
58861638,0.057801623,-0.00071108923,0.0,0.0,0.99958235,0.028896788,-0.00035539613,1.0274099e-05,0.0,0.0,-0.34136343,0,0,0,0,0
58920036,0.059001178,-0.000738047,0.0,0.0,0.99956477,0.029496314,-0.00036886297,1.08848335e-05,0.0,0.0,-0.34148872,0,0,0,0,0
58968219,0.06424109,-0.0037353688,0.0,0.0,0.99948245,0.032114968,-0.00186672,5.99807e-05,0.0,0.0,-0.34102145,0,0,0,0,0
59023678,0.07353579,-0.0010894972,0.0,0.0,0.99932396,0.036759607,-0.00054438045,2.0024749e-05,0.0,0.0,-0.34061354,0,0,0,0,0
59073171,0.074141294,-0.0040837512,0.0,0.0,0.9993109,0.037062075,-0.0020404712,7.567625e-05,0.0,0.0,-0.34041923,0,0,0,0,0
59116847,0.07482335,-0.0025643196,0.0,0.0,0.99929947,0.03740292,-0.0012812624,4.7956546e-05,0.0,0.0,-0.3399565,0,0,0,0,0
59166307,0.06717712,0.00022117967,0.0,0.0,0.99943596,0.03358224,0.00011052746,-3.713855e-06,0.0,0.0,-0.34118563,0,0,0,0,0
59224829,0.063373774,0.00089043734,0.0,0.0,0.9994979,0.031681586,0.00044499518,-1.4105235e-05,0.0,0.0,-0.34100547,0,0,0,0,0
59268484,0.06793866,0.0029514604,0.0,0.0,0.999422,0.03396276,0.0014748783,-5.011991e-05,0.0,0.0,-0.34057146,0,0,0,0,0
59317892,0.06964776,0.0033495142,0.0,0.0,0.99939233,0.034816794,0.001673741,-5.830973e-05,0.0,0.0,-0.3419549,0,0,0,0,0
59367460,0.08417406,0.0014063128,0.0,0.0,0.9991143,0.042074595,0.0007025337,-2.9585024e-05,0.0,0.0,-0.34192765,0,0,0,0,0
59416983,0.08611327,0.0025600295,0.0,0.0,0.9990724,0.043043297,0.0012788281,-5.509608e-05,0.0,0.0,-0.3419347,0,0,0,0,0
59466592,0.08308376,0.005029698,0.0,0.0,0.9991341,0.04152981,0.0025126766,-0.0001044414,0.0,0.0,-0.342152,0,0,0,0,0
59523604,0.078639686,0.00462504,0.0,0.0,0.99922436,0.03930961,0.002310731,-9.090443e-05,0.0,0.0,-0.34210074,0,0,0,0,0
59568800,0.077787824,0.0057298616,0.0,0.0,0.9992396,0.038883943,0.00286276,-0.00011140012,0.0,0.0,-0.34261823,0,0,0,0,0
59616729,0.07534917,0.006148515,0.0,0.0,0.99928564,0.037665498,0.0030720714,-0.000115793795,0.0,0.0,-0.34401828,0,0,0,0,0
59670713,0.08819557,0.0071889353,0.0,0.0,0.9990214,0.044083208,0.0035909656,-0.00015845636,0.0,0.0,-0.3437925,0,0,0,0,0
59720453,0.08992058,0.0049391803,0.0,0.0,0.99898636,0.044945013,0.0024670924,-0.00011099599,0.0,0.0,-0.34437528,0,0,0,0,0
59774370,0.08820678,0.008601944,0.0,0.0,0.9990183,0.044088688,0.0042967764,-0.00018962538,0.0,0.0,-0.3449695,0,0,0,0,0
59813357,0.08926427,0.012507326,0.0,0.0,0.99898463,0.044616446,0.0062473943,-0.00027901985,0.0,0.0,-0.3460228,0,0,0,0,0
59873417,0.07593438,0.008562615,0.0,0.0,0.9992702,0.037957717,0.004278209,-0.00016250966,0.0,0.0,-0.34561947,0,0,0,0,0
59921452,0.07750754,0.010358355,0.0,0.0,0.99923575,0.038743548,0.005175266,-0.00020066153,0.0,0.0,-0.34575638,0,0,0,0,0
59970990,0.08442779,0.009242816,0.0,0.0,0.9990985,0.042200904,0.0046172743,-0.000195029,0.0,0.0,-0.34603378,0,0,0,0,0
60014710,0.07890761,0.011646057,0.0,0.0,0.9992049,0.039442897,0.0058184634,-0.0002296797,0.0,0.0,-0.34638098,0,0,0,0,0
60073227,0.09145832,0.013614452,0.0,0.0,0.99893147,0.04571217,0.0068000574,-0.00031117786,0.0,0.0,-0.34725392,0,0,0,0,0
60122639,0.08974281,0.012877079,0.0,0.0,0.9989728,0.04485542,0.006432014,-0.00028880738,0.0,0.0,-0.34655136,0,0,0,0,0
60170683,0.084613085,0.012488598,0.0,0.0,0.9990857,0.0422931,0.006238672,-0.0002640942,0.0,0.0,-0.34565014,0,0,0,0,0
60220218,0.079521276,0.014302159,0.0,0.0,0.9991841,0.039749146,0.0071453666,-0.00028425414,0.0,0.0,-0.34542456,0,0,0,0,0
60269959,0.079143085,0.014230039,0.0,0.0,0.9991919,0.039560214,0.007109389,-0.00028147642,0.0,0.0,-0.34607285,0,0,0,0,0
60323869,0.0832928,0.010359199,0.0,0.0,0.9991195,0.041633803,0.0051750857,-0.00021564835,0.0,0.0,-0.34598562,0,0,0,0,0
60370347,0.0827085,0.010483533,0.0,0.0,0.9991313,0.041341893,0.005237261,-0.00021670655,0.0,0.0,-0.34586588,0,0,0,0,0
60419950,0.08368089,0.008030881,0.0,0.0,0.9991167,0.0418279,0.0040119155,-0.00016795835,0.0,0.0,-0.34705818,0,0,0,0,0
60469450,0.084154956,0.008210285,0.0,0.0,0.9991064,0.04206471,0.0041014976,-0.00017268259,0.0,0.0,-0.34686148,0,0,0,0,0
60514493,0.0785579,0.008267675,0.0,0.0,0.99922013,0.039268516,0.0041306373,-0.00016233059,0.0,0.0,-0.34766343,0,0,0,0,0
60564055,0.06978841,0.004919363,0.0,0.0,0.9993882,0.03488702,0.002458182,-8.581113e-05,0.0,0.0,-0.3465156,0,0,0,0,0
60613773,0.06521852,0.007445882,0.0,0.0,0.9994615,0.032603253,0.0037209531,-0.000121380544,0.0,0.0,-0.3457862,0,0,0,0,0
60663288,0.06184623,0.0049260324,0.0,0.0,0.9995189,0.030918092,0.002461836,-7.615192e-05,0.0,0.0,-0.34217718,0,0,0,0,0
60720236,0.059237693,0.0044403733,0.0,0.0,0.9995589,0.029614447,0.0022192113,-6.574971e-05,0.0,0.0,-0.34071642,0,0,0,0,0
60769859,0.05702451,0.0029190255,0.0,0.0,0.9995925,0.02850836,0.001458919,-4.1608346e-05,0.0,0.0,-0.33999923,0,0,0,0,0
60813266,0.04702174,0.0020390737,0.0,0.0,0.9997231,0.023508692,0.0010192549,-2.3967985e-05,0.0,0.0,-0.33886898,0,0,0,0,0
60863011,0.044991586,0.0045341686,0.0,0.0,0.9997444,0.022493841,0.0022665092,-5.0995524e-05,0.0,0.0,-0.3382369,0,0,0,0,0
60919865,0.03722053,0.0021579515,0.0,0.0,0.99982625,0.018609177,0.0010787887,-2.007886e-05,0.0,0.0,-0.33791745,0,0,0,0,0
60964953,0.03897059,0.00057533686,0.0,0.0,0.9998101,0.01948406,0.00028761377,-5.604949e-06,0.0,0.0,-0.3363779,0,0,0,0,0
61017452,0.03969755,0.0001395135,0.0,0.0,0.99980307,0.019847471,6.9743e-05,-1.3844951e-06,0.0,0.0,-0.33584836,0,0,0,0,0
61061002,0.037931174,0.0013435591,0.0,0.0,0.99981993,0.018964447,0.0006716588,-1.2739931e-05,0.0,0.0,-0.33765817,0,0,0,0,0
61124056,0.03945058,-0.0015866074,0.0,0.0,0.99980515,0.019724004,-0.0007931493,1.5647127e-05,0.0,0.0,-0.33652344,0,0,0,0,0
61170802,0.032186087,0.0002715382,0.0,0.0,0.9998705,0.01609235,0.00013575154,-2.184844e-06,0.0,0.0,-0.3385972,0,0,0,0,0
61223204,0.02792066,-0.0026743838,0.0,0.0,0.99990165,0.013959864,-0.001337061,1.8667028e-05,0.0,0.0,-0.33952054,0,0,0,0,0
61272808,0.029077161,-0.00049911585,0.0,0.0,0.9998943,0.014538068,-0.00024953156,3.6280906e-06,0.0,0.0,-0.34063885,0,0,0,0,0
61316346,0.026121207,-0.00074320607,0.0,0.0,0.9999146,0.013060234,-0.00037157137,4.8532224e-06,0.0,0.0,-0.3416473,0,0,0,0,0
61361274,0.030011438,-0.00035593126,0.0,0.0,0.9998874,0.0150051555,-0.0001779456,2.6704022e-06,0.0,0.0,-0.34249783,0,0,0,0,0
61411016,0.03094546,-0.005333722,0.0,0.0,0.99987674,0.015472059,-0.002666539,4.1261934e-05,0.0,0.0,-0.34174183,0,0,0,0,0
61474016,0.024919199,-0.0030736555,0.0,0.0,0.9999212,0.012459262,-0.0015367079,1.9147756e-05,0.0,0.0,-0.34340176,0,0,0,0,0
61523462,0.02677219,-0.0010256749,0.0,0.0,0.9999103,0.0133856945,-0.0005127915,6.8646855e-06,0.0,0.0,-0.34423885,0,0,0,0,0
61572944,0.023923846,-0.0023166311,0.0,0.0,0.99992776,0.01196163,-0.0011582325,1.3855347e-05,0.0,0.0,-0.34570238,0,0,0,0,0
61621054,0.024145577,-0.0016776738,0.0,0.0,0.9999268,0.0120724905,-0.0008387756,1.0126852e-05,0.0,0.0,-0.34677345,0,0,0,0,0
61670685,0.028777122,-0.005816495,0.0,0.0,0.99989223,0.014388004,-0.0029079425,4.1843996e-05,0.0,0.0,-0.3458709,0,0,0,0,0
61720111,0.02675512,-0.00080889475,0.0,0.0,0.9999105,0.01337716,-0.00040441117,5.410357e-06,0.0,0.0,-0.34859434,0,0,0,0,0
61763678,0.023422932,-0.0040261066,0.0,0.0,0.9999294,0.011711174,-0.0020129138,2.3575249e-05,0.0,0.0,-0.34758636,0,0,0,0,0
61823739,0.021551955,-0.0014134209,0.0,0.0,0.99994165,0.010775767,-0.0007066694,7.6153487e-06,0.0,0.0,-0.34791705,0,0,0,0,0
61865871,0.015168195,-0.0054160147,0.0,0.0,0.9999676,0.007583996,-0.0027079259,2.0537565e-05,0.0,0.0,-0.3487094,0,0,0,0,0
61915261,0.022676457,-0.0032130955,0.0,0.0,0.99993443,0.01133797,-0.0016064438,1.8215007e-05,0.0,0.0,-0.3491254,0,0,0,0,0
61973895,0.023752986,-0.003911898,0.0,0.0,0.9999276,0.01187619,-0.0019558098,2.3229255e-05,0.0,0.0,-0.34919652,0,0,0,0,0
62023411,0.018558206,-0.003996901,0.0,0.0,0.99995494,0.009278951,-0.0019983633,1.854355e-05,0.0,0.0,-0.350051,0,0,0,0,0
62073071,0.016212702,-0.005653572,0.0,0.0,0.99996316,0.008106231,-0.002826689,2.2914637e-05,0.0,0.0,-0.34761903,0,0,0,0,0
62121099,0.010905719,-0.0066712243,0.0,0.0,0.99997956,0.0054528024,-0.0033355567,1.81885e-05,0.0,0.0,-0.34759724,0,0,0,0,0
62170615,0.014142728,-0.0062644794,0.0,0.0,0.9999701,0.0070712706,-0.0031321563,2.2148986e-05,0.0,0.0,-0.34795767,0,0,0,0,0
62220050,0.011479553,-0.005584132,0.0,0.0,0.9999796,0.0057397224,-0.0027920164,1.6025726e-05,0.0,0.0,-0.34905756,0,0,0,0,0
62268247,0.015922282,-0.0030955563,0.0,0.0,0.9999671,0.007961046,-0.0015477284,1.2321942e-05,0.0,0.0,-0.34871608,0,0,0,0,0
62317784,0.011554236,-0.008844352,0.0,0.0,0.99997354,0.0057770293,-0.0044220877,2.5547208e-05,0.0,0.0,-0.34710276,0,0,0,0,0
62367180,0.015347661,-0.0043001366,0.0,0.0,0.99996823,0.0076737376,-0.0021500033,1.6499085e-05,0.0,0.0,-0.3473996,0,0,0,0,0
62421404,0.008022643,-0.008563125,0.0,0.0,0.99998283,0.0040112734,-0.004281515,1.7174621e-05,0.0,0.0,-0.3452379,0,0,0,0,0
62470779,0.010164536,-0.0033174395,0.0,0.0,0.9999857,0.0050822385,-0.0016586976,8.430017e-06,0.0,0.0,-0.34826595,0,0,0,0,0
62518852,0.010126588,-0.004904552,0.0,0.0,0.9999842,0.005063257,-0.0024522422,1.2416529e-05,0.0,0.0,-0.34719098,0,0,0,0,0
62568346,0.008701936,-0.0038415121,0.0,0.0,0.9999887,0.0043509463,-0.0019207367,8.357117e-06,0.0,0.0,-0.34782055,0,0,0,0,0
62617912,0.007794003,-0.0045730597,0.0,0.0,0.9999898,0.003896982,-0.0022865108,8.910581e-06,0.0,0.0,-0.34728113,0,0,0,0,0
62675092,0.009152346,-0.006517647,0.0,0.0,0.9999842,0.004576133,-0.0032587838,1.4912862e-05,0.0,0.0,-0.34750503,0,0,0,0,0
62724672,0.010994515,-0.005050989,0.0,0.0,0.9999817,0.0054972125,-0.0025254537,1.3883208e-05,0.0,0.0,-0.346806,0,0,0,0,0
62760531,0.010926049,-0.0036473824,0.0,0.0,0.99998343,0.0054629873,-0.0018236628,9.962813e-06,0.0,0.0,-0.34697345,0,0,0,0,0
62817568,0.005061927,-0.0047973627,0.0,0.0,0.9999939,0.0025309534,-0.0023986713,6.0709617e-06,0.0,0.0,-0.34665924,0,0,0,0,0
62867302,0.010102717,-0.0028851684,0.0,0.0,0.9999862,0.0050513316,-0.0014425653,7.286977e-06,0.0,0.0,-0.3457087,0,0,0,0,0
62915305,0.0066168653,-0.0038714085,0.0,0.0,0.99999267,0.0033084203,-0.0019356924,6.4041305e-06,0.0,0.0,-0.34651732,0,0,0,0,0
62964907,0.013017437,-0.002252011,0.0,0.0,0.9999782,0.0065086684,-0.0011259814,7.3288e-06,0.0,0.0,-0.34583285,0,0,0,0,0
63024811,0.00884592,-0.0036799395,0.0,0.0,0.9999885,0.004422938,-0.0018399508,8.13808e-06,0.0,0.0,-0.34585294,0,0,0,0,0
63068329,0.014413087,-0.0031153406,0.0,0.0,0.9999728,0.007206472,-0.0015576291,1.1225316e-05,0.0,0.0,-0.34499106,0,0,0,0,0
63117857,0.010709563,-0.005369919,0.0,0.0,0.99998206,0.0053547374,-0.0026849182,1.4377287e-05,0.0,0.0,-0.34571484,0,0,0,0,0
63167440,0.017684873,-0.0063433894,0.0,0.0,0.9999559,0.008842277,-0.0031715655,2.8045097e-05,0.0,0.0,-0.34652323,0,0,0,0,0
63220024,0.022282843,-0.0026074618,0.0,0.0,0.9999371,0.011141182,-0.0013036496,1.452511e-05,0.0,0.0,-0.3467944,0,0,0,0,0
63274142,0.017251018,-0.00618289,0.0,0.0,0.99995804,0.008625361,-0.0030913248,2.6664911e-05,0.0,0.0,-0.3470812,0,0,0,0,0
63322020,0.016497757,-0.004406654,0.0,0.0,0.9999636,0.008248766,-0.00220325,1.8174756e-05,0.0,0.0,-0.34840494,0,0,0,0,0
63371558,0.015983772,-0.005959778,0.0,0.0,0.9999636,0.007991766,-0.0029797896,2.3814646e-05,0.0,0.0,-0.3477719,0,0,0,0,0
63418172,0.011251633,-0.0024662544,0.0,0.0,0.99998343,0.0056257825,-0.0012331074,6.9373086e-06,0.0,0.0,-0.34875256,0,0,0,0,0
63470658,0.013916225,-0.00691843,0.0,0.0,0.99996984,0.0069580143,-0.003459124,2.406936e-05,0.0,0.0,-0.34802115,0,0,0,0,0
63520260,0.02051039,-0.0027675207,0.0,0.0,0.9999465,0.010255004,-0.0013836871,1.4190478e-05,0.0,0.0,-0.34678864,0,0,0,0,0
63572795,0.021667337,-0.006338307,0.0,0.0,0.9999363,0.010833403,-0.0031689627,3.4332836e-05,0.0,0.0,-0.34674448,0,0,0,0,0
63622436,0.01991393,-0.0059656748,0.0,0.0,0.99994594,0.009956758,-0.0029826856,2.9699479e-05,0.0,0.0,-0.34656933,0,0,0,0,0
63672002,0.014833044,0.0011123769,0.0,0.0,0.99997234,0.0074164523,0.00055617315,-4.124946e-06,0.0,0.0,-0.34843472,0,0,0,0,0
63721400,0.010697404,-0.0021302127,0.0,0.0,0.9999851,0.0053486726,-0.0010650908,5.6969075e-06,0.0,0.0,-0.347416,0,0,0,0,0
63770928,0.013262832,0.0011158065,0.0,0.0,0.9999779,0.0066313664,0.00055789103,-3.6996612e-06,0.0,0.0,-0.34739494,0,0,0,0,0
63820660,0.016855069,0.0013332439,0.0,0.0,0.9999643,0.008427433,0.0006665983,-5.6179124e-06,0.0,0.0,-0.3468711,0,0,0,0,0
63868668,0.018432774,0.0017911195,0.0,0.0,0.99995714,0.009216254,0.0008955216,-8.253707e-06,0.0,0.0,-0.34692565,0,0,0,0,0
63918119,0.019245196,0.0012985764,0.0,0.0,0.9999535,0.009622447,0.0006492581,-6.247743e-06,0.0,0.0,-0.34686086,0,0,0,0,0
63967614,0.011656486,0.001156666,0.0,0.0,0.99998283,0.005828209,0.0005783232,-3.3706458e-06,0.0,0.0,-0.34792554,0,0,0,0,0
64021666,0.009504906,0.0019880158,0.0,0.0,0.99998826,0.004752432,0.0009939965,-4.723957e-06,0.0,0.0,-0.34770456,0,0,0,0,0
64071220,0.006600585,0.00073476596,0.0,0.0,0.9999945,0.0033002864,0.00036738094,-1.212469e-06,0.0,0.0,-0.34641954,0,0,0,0,0
64119253,0.012215896,0.00180074,0.0,0.0,0.9999809,0.0061079077,0.00090035313,-5.4993784e-06,0.0,0.0,-0.34706938,0,0,0,0,0
64168915,0.016747305,-0.0011598888,0.0,0.0,0.9999648,0.008373554,-0.0005799241,4.856196e-06,0.0,0.0,-0.34568936,0,0,0,0,0
64218389,0.018034874,0.00027261296,0.0,0.0,0.99995935,0.009017315,0.00013630094,-1.2291183e-06,0.0,0.0,-0.34584147,0,0,0,0,0
64275523,0.0143781165,-0.00090375217,0.0,0.0,0.9999741,0.0071889963,-0.0004518644,3.2485357e-06,0.0,0.0,-0.3461677,0,0,0,0,0
64311429,0.012321081,0.00094870024,0.0,0.0,0.9999809,0.006160501,0.0004743411,-2.9222347e-06,0.0,0.0,-0.34654903,0,0,0,0,0
64365477,0.009750273,-0.0002488845,0.0,0.0,0.99998814,0.0048751174,-0.00012444076,6.0667054e-07,0.0,0.0,-0.34701627,0,0,0,0,0
64422518,0.018949587,-0.0003185145,0.0,0.0,0.99995506,0.009474653,-0.00015925012,1.5089072e-06,0.0,0.0,-0.34640568,0,0,0,0,0
64467560,0.015572649,-0.0012325059,0.0,0.0,0.9999695,0.007786244,-0.0006162342,4.7982962e-06,0.0,0.0,-0.34592706,0,0,0,0,0
64515606,0.015441917,-0.00096140295,0.0,0.0,0.9999701,0.0077208807,-0.00048068713,3.711439e-06,0.0,0.0,-0.34493843,0,0,0,0,0
64565160,0.018446796,0.000260607,0.0,0.0,0.99995744,0.0092232665,0.00013029795,-1.2018239e-06,0.0,0.0,-0.34641716,0,0,0,0,0
64625341,0.006594076,0.0017349409,0.0,0.0,0.9999942,0.0032970307,0.0008674657,-2.8600773e-06,0.0,0.0,-0.34635392,0,0,0,0,0
64673258,0.003613464,0.0021134545,0.0,0.0,0.9999978,0.0018067302,0.0010567254,-1.9092217e-06,0.0,0.0,-0.3467723,0,0,0,0,0
64722925,0.009692455,0.003163555,0.0,0.0,0.999987,0.0048462017,0.0015817581,-7.665619e-06,0.0,0.0,-0.3455934,0,0,0,0,0
64766513,0.009401559,0.0018766666,0.0,0.0,0.9999885,0.00470076,0.00093832286,-4.4108806e-06,0.0,0.0,-0.3462245,0,0,0,0,0
64816019,0.010629078,0.0024240017,0.0,0.0,0.99998516,0.0053145103,0.0012119835,-6.4411943e-06,0.0,0.0,-0.34585795,0,0,0,0,0
64865458,0.018755417,0.0044790315,0.0,0.0,0.9999535,0.0093775485,0.0022394154,-2.1001202e-05,0.0,0.0,-0.34618375,0,0,0,0,0
64922469,0.012858116,0.0051921094,0.0,0.0,0.999976,0.0064289924,0.002595998,-1.6690054e-05,0.0,0.0,-0.34661838,0,0,0,0,0
64973514,0.011867109,0.0021468832,0.0,0.0,0.9999818,0.0059335157,0.0010734224,-6.3692846e-06,0.0,0.0,-0.34653258,0,0,0,0,0
65023184,0.01300922,0.0024738554,0.0,0.0,0.99997807,0.006504559,0.0012369013,-8.045673e-06,0.0,0.0,-0.34770676,0,0,0,0,0
65071102,0.01773676,0.0012954188,0.0,0.0,0.9999605,0.008868263,0.00064768386,-5.7440575e-06,0.0,0.0,-0.34734726,0,0,0,0,0
65120648,0.01933535,0.0010901816,0.0,0.0,0.9999531,0.009667525,0.0005450654,-5.269679e-06,0.0,0.0,-0.347586,0,0,0,0,0
65173183,0.024752842,0.0030989393,0.0,0.0,0.99992216,0.0123760905,0.0015493506,-1.9176396e-05,0.0,0.0,-0.34746197,0,0,0,0,0
65222879,0.022630181,0.003438717,0.0,0.0,0.9999345,0.011314833,0.0017192475,-1.9454272e-05,0.0,0.0,-0.34762853,0,0,0,0,0
65272412,0.02130604,0.00085686176,0.0,0.0,0.99994314,0.010652818,0.00042840658,-4.5639968e-06,0.0,0.0,-0.34679306,0,0,0,0,0
65320318,0.020362562,0.0020110228,0.0,0.0,0.99994767,0.010181099,0.0010054591,-1.0237215e-05,0.0,0.0,-0.34809604,0,0,0,0,0
65369863,0.024887845,-0.001932689,0.0,0.0,0.9999221,0.0124435965,-0.00096626964,1.2024805e-05,0.0,0.0,-0.34634697,0,0,0,0,0
65416590,0.025825491,-0.0030979135,0.0,0.0,0.9999154,0.012912371,-0.0015488272,2.0000723e-05,0.0,0.0,-0.34716013,0,0,0,0,0
65469110,0.027373161,-0.004185392,0.0,0.0,0.99990416,0.013686123,-0.0020924986,2.8640938e-05,0.0,0.0,-0.34759596,0,0,0,0,0
65518506,0.029248457,-0.0035770934,0.0,0.0,0.99989146,0.014623684,-0.0017883545,2.6155169e-05,0.0,0.0,-0.3483297,0,0,0,0,0
65568182,0.02120922,-0.0020336576,0.0,0.0,0.99994326,0.010604406,-0.0010167715,1.078287e-05,0.0,0.0,-0.34924972,0,0,0,0,0
65620601,0.02161513,-0.0030078923,0.0,0.0,0.99994045,0.010807345,-0.0015038579,1.6253678e-05,0.0,0.0,-0.3480178,0,0,0,0,0
65670158,0.025324853,-0.000792588,0.0,0.0,0.9999197,0.0126620885,-0.00039626227,5.0179106e-06,0.0,0.0,-0.34767175,0,0,0,0,0
65713860,0.023151144,-0.0023193276,0.0,0.0,0.99993235,0.011575306,-0.0011595858,1.3423469e-05,0.0,0.0,-0.3461739,0,0,0,0,0
65763228,0.02936876,0.00013065226,0.0,0.0,0.9998922,0.014683855,6.531909e-05,-9.592394e-07,0.0,0.0,-0.3480554,0,0,0,0,0
65812906,0.027275093,-0.001854708,0.0,0.0,0.9999066,0.013637118,-0.00092726765,1.2646439e-05,0.0,0.0,-0.34736648,0,0,0,0,0
65869865,0.025889564,-0.00044839914,0.0,0.0,0.9999162,0.012944421,-0.00022418077,2.9021337e-06,0.0,0.0,-0.34708533,0,0,0,0,0
65919484,0.024631687,0.0044319793,0.0,0.0,0.9999217,0.012315501,0.0022158197,-2.7291067e-05,0.0,0.0,-0.34817296,0,0,0,0,0
65967580,0.02323512,0.003836537,0.0,0.0,0.9999307,0.011617278,0.001918138,-2.2285085e-05,0.0,0.0,-0.34867424,0,0,0,0,0
66022947,0.030248351,0.0030950624,0.0,0.0,0.9998844,0.015123582,0.0015473537,-2.3404235e-05,0.0,0.0,-0.34950626,0,0,0,0,0
66072685,0.033229843,0.00048378413,0.0,0.0,0.99986196,0.016614156,0.00024185865,-4.0188324e-06,0.0,0.0,-0.34755138,0,0,0,0,0
66116049,0.032018308,-0.001144048,0.0,0.0,0.99987173,0.016008466,-0.0005719506,9.1572265e-06,0.0,0.0,-0.34823838,0,0,0,0,0
66165733,0.0319744,0.0052663814,0.0,0.0,0.99986875,0.015986461,0.0026328512,-4.2095504e-05,0.0,0.0,-0.34841025,0,0,0,0,0
66224141,0.027676374,-0.0009064823,0.0,0.0,0.99990416,0.013837743,-0.00045319772,6.271835e-06,0.0,0.0,-0.34685308,0,0,0,0,0
66273839,0.026797572,0.0032654612,0.0,0.0,0.9999089,0.013398367,0.0016325832,-2.1875941e-05,0.0,0.0,-0.3487126,0,0,0,0,0
66317207,0.027642727,0.0022513967,0.0,0.0,0.99990386,0.0138209155,0.0011255906,-1.5558187e-05,0.0,0.0,-0.3475195,0,0,0,0,0
66366901,0.032085594,-0.000307158,0.0,0.0,0.9998713,0.01604211,-0.00015355925,2.463731e-06,0.0,0.0,-0.34697318,0,0,0,0,0
66416306,0.036170937,0.003259642,0.0,0.0,0.99983513,0.018084459,0.0016295537,-2.9474457e-05,0.0,0.0,-0.34847215,0,0,0,0,0
66465845,0.037735224,0.00238004,0.0,0.0,0.9998213,0.01886648,0.0011898079,-2.2451499e-05,0.0,0.0,-0.34787145,0,0,0,0,0
66524552,0.03504531,0.0008016103,0.0,0.0,0.9998464,0.017521756,0.00040074362,-7.022811e-06,0.0,0.0,-0.34816292,0,0,0,0,0
66574096,0.031863075,0.0017657473,0.0,0.0,0.9998727,0.015930856,0.0008827615,-1.4064937e-05,0.0,0.0,-0.3471495,0,0,0,0,0
66623488,0.03947881,0.0026172362,0.0,0.0,0.9998043,0.019738104,0.0013083627,-2.5829655e-05,0.0,0.0,-0.34773424,0,0,0,0,0
66665729,0.03845513,-0.0012684956,0.0,0.0,0.999815,0.01922637,-0.0006341304,1.2194285e-05,0.0,0.0,-0.34667966,0,0,0,0,0
66715072,0.042828333,0.0019049324,0.0,0.0,0.99977034,0.021412518,0.00095224765,-2.0394707e-05,0.0,0.0,-0.3481099,0,0,0,0,0
66773637,0.043429267,0.0007503935,0.0,0.0,0.99976414,0.021712925,0.00037510833,-8.1466205e-06,0.0,0.0,-0.34762803,0,0,0,0,0
66823258,0.03575764,0.0012641146,0.0,0.0,0.99983996,0.017877862,0.00063195627,-1.1299836e-05,0.0,0.0,-0.34819975,0,0,0,0,0
66871211,0.038097464,0.00011224355,0.0,0.0,0.99981856,0.019047583,5.6111596e-05,-1.0689841e-06,0.0,0.0,-0.347442,0,0,0,0,0
66920798,0.037130132,0.0030969442,0.0,0.0,0.99982643,0.018563978,0.0015482047,-2.8745824e-05,0.0,0.0,-0.3472454,0,0,0,0,0
66970301,0.046575144,-0.0014796122,0.0,0.0,0.99972856,0.023285463,-0.0007396055,1.7226732e-05,0.0,0.0,-0.34560615,0,0,0,0,0
67013850,0.042204347,0.0005319726,0.0,0.0,0.9997774,0.021100603,0.00026592705,-5.6124723e-06,0.0,0.0,-0.3471003,0,0,0,0,0
67063420,0.04540467,0.00050660624,0.0,0.0,0.99974227,0.022700388,0.00025323787,-5.7500793e-06,0.0,0.0,-0.3478665,0,0,0,0,0
67112933,0.045715325,-0.004393742,0.0,0.0,0.9997363,0.02285562,-0.0021962957,5.0210932e-05,0.0,0.0,-0.3466054,0,0,0,0,0
67171492,0.035690296,-0.0027790903,0.0,0.0,0.99983984,0.017844187,-0.0013893235,2.479532e-05,0.0,0.0,-0.34781447,0,0,0,0,0
67221208,0.036741365,-0.001803289,0.0,0.0,0.99983084,0.01836964,-0.0009014922,1.656289e-05,0.0,0.0,-0.3472457,0,0,0,0,0
67270592,0.036768615,-0.0008774492,0.0,0.0,0.9998309,0.01838327,-0.00043865046,8.0651935e-06,0.0,0.0,-0.3478476,0,0,0,0,0
67314203,0.03617072,-0.0028313294,0.0,0.0,0.99983543,0.018084358,-0.0014154328,2.5601405e-05,0.0,0.0,-0.3472739,0,0,0,0,0
67363862,0.038957927,-0.0038624883,0.0,0.0,0.99980843,0.019477695,-0.0019308765,3.761623e-05,0.0,0.0,-0.3459874,0,0,0,0,0
67425197,0.038086202,-0.0019324445,0.0,0.0,0.9998182,0.01904194,-0.00096604694,1.8398752e-05,0.0,0.0,-0.34564987,0,0,0,0,0
67461427,0.040727552,-0.005333837,0.0,0.0,0.9997891,0.020362297,-0.0026663623,5.4304717e-05,0.0,0.0,-0.34567693,0,0,0,0,0
67521492,0.03063267,-0.0019861413,0.0,0.0,0.9998822,0.015315729,-0.0009929539,1.52096045e-05,0.0,0.0,-0.34543604,0,0,0,0,0
67574027,0.03287868,0.00028171687,0.0,0.0,0.9998649,0.016438602,0.0001408394,-2.3155155e-06,0.0,0.0,-0.34585616,0,0,0,0,0
67623379,0.040080365,-0.0009167086,0.0,0.0,0.9997991,0.02003884,-0.00045826228,9.18489e-06,0.0,0.0,-0.34544033,0,0,0,0,0
67667055,0.03778693,-0.0036996405,0.0,0.0,0.9998198,0.018892309,-0.0018494892,3.4947414e-05,0.0,0.0,-0.34564617,0,0,0,0,0
67711961,0.0359735,-0.002687193,0.0,0.0,0.99983734,0.017985763,-0.0013433787,2.416562e-05,0.0,0.0,-0.34509537,0,0,0,0,0
67775006,0.033862796,-0.0026928096,0.0,0.0,0.99985576,0.016930575,-0.0013462114,2.279542e-05,0.0,0.0,-0.34555683,0,0,0,0,0
67823187,0.035292026,-0.0024138691,0.0,0.0,0.9998436,0.017645083,-0.0012067463,2.1296473e-05,0.0,0.0,-0.34605074,0,0,0,0,0
67869643,0.030371297,-0.0025096873,0.0,0.0,0.9998839,0.0151850525,-0.0012546986,1.9054878e-05,0.0,0.0,-0.3454931,0,0,0,0,0
67919340,0.032614063,-0.0007739229,0.0,0.0,0.99986696,0.016306309,-0.00038691,6.309913e-06,0.0,0.0,-0.34503612,0,0,0,0,0
67971734,0.04255653,-0.004504174,0.0,0.0,0.9997711,0.021276606,-0.002251575,4.791685e-05,0.0,0.0,-0.34470838,0,0,0,0,0
68021362,0.04072573,-0.0038726456,0.0,0.0,0.9997908,0.02036142,-0.00193592,3.942633e-05,0.0,0.0,-0.34489822,0,0,0,0,0
68064772,0.04123908,0.00031592036,0.0,0.0,0.99978745,0.020618077,0.00015792658,-3.2568353e-06,0.0,0.0,-0.34535968,0,0,0,0,0
68123316,0.0395558,-0.002475924,0.0,0.0,0.99980366,0.019776592,-0.0012377196,2.4482682e-05,0.0,0.0,-0.34462768,0,0,0,0,0
68172867,0.04010479,-0.0032516373,0.0,0.0,0.99979764,0.020051027,-0.0016254911,3.259936e-05,0.0,0.0,-0.34526032,0,0,0,0,0
68222538,0.03593854,-0.0010712557,0.0,0.0,0.9998384,0.0179683,-0.00053554133,9.624323e-06,0.0,0.0,-0.34649846,0,0,0,0,0
68272130,0.04281342,-0.0021879773,0.0,0.0,0.9997703,0.021405062,-0.0010937378,2.3416906e-05,0.0,0.0,-0.3462331,0,0,0,0,0
68321494,0.038635008,-0.0042749597,0.0,0.0,0.9998112,0.019316256,-0.0021370791,4.128817e-05,0.0,0.0,-0.3468683,0,0,0,0,0
68371054,0.046078607,-0.0051254784,0.0,0.0,0.9997313,0.023037191,-0.0025620565,5.9038444e-05,0.0,0.0,-0.34763184,0,0,0,0,0
68419081,0.042549618,-0.005504787,0.0,0.0,0.9997699,0.021273123,-0.002751767,5.8552156e-05,0.0,0.0,-0.34776768,0,0,0,0,0
68468780,0.036957398,-0.0057455306,0.0,0.0,0.9998251,0.018477572,-0.0028722708,5.3081872e-05,0.0,0.0,-0.34788144,0,0,0,0,0
68518295,0.038098723,-0.0011085198,0.0,0.0,0.9998184,0.019048207,-0.00055415934,1.0557659e-05,0.0,0.0,-0.34753183,0,0,0,0,0
68572335,0.039637845,-0.0076838997,0.0,0.0,0.9997962,0.019817479,-0.003841186,7.6138145e-05,0.0,0.0,-0.347999,0,0,0,0,0
68621790,0.013437514,-0.0011091504,-0.045477062,0.7853982,0.99971884,0.00670436,-0.00070717966,-0.02273233,0.0,0.0,-0.3440797,0,0,0,0,0
68669864,0.018839968,-0.0025977343,-0.012361533,0.7853982,0.99993575,0.00941163,-0.0013570058,-0.0061682127,0.0,0.0,-0.33588746,0,0,0,0,0
68719346,0.040871177,-0.002470925,0.005149583,0.13653669,0.9997871,0.020437263,-0.0011825864,0.0025994943,0.0,0.0,-0.33069223,0,0,0,0,0
68768900,0.047586344,-0.0046079517,0.005149583,0.0,0.9997108,0.023796717,-0.0022420578,0.0026288668,0.0,0.0,-0.3187148,0,0,0,0,0
68817072,0.046808694,-0.0054672775,0.0051495824,0.0,0.9997189,0.023409082,-0.0026726222,0.0026380469,0.0,0.0,-0.31054163,0,0,0,0,0
68866651,0.04307246,-0.0020009123,0.005149583,0.0,0.9997642,0.021537058,-0.00094477367,0.0025957343,0.0,0.0,-0.30328092,0,0,0,0,0
68916023,0.04345898,-0.0016949376,0.0051495824,0.0,0.9997602,0.02172988,-0.0007913214,0.0025925934,0.0,0.0,-0.298017,0,0,0,0,0
68970331,0.03357074,-0.0021282365,0.0051495824,0.0,0.9998552,0.016787255,-0.0010207479,0.0025922852,0.0,0.0,-0.28621706,0,0,0,0,0
69019766,0.03779274,-0.001584782,0.0051495824,0.0,0.9998178,0.018897215,-0.00074359553,0.0025893005,0.0,0.0,-0.28800315,0,0,0,0,0
69067711,0.047392745,-0.004118192,0.0051495824,0.0,0.9997137,0.023699325,-0.0019975023,0.0026228486,0.0,0.0,-0.28957668,0,0,0,0,0
69117236,0.055513542,-0.0026544272,0.005149583,0.0,0.9996105,0.02775651,-0.0012552391,0.002610629,0.0,0.0,-0.30181304,0,0,0,0,0
69166745,0.056653216,-0.004766018,0.005149583,0.0,0.99959254,0.028328773,-0.0023091175,0.0026412415,0.0,0.0,-0.31307042,0,0,0,0,0
69214937,0.05204978,-0.0023148523,0.0051495824,0.0,0.99965733,0.026024824,-0.001090029,0.002604033,0.0,0.0,-0.3239918,0,0,0,0,0
69264515,0.047684755,-0.0067986567,0.005149583,0.0,0.99970645,0.023848651,-0.0033369616,0.0026550817,0.0,0.0,-0.33263168,0,0,0,0,0
69324550,0.05476341,-0.011081638,0.005149583,0.0,0.99960613,0.027392033,-0.0054682023,0.0027254806,0.0,0.0,-0.3385651,0,0,0,0,0
69368219,0.052246645,-0.013082429,0.005149583,0.0,0.9996336,0.026136544,-0.0064716623,0.0027447122,0.0,0.0,-0.34635985,0,0,0,0,0
69417461,0.045941133,-0.0007097493,0.005149583,0.0,0.9997328,0.022969382,-0.00029564067,0.0025822597,0.0,0.0,-0.35428146,0,0,0,0,0
69467239,0.0537179,-0.0034817208,0.005149583,0.0,0.9996344,0.026860073,-0.0016710781,0.0026206078,0.0,0.0,-0.36178222,0,0,0,0,0
69515200,0.048617788,-0.00508732,0.0051495824,0.0,0.99969786,0.024312885,-0.0024803132,0.0026358466,0.0,0.0,-0.3678383,0,0,0,0,0
69564626,0.045160957,-0.007871603,0.0051495824,0.0,0.9997338,0.022588443,-0.0038766407,0.0026629765,0.0,0.0,-0.3586151,0,0,0,0,0
69614262,0.042454682,-0.0063753487,0.005149583,0.0,0.9997662,0.021233775,-0.0031322886,0.0026418555,0.0,0.0,-0.3556386,0,0,0,0,0
69672686,0.042295665,-0.0063754483,0.0051495824,0.0,0.99976784,0.021154283,-0.0031325484,0.0026416078,0.0,0.0,-0.3531847,0,0,0,0,0
69722261,0.04453624,-0.007513958,0.005149583,0.0,0.9997415,0.022275718,-0.0036986955,0.0026577855,0.0,0.0,-0.3497587,0,0,0,0,0
69771908,0.045681562,-0.007430345,0.0051495824,0.0,0.99972874,0.022848124,-0.003655378,0.0026589488,0.0,0.0,-0.34920162,0,0,0,0,0
69815317,0.041321076,-0.006760433,0.005149583,0.0,0.9997774,0.020667585,-0.003326285,0.0026440565,0.0,0.0,-0.34777802,0,0,0,0,0
69864902,0.04226939,-0.009068892,0.0051495824,0.0,0.99976283,0.021144504,-0.0044789906,0.0026700133,0.0,0.0,-0.34441897,0,0,0,0,0
69913049,0.040167794,-0.005843443,0.0051495824,0.0,0.99979055,0.020089919,-0.0028694104,0.0026329332,0.0,0.0,-0.3435429,0,0,0,0,0
69962478,0.034403354,-0.007748161,0.005149583,0.0,0.99984103,0.017210616,-0.0038291968,0.0026410255,0.0,0.0,-0.34041125,0,0,0,0,0
70025683,0.03433948,-0.007187729,0.0051495824,0.0,0.99984264,0.01717798,-0.003549109,0.0026360946,0.0,0.0,-0.33723947,0,0,0,0,0
70073728,0.038406063,-0.009229945,0.0051495824,0.0,0.99980146,0.019213464,-0.0045646494,0.002662902,0.0,0.0,-0.33597848,0,0,0,0,0
70117076,0.03853393,-0.009600515,0.005149583,0.0,0.9997994,0.019277845,-0.0047497274,0.0026667607,0.0,0.0,-0.33198482,0,0,0,0,0
70166768,0.046404377,-0.011143233,0.005149583,0.0,0.9997117,0.02321401,-0.0055103344,0.0027033165,0.0,0.0,-0.32517555,0,0,0,0,0
70225221,0.051832534,-0.011737447,0.005149583,0.0,0.99964327,0.025927939,-0.00579998,0.0027259567,0.0,0.0,-0.31593385,0,0,0,0,0
70268794,0.049491238,-0.009368102,0.0051495824,0.0,0.99967927,0.024754792,-0.004618876,0.002689869,0.0,0.0,-0.30920547,0,0,0,0,0
70318243,0.042843256,-0.007093347,0.0051495824,0.0,0.9997608,0.021428913,-0.0034906887,0.002650151,0.0,0.0,-0.29920134,0,0,0,0,0
70372307,0.04690973,0.0009806158,0.005149583,0.0,0.9997215,0.023451375,0.0005505573,0.0025625813,0.0,0.0,-0.27964324,0,0,0,0,0
70425026,0.06319604,-0.003282688,0.0051495824,0.0,0.99949604,0.031596843,-0.0015591739,0.002625354,0.0,0.0,-0.18882087,0,0,0,0,0
70461119,0.058843996,-0.008505816,0.0051495824,0.0,0.9995545,0.029428339,-0.0041752965,0.002698761,0.0,0.0,-0.19622728,0,0,0,0,0
70517918,0.06167884,-0.00995357,0.0051495824,0.0,0.9995084,0.03084686,-0.0048949905,0.002726988,0.0,0.0,-0.21052215,0,0,0,0,0
70573486,0.052969236,-0.009182083,0.0051495824,0.0,0.99963516,0.026492972,-0.0045212167,0.0026954354,0.0,0.0,-0.2204437,0,0,0,0,0
70621600,0.066112034,-0.003697029,0.005149583,0.0,0.99944854,0.033054594,-0.001762401,0.0026344713,0.0,0.0,-0.16000631,0,0,0,0,0
70671078,0.060451113,-0.006967942,0.005149583,0.0,0.9995336,0.030229636,-0.0034045486,0.0026788854,0.0,0.0,-0.17397043,0,0,0,0,0
70723641,0.04663421,-0.0018662784,0.0051495824,0.0,0.9997244,0.023317307,-0.00087285123,0.0025958435,0.0,0.0,-0.14204109,0,0,0,0,0
70773160,0.033040848,0.0019842705,0.0051495824,0.0,0.9998598,0.016517054,0.001034531,0.002558046,0.0,0.0,-0.15752101,0,0,0,0,0
70822862,0.02351739,-0.024638636,0.005149583,0.0,0.9998513,0.01178921,-0.012287842,0.002719267,0.0,0.0,-0.14303972,0,0,0,0,0
70870906,0.036937844,0.011002878,0.005149583,0.0,0.9998113,0.018453365,0.0055480045,0.0024727115,0.0,0.0,-0.14101198,0,0,0,0,0
70920305,0.04561947,-0.008862571,0.0051495824,0.0,0.9997265,0.022818862,-0.0043713786,0.0026751605,0.0,0.0,-0.12995616,0,0,0,0,0
70967082,0.0,0.0,0.010070174,0.0,0.99998736,0.0,0.0,0.0050350665,0.0,0.0,-0.12,0,0,0,0,0
71019551,0.0,0.0,0.008366001,0.0,0.99999124,0.0,0.0,0.004182989,0.0,0.0,-0.12,0,0,0,0,0
71069059,0.0,0.0,0.010805841,0.0,0.9999854,0.0,0.0,0.0054028947,0.0,0.0,-0.12,0,0,0,0,0
71121617,0.0,0.0,0.008341837,0.0,0.9999913,0.0,0.0,0.0041709067,0.0,0.0,-0.12,0,0,0,0,0
71171037,0.0,0.0,0.010038294,0.0,0.9999874,0.0,0.0,0.005019126,0.0,0.0,-0.12,0,0,0,0,0
71220699,0.0,0.0,0.009809871,0.0,0.99998796,0.0,0.0,0.004904916,0.0,0.0,-0.12,0,0,0,0,0
71274639,0.0,0.0,0.0075951405,0.0,0.9999928,0.0,0.0,0.0037975614,0.0,0.0,-0.12,0,0,0,0,0
71324201,0.0,0.0,0.010240092,0.0,0.9999869,0.0,0.0,0.005120024,0.0,0.0,-0.12,0,0,0,0,0
71364934,0.0,0.0,0.006961404,0.0,0.999994,0.0,0.0,0.0034806952,0.0,0.0,-0.12,0,0,0,0,0
71417256,0.0,0.0,0.010988049,0.0,0.9999849,0.0,0.0,0.0054939976,0.0,0.0,-0.12,0,0,0,0,0
71466912,0.0,0.0,0.008261931,0.0,0.9999915,0.0,0.0,0.0041309544,0.0,0.0,-0.12,0,0,0,0,0
71519443,0.0,0.0,0.009695988,0.0,0.99998826,0.0,0.0,0.004847976,0.0,0.0,-0.12,0,0,0,0,0
71569022,0.0,0.0,0.009460804,0.0,0.9999888,0.0,0.0,0.0047303843,0.0,0.0,-0.12,0,0,0,0,0
71624456,0.0,0.0,0.008645874,0.0,0.99999064,0.0,0.0,0.0043229237,0.0,0.0,-0.12,0,0,0,0,0
71667981,0.0,0.0,0.009245891,0.0,0.99998933,0.0,0.0,0.0046229297,0.0,0.0,-0.001,0,0,0,0,0
71717658,0.0,0.0,0.008270862,0.0,0.9999914,0.0,0.0,0.004135419,0.0,0.0,-0.001,0,0,0,0,0
71767172,0.0,0.0,0.008406795,0.0,0.9999912,0.0,0.0,0.004203385,0.0,0.0,-0.001,0,0,0,0,0
71815252,0.0,0.0,0.00848872,0.0,0.999991,0.0,0.0,0.004244348,0.0,0.0,-0.001,0,0,0,0,0
71864708,0.0,0.0,0.008410936,0.0,0.9999912,0.0,0.0,0.004205456,0.0,0.0,-0.001,0,0,0,0,0
71917284,0.0,0.0,0.008329209,0.0,0.9999913,0.0,0.0,0.004164593,0.0,0.0,-0.001,0,0,0,0,0
71972758,0.0,0.0,0.008358253,0.0,0.99999124,0.0,0.0,0.004179115,0.0,0.0,-0.001,0,0,0,0,0
72022298,0.0,0.0,0.008302111,0.0,0.99999136,0.0,0.0,0.0041510444,0.0,0.0,-0.001,0,0,0,0,0
72073299,0.0,0.0,0.008276877,0.0,0.9999915,0.0,0.0,0.004138427,0.0,0.0,-0.001,0,0,0,0,0
72121510,0.0,0.0,0.008273907,0.0,0.9999914,0.0,0.0,0.004136942,0.0,0.0,-0.001,0,0,0,0,0
72171062,0.0,0.0,0.008204647,0.0,0.9999916,0.0,0.0,0.004102313,0.0,0.0,-0.001,0,0,0,0,0
72217452,0.0,0.0,0.008238015,0.0,0.99999154,0.0,0.0,0.0041189957,0.0,0.0,-0.001,0,0,0,0,0
72269988,0.0,0.0,0.008270038,0.0,0.9999915,0.0,0.0,0.0041350075,0.0,0.0,-0.001,0,0,0,0,0
72319513,0.0,0.0,0.008173956,0.0,0.99999166,0.0,0.0,0.004086966,0.0,0.0,-0.001,0,0,0,0,0
72372073,0.0,0.0,0.008124455,0.0,0.9999918,0.0,0.0,0.0040622167,0.0,0.0,-0.001,0,0,0,0,0
72421644,0.0,0.0,0.008090193,0.0,0.99999183,0.0,0.0,0.004045086,0.0,0.0,-0.001,0,0,0,0,0
72471196,0.0,0.0,0.008096476,0.0,0.9999918,0.0,0.0,0.0040482273,0.0,0.0,-0.001,0,0,0,0,0
72519328,0.0,0.0,0.008121514,0.0,0.9999918,0.0,0.0,0.004060746,0.0,0.0,-0.001,0,0,0,0,0
72565878,0.0,0.0,0.008167031,0.0,0.99999166,0.0,0.0,0.0040835044,0.0,0.0,-0.001,0,0,0,0,0
72615333,0.0,0.0,0.008238755,0.0,0.99999154,0.0,0.0,0.004119366,0.0,0.0,-0.001,0,0,0,0,0
72667967,0.0,0.0,0.008172727,0.0,0.99999166,0.0,0.0,0.004086352,0.0,0.0,-0.001,0,0,0,0,0
72717502,0.0,0.0,0.008140608,0.0,0.9999917,0.0,0.0,0.0040702927,0.0,0.0,-0.001,0,0,0,0,0
72769919,0.0,0.0,0.008078087,0.0,0.99999183,0.0,0.0,0.004039033,0.0,0.0,-0.001,0,0,0,0,0
72825505,0.0,0.0,0.008049906,0.0,0.9999919,0.0,0.0,0.004024943,0.0,0.0,-0.001,0,0,0,0,0
72869177,0.0,0.0,0.008183025,0.0,0.99999166,0.0,0.0,0.0040915012,0.0,0.0,-0.001,0,0,0,0,0
72923102,0.0,0.0,0.008174533,0.0,0.99999166,0.0,0.0,0.004087256,0.0,0.0,-0.001,0,0,0,0,0
72972609,0.0,0.0,0.0081589315,0.0,0.99999166,0.0,0.0,0.0040794546,0.0,0.0,-0.001,0,0,0,0,0
73022180,0.0,0.0,0.008118316,0.0,0.9999918,0.0,0.0,0.004059147,0.0,0.0,-0.001,0,0,0,0,0
73065857,0.0,0.0,0.008099919,0.0,0.9999918,0.0,0.0,0.004049949,0.0,0.0,-0.001,0,0,0,0,0
73115256,0.0,0.0,0.008081346,0.0,0.99999183,0.0,0.0,0.004040662,0.0,0.0,-0.001,0,0,0,0,0
73173828,0.0,0.0,0.008128762,0.0,0.9999917,0.0,0.0,0.0040643704,0.0,0.0,-0.001,0,0,0,0,0
73223506,0.0,0.0,0.008129313,0.0,0.9999917,0.0,0.0,0.0040646456,0.0,0.0,-0.001,0,0,0,0,0
73272869,0.0,0.0,0.008073021,0.0,0.9999919,0.0,0.0,0.004036499,0.0,0.0,-0.001,0,0,0,0,0
73322451,0.0,0.0,0.008089726,0.0,0.99999183,0.0,0.0,0.0040448518,0.0,0.0,-0.001,0,0,0,0,0
73365983,0.0,0.0,0.008146052,0.0,0.9999917,0.0,0.0,0.0040730154,0.0,0.0,-0.001,0,0,0,0,0
73415493,0.0,0.0,0.008134022,0.0,0.9999917,0.0,0.0,0.0040670005,0.0,0.0,-0.001,0,0,0,0,0
73465224,0.0,0.0,0.008087909,0.0,0.99999183,0.0,0.0,0.0040439437,0.0,0.0,-0.001,0,0,0,0,0
73523627,0.0,0.0,0.0081527,0.0,0.9999917,0.0,0.0,0.0040763393,0.0,0.0,-0.001,0,0,0,0,0
73573133,0.0,0.0,0.008039599,0.0,0.9999919,0.0,0.0,0.004019789,0.0,0.0,-0.001,0,0,0,0,0
73622732,0.0,0.0,0.008079257,0.0,0.99999183,0.0,0.0,0.004039618,0.0,0.0,-0.001,0,0,0,0,0
73666300,0.0,0.0,0.008032113,0.0,0.99999195,0.0,0.0,0.004016046,0.0,0.0,-0.001,0,0,0,0,0
73715765,0.0,0.0,0.008094928,0.0,0.99999183,0.0,0.0,0.0040474534,0.0,0.0,-0.001,0,0,0,0,0
73763851,0.0,0.0,0.008113963,0.0,0.9999918,0.0,0.0,0.00405697,0.0,0.0,-0.001,0,0,0,0,0
73813365,0.0,0.0,0.008105295,0.0,0.9999918,0.0,0.0,0.0040526367,0.0,0.0,-0.001,0,0,0,0,0
73873439,0.0,0.0,0.008070498,0.0,0.99999183,0.0,0.0,0.004035238,0.0,0.0,-0.001,0,0,0,0,0
73919970,0.0,0.0,0.008030331,0.0,0.99999195,0.0,0.0,0.0040151547,0.0,0.0,-0.001,0,0,0,0,0
73969562,0.0,0.0,0.008042166,0.0,0.99999195,0.0,0.0,0.0040210728,0.0,0.0,-0.001,0,0,0,0,0
74019042,0.0,0.0,0.00800114,0.0,0.999992,0.0,0.0,0.0040005594,0.0,0.0,-0.001,0,0,0,0,0
74068607,0.0,0.0,0.00807276,0.0,0.9999919,0.0,0.0,0.004036369,0.0,0.0,-0.001,0,0,0,0,0
74113638,0.0,0.0,0.008101348,0.0,0.99999183,0.0,0.0,0.004050663,0.0,0.0,-0.001,0,0,0,0,0
74163208,0.0,0.0,0.008069859,0.0,0.99999183,0.0,0.0,0.0040349187,0.0,0.0,-0.001,0,0,0,0,0
74220256,0.0,0.0,0.00807345,0.0,0.99999183,0.0,0.0,0.004036714,0.0,0.0,-0.001,0,0,0,0,0
74268257,0.0,0.0,0.00803693,0.0,0.9999919,0.0,0.0,0.0040184543,0.0,0.0,-0.001,0,0,0,0,0
74317808,0.0,0.0,0.008027052,0.0,0.99999195,0.0,0.0,0.0040135155,0.0,0.0,-0.001,0,0,0,0,0
74367387,0.0,0.0,0.0080227805,0.0,0.99999195,0.0,0.0,0.00401138,0.0,0.0,-0.001,0,0,0,0,0
74424418,0.0,0.0,0.008028793,0.0,0.99999195,0.0,0.0,0.0040143863,0.0,0.0,-0.001,0,0,0,0,0
74473919,0.0,0.0,0.00803404,0.0,0.99999195,0.0,0.0,0.00401701,0.0,0.0,-0.001,0,0,0,0,0
74510008,0.0,0.0,0.008032925,0.0,0.99999195,0.0,0.0,0.0040164525,0.0,0.0,-0.001,0,0,0,0,0
74568559,0.0,0.0,0.008004119,0.0,0.999992,0.0,0.0,0.004002049,0.0,0.0,-0.001,0,0,0,0,0
