timestamp,accel_device_id_primary,accel_device_ids[0],accel_device_ids[1],accel_device_ids[2],accel_device_ids[3],accel_inconsistency_m_s_s[0],accel_inconsistency_m_s_s[1],accel_inconsistency_m_s_s[2],accel_inconsistency_m_s_s[3],gyro_device_id_primary,gyro_device_ids[0],gyro_device_ids[1],gyro_device_ids[2],gyro_device_ids[3],gyro_inconsistency_rad_s[0],gyro_inconsistency_rad_s[1],gyro_inconsistency_rad_s[2],gyro_inconsistency_rad_s[3],accel_healthy[0],accel_healthy[1],accel_healthy[2],accel_healthy[3],gyro_healthy[0],gyro_healthy[1],gyro_healthy[2],gyro_healthy[3]
39621703,6946826,6946826,0,0,0,0.0,0.0,0.0,0.0,6684682,6684682,0,0,0,0.0,0.0,0.0,0.0,1,0,0,0,1,0,0,0
39623221,6946826,6946826,0,0,0,0.0,0.0,0.0,0.0,6684682,6684682,0,0,0,0.0,0.0,0.0,0.0,1,0,0,0,1,0,0,0
39822912,6946826,6946826,0,0,0,0.0,0.0,0.0,0.0,6684682,6684682,0,0,0,0.0,0.0,0.0,0.0,1,0,0,0,1,0,0,0
40022654,6946826,6946826,0,0,0,0.0,0.0,0.0,0.0,6684682,6684682,0,0,0,0.0,0.0,0.0,0.0,1,0,0,0,1,0,0,0
40214797,6946826,6946826,0,0,0,0.0,0.0,0.0,0.0,6684682,6684682,0,0,0,0.0,0.0,0.0,0.0,1,0,0,0,1,0,0,0
40422001,6946826,6946826,0,0,0,0.0,0.0,0.0,0.0,6684682,6684682,0,0,0,0.0,0.0,0.0,0.0,1,0,0,0,1,0,0,0
40624697,6946826,6946826,0,0,0,0.0,0.0,0.0,0.0,6684682,6684682,0,0,0,0.0,0.0,0.0,0.0,1,0,0,0,1,0,0,0
40824389,6946826,6946826,0,0,0,0.0,0.0,0.0,0.0,6684682,6684682,0,0,0,0.0,0.0,0.0,0.0,1,0,0,0,1,0,0,0
41018096,6946826,6946826,0,0,0,0.0,0.0,0.0,0.0,6684682,6684682,0,0,0,0.0,0.0,0.0,0.0,1,0,0,0,1,0,0,0
41217792,6946826,6946826,0,0,0,0.0,0.0,0.0,0.0,6684682,6684682,0,0,0,0.0,0.0,0.0,0.0,1,0,0,0,1,0,0,0
41421997,6946826,6946826,0,0,0,0.0,0.0,0.0,0.0,6684682,6684682,0,0,0,0.0,0.0,0.0,0.0,1,0,0,0,1,0,0,0
41618688,6946826,6946826,0,0,0,0.0,0.0,0.0,0.0,6684682,6684682,0,0,0,0.0,0.0,0.0,0.0,1,0,0,0,1,0,0,0
41821392,6946826,6946826,0,0,0,0.0,0.0,0.0,0.0,6684682,6684682,0,0,0,0.0,0.0,0.0,0.0,1,0,0,0,1,0,0,0
42022605,6946826,6946826,0,0,0,0.0,0.0,0.0,0.0,6684682,6684682,0,0,0,0.0,0.0,0.0,0.0,1,0,0,0,1,0,0,0
42219288,6946826,6946826,0,0,0,0.0,0.0,0.0,0.0,6684682,6684682,0,0,0,0.0,0.0,0.0,0.0,1,0,0,0,1,0,0,0
42421999,6946826,6946826,0,0,0,0.0,0.0,0.0,0.0,6684682,6684682,0,0,0,0.0,0.0,0.0,0.0,1,0,0,0,1,0,0,0
42623202,6946826,6946826,0,0,0,0.0,0.0,0.0,0.0,6684682,6684682,0,0,0,0.0,0.0,0.0,0.0,1,0,0,0,1,0,0,0
42815440,6946826,6946826,0,0,0,0.0,0.0,0.0,0.0,6684682,6684682,0,0,0,0.0,0.0,0.0,0.0,1,0,0,0,1,0,0,0
43022596,6946826,6946826,0,0,0,0.0,0.0,0.0,0.0,6684682,6684682,0,0,0,0.0,0.0,0.0,0.0,1,0,0,0,1,0,0,0
43214781,6946826,6946826,0,0,0,0.0,0.0,0.0,0.0,6684682,6684682,0,0,0,0.0,0.0,0.0,0.0,1,0,0,0,1,0,0,0
43421997,6946826,6946826,0,0,0,0.0,0.0,0.0,0.0,6684682,6684682,0,0,0,0.0,0.0,0.0,0.0,1,0,0,0,1,0,0,0
43623202,6946826,6946826,0,0,0,0.0,0.0,0.0,0.0,6684682,6684682,0,0,0,0.0,0.0,0.0,0.0,1,0,0,0,1,0,0,0
43821458,6946826,6946826,0,0,0,0.0,0.0,0.0,0.0,6684682,6684682,0,0,0,0.0,0.0,0.0,0.0,1,0,0,0,1,0,0,0
44018089,6946826,6946826,0,0,0,0.0,0.0,0.0,0.0,6684682,6684682,0,0,0,0.0,0.0,0.0,0.0,1,0,0,0,1,0,0,0
44222298,6946826,6946826,0,0,0,0.0,0.0,0.0,0.0,6684682,6684682,0,0,0,0.0,0.0,0.0,0.0,1,0,0,0,1,0,0,0
44417488,6946826,6946826,0,0,0,0.0,0.0,0.0,0.0,6684682,6684682,0,0,0,0.0,0.0,0.0,0.0,1,0,0,0,1,0,0,0
44620203,6946826,6946826,0,0,0,0.0,0.0,0.0,0.0,6684682,6684682,0,0,0,0.0,0.0,0.0,0.0,1,0,0,0,1,0,0,0
44822898,6946826,6946826,0,0,0,0.0,0.0,0.0,0.0,6684682,6684682,0,0,0,0.0,0.0,0.0,0.0,1,0,0,0,1,0,0,0
45022632,6946826,6946826,0,0,0,0.0,0.0,0.0,0.0,6684682,6684682,0,0,0,0.0,0.0,0.0,0.0,1,0,0,0,1,0,0,0
45220796,6946826,6946826,0,0,0,0.0,0.0,0.0,0.0,6684682,6684682,0,0,0,0.0,0.0,0.0,0.0,1,0,0,0,1,0,0,0
45423507,6946826,6946826,0,0,0,0.0,0.0,0.0,0.0,6684682,6684682,0,0,0,0.0,0.0,0.0,0.0,1,0,0,0,1,0,0,0
45623241,6946826,6946826,0,0,0,0.0,0.0,0.0,0.0,6684682,6684682,0,0,0,0.0,0.0,0.0,0.0,1,0,0,0,1,0,0,0
45819903,6946826,6946826,0,0,0,0.0,0.0,0.0,0.0,6684682,6684682,0,0,0,0.0,0.0,0.0,0.0,1,0,0,0,1,0,0,0
46019599,6946826,6946826,0,0,0,0.0,0.0,0.0,0.0,6684682,6684682,0,0,0,0.0,0.0,0.0,0.0,1,0,0,0,1,0,0,0
46223836,6946826,6946826,0,0,0,0.0,0.0,0.0,0.0,6684682,6684682,0,0,0,0.0,0.0,0.0,0.0,1,0,0,0,1,0,0,0
46424983,6946826,6946826,0,0,0,0.0,0.0,0.0,0.0,6684682,6684682,0,0,0,0.0,0.0,0.0,0.0,1,0,0,0,1,0,0,0
46621739,6946826,6946826,0,0,0,0.0,0.0,0.0,0.0,6684682,6684682,0,0,0,0.0,0.0,0.0,0.0,1,0,0,0,1,0,0,0
46816918,6946826,6946826,0,0,0,0.0,0.0,0.0,0.0,6684682,6684682,0,0,0,0.0,0.0,0.0,0.0,1,0,0,0,1,0,0,0
47019628,6946826,6946826,0,0,0,0.0,0.0,0.0,0.0,6684682,6684682,0,0,0,0.0,0.0,0.0,0.0,1,0,0,0,1,0,0,0
47222325,6946826,6946826,0,0,0,0.0,0.0,0.0,0.0,6684682,6684682,0,0,0,0.0,0.0,0.0,0.0,1,0,0,0,1,0,0,0
47418975,6946826,6946826,0,0,0,0.0,0.0,0.0,0.0,6684682,6684682,0,0,0,0.0,0.0,0.0,0.0,1,0,0,0,1,0,0,0
47624672,6946826,6946826,0,0,0,0.0,0.0,0.0,0.0,6684682,6684682,0,0,0,0.0,0.0,0.0,0.0,1,0,0,0,1,0,0,0
47822914,6946826,6946826,0,0,0,0.0,0.0,0.0,0.0,6684682,6684682,0,0,0,0.0,0.0,0.0,0.0,1,0,0,0,1,0,0,0
48022572,6946826,6946826,0,0,0,0.0,0.0,0.0,0.0,6684682,6684682,0,0,0,0.0,0.0,0.0,0.0,1,0,0,0,1,0,0,0
48219254,6946826,6946826,0,0,0,0.0,0.0,0.0,0.0,6684682,6684682,0,0,0,0.0,0.0,0.0,0.0,1,0,0,0,1,0,0,0
48421950,6946826,6946826,0,0,0,0.0,0.0,0.0,0.0,6684682,6684682,0,0,0,0.0,0.0,0.0,0.0,1,0,0,0,1,0,0,0
48621653,6946826,6946826,0,0,0,0.0,0.0,0.0,0.0,6684682,6684682,0,0,0,0.0,0.0,0.0,0.0,1,0,0,0,1,0,0,0
48821370,6946826,6946826,0,0,0,0.0,0.0,0.0,0.0,6684682,6684682,0,0,0,0.0,0.0,0.0,0.0,1,0,0,0,1,0,0,0
49019529,6946826,6946826,0,0,0,0.0,0.0,0.0,0.0,6684682,6684682,0,0,0,0.0,0.0,0.0,0.0,1,0,0,0,1,0,0,0
49222228,6946826,6946826,0,0,0,0.0,0.0,0.0,0.0,6684682,6684682,0,0,0,0.0,0.0,0.0,0.0,1,0,0,0,1,0,0,0
49417454,6946826,6946826,0,0,0,0.0,0.0,0.0,0.0,6684682,6684682,0,0,0,0.0,0.0,0.0,0.0,1,0,0,0,1,0,0,0
49620106,6946826,6946826,0,0,0,0.0,0.0,0.0,0.0,6684682,6684682,0,0,0,0.0,0.0,0.0,0.0,1,0,0,0,1,0,0,0
49819848,6946826,6946826,0,0,0,0.0,0.0,0.0,0.0,6684682,6684682,0,0,0,0.0,0.0,0.0,0.0,1,0,0,0,1,0,0,0
50022548,6946826,6946826,0,0,0,0.0,0.0,0.0,0.0,6684682,6684682,0,0,0,0.0,0.0,0.0,0.0,1,0,0,0,1,0,0,0
50217738,6946826,6946826,0,0,0,0.0,0.0,0.0,0.0,6684682,6684682,0,0,0,0.0,0.0,0.0,0.0,1,0,0,0,1,0,0,0
50424875,6946826,6946826,0,0,0,0.0,0.0,0.0,0.0,6684682,6684682,0,0,0,0.0,0.0,0.0,0.0,1,0,0,0,1,0,0,0
50617065,6946826,6946826,0,0,0,0.0,0.0,0.0,0.0,6684682,6684682,0,0,0,0.0,0.0,0.0,0.0,1,0,0,0,1,0,0,0
50818299,6946826,6946826,0,0,0,0.0,0.0,0.0,0.0,6684682,6684682,0,0,0,0.0,0.0,0.0,0.0,1,0,0,0,1,0,0,0
51021001,6946826,6946826,0,0,0,0.0,0.0,0.0,0.0,6684682,6684682,0,0,0,0.0,0.0,0.0,0.0,1,0,0,0,1,0,0,0
51220628,6946826,6946826,0,0,0,0.0,0.0,0.0,0.0,6684682,6684682,0,0,0,0.0,0.0,0.0,0.0,1,0,0,0,1,0,0,0
51417325,6946826,6946826,0,0,0,0.0,0.0,0.0,0.0,6684682,6684682,0,0,0,0.0,0.0,0.0,0.0,1,0,0,0,1,0,0,0
51620018,6946826,6946826,0,0,0,0.0,0.0,0.0,0.0,6684682,6684682,0,0,0,0.0,0.0,0.0,0.0,1,0,0,0,1,0,0,0
51821217,6946826,6946826,0,0,0,0.0,0.0,0.0,0.0,6684682,6684682,0,0,0,0.0,0.0,0.0,0.0,1,0,0,0,1,0,0,0
52023896,6946826,6946826,0,0,0,0.0,0.0,0.0,0.0,6684682,6684682,0,0,0,0.0,0.0,0.0,0.0,1,0,0,0,1,0,0,0
52223583,6946826,6946826,0,0,0,0.0,0.0,0.0,0.0,6684682,6684682,0,0,0,0.0,0.0,0.0,0.0,1,0,0,0,1,0,0,0
52421782,6946826,6946826,0,0,0,0.0,0.0,0.0,0.0,6684682,6684682,0,0,0,0.0,0.0,0.0,0.0,1,0,0,0,1,0,0,0
52616969,6946826,6946826,0,0,0,0.0,0.0,0.0,0.0,6684682,6684682,0,0,0,0.0,0.0,0.0,0.0,1,0,0,0,1,0,0,0
52819663,6946826,6946826,0,0,0,0.0,0.0,0.0,0.0,6684682,6684682,0,0,0,0.0,0.0,0.0,0.0,1,0,0,0,1,0,0,0
53019335,6946826,6946826,0,0,0,0.0,0.0,0.0,0.0,6684682,6684682,0,0,0,0.0,0.0,0.0,0.0,1,0,0,0,1,0,0,0
53225020,6946826,6946826,0,0,0,0.0,0.0,0.0,0.0,6684682,6684682,0,0,0,0.0,0.0,0.0,0.0,1,0,0,0,1,0,0,0
53423253,6946826,6946826,0,0,0,0.0,0.0,0.0,0.0,6684682,6684682,0,0,0,0.0,0.0,0.0,0.0,1,0,0,0,1,0,0,0
53624405,6946826,6946826,0,0,0,0.0,0.0,0.0,0.0,6684682,6684682,0,0,0,0.0,0.0,0.0,0.0,1,0,0,0,1,0,0,0
53822595,6946826,6946826,0,0,0,0.0,0.0,0.0,0.0,6684682,6684682,0,0,0,0.0,0.0,0.0,0.0,1,0,0,0,1,0,0,0
54020781,6946826,6946826,0,0,0,0.0,0.0,0.0,0.0,6684682,6684682,0,0,0,0.0,0.0,0.0,0.0,1,0,0,0,1,0,0,0
54214462,6946826,6946826,0,0,0,0.0,0.0,0.0,0.0,6684682,6684682,0,0,0,0.0,0.0,0.0,0.0,1,0,0,0,1,0,0,0
54421706,6946826,6946826,0,0,0,0.0,0.0,0.0,0.0,6684682,6684682,0,0,0,0.0,0.0,0.0,0.0,1,0,0,0,1,0,0,0
54619846,6946826,6946826,0,0,0,0.0,0.0,0.0,0.0,6684682,6684682,0,0,0,0.0,0.0,0.0,0.0,1,0,0,0,1,0,0,0
54822533,6946826,6946826,0,0,0,0.0,0.0,0.0,0.0,6684682,6684682,0,0,0,0.0,0.0,0.0,0.0,1,0,0,0,1,0,0,0
55020721,6946826,6946826,0,0,0,0.0,0.0,0.0,0.0,6684682,6684682,0,0,0,0.0,0.0,0.0,0.0,1,0,0,0,1,0,0,0
55218909,6946826,6946826,0,0,0,0.0,0.0,0.0,0.0,6684682,6684682,0,0,0,0.0,0.0,0.0,0.0,1,0,0,0,1,0,0,0
55421593,6946826,6946826,0,0,0,0.0,0.0,0.0,0.0,6684682,6684682,0,0,0,0.0,0.0,0.0,0.0,1,0,0,0,1,0,0,0
55619775,6946826,6946826,0,0,0,0.0,0.0,0.0,0.0,6684682,6684682,0,0,0,0.0,0.0,0.0,0.0,1,0,0,0,1,0,0,0
55818011,6946826,6946826,0,0,0,0.0,0.0,0.0,0.0,6684682,6684682,0,0,0,0.0,0.0,0.0,0.0,1,0,0,0,1,0,0,0
56025160,6946826,6946826,0,0,0,0.0,0.0,0.0,0.0,6684682,6684682,0,0,0,0.0,0.0,0.0,0.0,1,0,0,0,1,0,0,0
56223391,6946826,6946826,0,0,0,0.0,0.0,0.0,0.0,6684682,6684682,0,0,0,0.0,0.0,0.0,0.0,1,0,0,0,1,0,0,0
56423028,6946826,6946826,0,0,0,0.0,0.0,0.0,0.0,6684682,6684682,0,0,0,0.0,0.0,0.0,0.0,1,0,0,0,1,0,0,0
56615215,6946826,6946826,0,0,0,0.0,0.0,0.0,0.0,6684682,6684682,0,0,0,0.0,0.0,0.0,0.0,1,0,0,0,1,0,0,0
56822397,6946826,6946826,0,0,0,0.0,0.0,0.0,0.0,6684682,6684682,0,0,0,0.0,0.0,0.0,0.0,1,0,0,0,1,0,0,0
57019127,6946826,6946826,0,0,0,0.0,0.0,0.0,0.0,6684682,6684682,0,0,0,0.0,0.0,0.0,0.0,1,0,0,0,1,0,0,0
57215767,6946826,6946826,0,0,0,0.0,0.0,0.0,0.0,6684682,6684682,0,0,0,0.0,0.0,0.0,0.0,1,0,0,0,1,0,0,0
57422959,6946826,6946826,0,0,0,0.0,0.0,0.0,0.0,6684682,6684682,0,0,0,0.0,0.0,0.0,0.0,1,0,0,0,1,0,0,0
57624153,6946826,6946826,0,0,0,0.0,0.0,0.0,0.0,6684682,6684682,0,0,0,0.0,0.0,0.0,0.0,1,0,0,0,1,0,0,0
57820823,6946826,6946826,0,0,0,0.0,0.0,0.0,0.0,6684682,6684682,0,0,0,0.0,0.0,0.0,0.0,1,0,0,0,1,0,0,0
58023517,6946826,6946826,0,0,0,0.0,0.0,0.0,0.0,6684682,6684682,0,0,0,0.0,0.0,0.0,0.0,1,0,0,0,1,0,0,0
58223200,6946826,6946826,0,0,0,0.0,0.0,0.0,0.0,6684682,6684682,0,0,0,0.0,0.0,0.0,0.0,1,0,0,0,1,0,0,0
58418384,6946826,6946826,0,0,0,0.0,0.0,0.0,0.0,6684682,6684682,0,0,0,0.0,0.0,0.0,0.0,1,0,0,0,1,0,0,0
58621064,6946826,6946826,0,0,0,0.0,0.0,0.0,0.0,6684682,6684682,0,0,0,0.0,0.0,0.0,0.0,1,0,0,0,1,0,0,0
58825238,6946826,6946826,0,0,0,0.0,0.0,0.0,0.0,6684682,6684682,0,0,0,0.0,0.0,0.0,0.0,1,0,0,0,1,0,0,0
59023472,6946826,6946826,0,0,0,0.0,0.0,0.0,0.0,6684682,6684682,0,0,0,0.0,0.0,0.0,0.0,1,0,0,0,1,0,0,0
59224622,6946826,6946826,0,0,0,0.0,0.0,0.0,0.0,6684682,6684682,0,0,0,0.0,0.0,0.0,0.0,1,0,0,0,1,0,0,0
59421341,6946826,6946826,0,0,0,0.0,0.0,0.0,0.0,6684682,6684682,0,0,0,0.0,0.0,0.0,0.0,1,0,0,0,1,0,0,0
59621002,6946826,6946826,0,0,0,0.0,0.0,0.0,0.0,6684682,6684682,0,0,0,0.0,0.0,0.0,0.0,1,0,0,0,1,0,0,0
59822145,6946826,6946826,0,0,0,0.0,0.0,0.0,0.0,6684682,6684682,0,0,0,0.0,0.0,0.0,0.0,1,0,0,0,1,0,0,0
60015837,6946826,6946826,0,0,0,0.0,0.0,0.0,0.0,6684682,6684682,0,0,0,0.0,0.0,0.0,0.0,1,0,0,0,1,0,0,0
60221533,6946826,6946826,0,0,0,0.0,0.0,0.0,0.0,6684682,6684682,0,0,0,0.0,0.0,0.0,0.0,1,0,0,0,1,0,0,0
60421209,6946826,6946826,0,0,0,0.0,0.0,0.0,0.0,6684682,6684682,0,0,0,0.0,0.0,0.0,0.0,1,0,0,0,1,0,0,0
60617897,6946826,6946826,0,0,0,0.0,0.0,0.0,0.0,6684682,6684682,0,0,0,0.0,0.0,0.0,0.0,1,0,0,0,1,0,0,0
60817612,6946826,6946826,0,0,0,0.0,0.0,0.0,0.0,6684682,6684682,0,0,0,0.0,0.0,0.0,0.0,1,0,0,0,1,0,0,0
61017251,6946826,6946826,0,0,0,0.0,0.0,0.0,0.0,6684682,6684682,0,0,0,0.0,0.0,0.0,0.0,1,0,0,0,1,0,0,0
61222982,6946826,6946826,0,0,0,0.0,0.0,0.0,0.0,6684682,6684682,0,0,0,0.0,0.0,0.0,0.0,1,0,0,0,1,0,0,0
61415109,6946826,6946826,0,0,0,0.0,0.0,0.0,0.0,6684682,6684682,0,0,0,0.0,0.0,0.0,0.0,1,0,0,0,1,0,0,0
61620841,6946826,6946826,0,0,0,0.0,0.0,0.0,0.0,6684682,6684682,0,0,0,0.0,0.0,0.0,0.0,1,0,0,0,1,0,0,0
61823531,6946826,6946826,0,0,0,0.0,0.0,0.0,0.0,6684682,6684682,0,0,0,0.0,0.0,0.0,0.0,1,0,0,0,1,0,0,0
62023176,6946826,6946826,0,0,0,0.0,0.0,0.0,0.0,6684682,6684682,0,0,0,0.0,0.0,0.0,0.0,1,0,0,0,1,0,0,0
62219837,6946826,6946826,0,0,0,0.0,0.0,0.0,0.0,6684682,6684682,0,0,0,0.0,0.0,0.0,0.0,1,0,0,0,1,0,0,0
62421024,6946826,6946826,0,0,0,0.0,0.0,0.0,0.0,6684682,6684682,0,0,0,0.0,0.0,0.0,0.0,1,0,0,0,1,0,0,0
62617708,6946826,6946826,0,0,0,0.0,0.0,0.0,0.0,6684682,6684682,0,0,0,0.0,0.0,0.0,0.0,1,0,0,0,1,0,0,0
62818884,6946826,6946826,0,0,0,0.0,0.0,0.0,0.0,6684682,6684682,0,0,0,0.0,0.0,0.0,0.0,1,0,0,0,1,0,0,0
63024607,6946826,6946826,0,0,0,0.0,0.0,0.0,0.0,6684682,6684682,0,0,0,0.0,0.0,0.0,0.0,1,0,0,0,1,0,0,0
63219819,6946826,6946826,0,0,0,0.0,0.0,0.0,0.0,6684682,6684682,0,0,0,0.0,0.0,0.0,0.0,1,0,0,0,1,0,0,0
63422464,6946826,6946826,0,0,0,0.0,0.0,0.0,0.0,6684682,6684682,0,0,0,0.0,0.0,0.0,0.0,1,0,0,0,1,0,0,0
63623636,6946826,6946826,0,0,0,0.0,0.0,0.0,0.0,6684682,6684682,0,0,0,0.0,0.0,0.0,0.0,1,0,0,0,1,0,0,0
63820322,6946826,6946826,0,0,0,0.0,0.0,0.0,0.0,6684682,6684682,0,0,0,0.0,0.0,0.0,0.0,1,0,0,0,1,0,0,0
64021463,6946826,6946826,0,0,0,0.0,0.0,0.0,0.0,6684682,6684682,0,0,0,0.0,0.0,0.0,0.0,1,0,0,0,1,0,0,0
64218181,6946826,6946826,0,0,0,0.0,0.0,0.0,0.0,6684682,6684682,0,0,0,0.0,0.0,0.0,0.0,1,0,0,0,1,0,0,0
64422317,6946826,6946826,0,0,0,0.0,0.0,0.0,0.0,6684682,6684682,0,0,0,0.0,0.0,0.0,0.0,1,0,0,0,1,0,0,0
64625000,6946826,6946826,0,0,0,0.0,0.0,0.0,0.0,6684682,6684682,0,0,0,0.0,0.0,0.0,0.0,1,0,0,0,1,0,0,0
64820206,6946826,6946826,0,0,0,0.0,0.0,0.0,0.0,6684682,6684682,0,0,0,0.0,0.0,0.0,0.0,1,0,0,0,1,0,0,0
65022850,6946826,6946826,0,0,0,0.0,0.0,0.0,0.0,6684682,6684682,0,0,0,0.0,0.0,0.0,0.0,1,0,0,0,1,0,0,0
65222518,6946826,6946826,0,0,0,0.0,0.0,0.0,0.0,6684682,6684682,0,0,0,0.0,0.0,0.0,0.0,1,0,0,0,1,0,0,0
65420712,6946826,6946826,0,0,0,0.0,0.0,0.0,0.0,6684682,6684682,0,0,0,0.0,0.0,0.0,0.0,1,0,0,0,1,0,0,0
65620391,6946826,6946826,0,0,0,0.0,0.0,0.0,0.0,6684682,6684682,0,0,0,0.0,0.0,0.0,0.0,1,0,0,0,1,0,0,0
65820061,6946826,6946826,0,0,0,0.0,0.0,0.0,0.0,6684682,6684682,0,0,0,0.0,0.0,0.0,0.0,1,0,0,0,1,0,0,0
66022746,6946826,6946826,0,0,0,0.0,0.0,0.0,0.0,6684682,6684682,0,0,0,0.0,0.0,0.0,0.0,1,0,0,0,1,0,0,0
66223934,6946826,6946826,0,0,0,0.0,0.0,0.0,0.0,6684682,6684682,0,0,0,0.0,0.0,0.0,0.0,1,0,0,0,1,0,0,0
66420609,6946826,6946826,0,0,0,0.0,0.0,0.0,0.0,6684682,6684682,0,0,0,0.0,0.0,0.0,0.0,1,0,0,0,1,0,0,0
66623286,6946826,6946826,0,0,0,0.0,0.0,0.0,0.0,6684682,6684682,0,0,0,0.0,0.0,0.0,0.0,1,0,0,0,1,0,0,0
66823009,6946826,6946826,0,0,0,0.0,0.0,0.0,0.0,6684682,6684682,0,0,0,0.0,0.0,0.0,0.0,1,0,0,0,1,0,0,0
67018178,6946826,6946826,0,0,0,0.0,0.0,0.0,0.0,6684682,6684682,0,0,0,0.0,0.0,0.0,0.0,1,0,0,0,1,0,0,0
67225320,6946826,6946826,0,0,0,0.0,0.0,0.0,0.0,6684682,6684682,0,0,0,0.0,0.0,0.0,0.0,1,0,0,0,1,0,0,0
67424986,6946826,6946826,0,0,0,0.0,0.0,0.0,0.0,6684682,6684682,0,0,0,0.0,0.0,0.0,0.0,1,0,0,0,1,0,0,0
67623175,6946826,6946826,0,0,0,0.0,0.0,0.0,0.0,6684682,6684682,0,0,0,0.0,0.0,0.0,0.0,1,0,0,0,1,0,0,0
67822842,6946826,6946826,0,0,0,0.0,0.0,0.0,0.0,6684682,6684682,0,0,0,0.0,0.0,0.0,0.0,1,0,0,0,1,0,0,0
68021024,6946826,6946826,0,0,0,0.0,0.0,0.0,0.0,6684682,6684682,0,0,0,0.0,0.0,0.0,0.0,1,0,0,0,1,0,0,0
68222203,6946826,6946826,0,0,0,0.0,0.0,0.0,0.0,6684682,6684682,0,0,0,0.0,0.0,0.0,0.0,1,0,0,0,1,0,0,0
68418879,6946826,6946826,0,0,0,0.0,0.0,0.0,0.0,6684682,6684682,0,0,0,0.0,0.0,0.0,0.0,1,0,0,0,1,0,0,0
68621559,6946826,6946826,0,0,0,0.0,0.0,0.0,0.0,6684682,6684682,0,0,0,0.0,0.0,0.0,0.0,1,0,0,0,1,0,0,0
68816733,6946826,6946826,0,0,0,0.0,0.0,0.0,0.0,6684682,6684682,0,0,0,0.0,0.0,0.0,0.0,1,0,0,0,1,0,0,0
69023914,6946826,6946826,0,0,0,0.0,0.0,0.0,0.0,6684682,6684682,0,0,0,0.0,0.0,0.0,0.0,1,0,0,0,1,0,0,0
69223581,6946826,6946826,0,0,0,0.0,0.0,0.0,0.0,6684682,6684682,0,0,0,0.0,0.0,0.0,0.0,1,0,0,0,1,0,0,0
69421771,6946826,6946826,0,0,0,0.0,0.0,0.0,0.0,6684682,6684682,0,0,0,0.0,0.0,0.0,0.0,1,0,0,0,1,0,0,0
69618490,6946826,6946826,0,0,0,0.0,0.0,0.0,0.0,6684682,6684682,0,0,0,0.0,0.0,0.0,0.0,1,0,0,0,1,0,0,0
69819618,6946826,6946826,0,0,0,0.0,0.0,0.0,0.0,6684682,6684682,0,0,0,0.0,0.0,0.0,0.0,1,0,0,0,1,0,0,0
70025299,6946826,6946826,0,0,0,0.0,0.0,0.0,0.0,6684682,6684682,0,0,0,0.0,0.0,0.0,0.0,1,0,0,0,1,0,0,0
70224984,6946826,6946826,0,0,0,0.0,0.0,0.0,0.0,6684682,6684682,0,0,0,0.0,0.0,0.0,0.0,1,0,0,0,1,0,0,0
70415644,6946826,6946826,0,0,0,0.0,0.0,0.0,0.0,6684682,6684682,0,0,0,0.0,0.0,0.0,0.0,1,0,0,0,1,0,0,0
70621370,6946826,6946826,0,0,0,0.0,0.0,0.0,0.0,6684682,6684682,0,0,0,0.0,0.0,0.0,0.0,1,0,0,0,1,0,0,0
70822490,6946826,6946826,0,0,0,0.0,0.0,0.0,0.0,6684682,6684682,0,0,0,0.0,0.0,0.0,0.0,1,0,0,0,1,0,0,0
71019217,6946826,6946826,0,0,0,0.0,0.0,0.0,0.0,6684682,6684682,0,0,0,0.0,0.0,0.0,0.0,1,0,0,0,1,0,0,0
71221905,6946826,6946826,0,0,0,0.0,0.0,0.0,0.0,6684682,6684682,0,0,0,0.0,0.0,0.0,0.0,1,0,0,0,1,0,0,0
71417064,6946826,6946826,0,0,0,0.0,0.0,0.0,0.0,6684682,6684682,0,0,0,0.0,0.0,0.0,0.0,1,0,0,0,1,0,0,0
71624214,6946826,6946826,0,0,0,0.0,0.0,0.0,0.0,6684682,6684682,0,0,0,0.0,0.0,0.0,0.0,1,0,0,0,1,0,0,0
71823873,6946826,6946826,0,0,0,0.0,0.0,0.0,0.0,6684682,6684682,0,0,0,0.0,0.0,0.0,0.0,1,0,0,0,1,0,0,0
72022063,6946826,6946826,0,0,0,0.0,0.0,0.0,0.0,6684682,6684682,0,0,0,0.0,0.0,0.0,0.0,1,0,0,0,1,0,0,0
72221739,6946826,6946826,0,0,0,0.0,0.0,0.0,0.0,6684682,6684682,0,0,0,0.0,0.0,0.0,0.0,1,0,0,0,1,0,0,0
72422970,6946826,6946826,0,0,0,0.0,0.0,0.0,0.0,6684682,6684682,0,0,0,0.0,0.0,0.0,0.0,1,0,0,0,1,0,0,0
72619593,6946826,6946826,0,0,0,0.0,0.0,0.0,0.0,6684682,6684682,0,0,0,0.0,0.0,0.0,0.0,1,0,0,0,1,0,0,0
72825272,6946826,6946826,0,0,0,0.0,0.0,0.0,0.0,6684682,6684682,0,0,0,0.0,0.0,0.0,0.0,1,0,0,0,1,0,0,0
73021946,6946826,6946826,0,0,0,0.0,0.0,0.0,0.0,6684682,6684682,0,0,0,0.0,0.0,0.0,0.0,1,0,0,0,1,0,0,0
73223130,6946826,6946826,0,0,0,0.0,0.0,0.0,0.0,6684682,6684682,0,0,0,0.0,0.0,0.0,0.0,1,0,0,0,1,0,0,0
73419804,6946826,6946826,0,0,0,0.0,0.0,0.0,0.0,6684682,6684682,0,0,0,0.0,0.0,0.0,0.0,1,0,0,0,1,0,0,0
73622489,6946826,6946826,0,0,0,0.0,0.0,0.0,0.0,6684682,6684682,0,0,0,0.0,0.0,0.0,0.0,1,0,0,0,1,0,0,0
73817666,6946826,6946826,0,0,0,0.0,0.0,0.0,0.0,6684682,6684682,0,0,0,0.0,0.0,0.0,0.0,1,0,0,0,1,0,0,0
74020347,6946826,6946826,0,0,0,0.0,0.0,0.0,0.0,6684682,6684682,0,0,0,0.0,0.0,0.0,0.0,1,0,0,0,1,0,0,0
74224561,6946826,6946826,0,0,0,0.0,0.0,0.0,0.0,6684682,6684682,0,0,0,0.0,0.0,0.0,0.0,1,0,0,0,1,0,0,0
74424181,6946826,6946826,0,0,0,0.0,0.0,0.0,0.0,6684682,6684682,0,0,0,0.0,0.0,0.0,0.0,1,0,0,0,1,0,0,0
