timestamp,voltage_v,voltage_filtered_v,current_a,current_filtered_a,current_average_a,discharged_mah,remaining,scale,temperature,cell_count,voltage_cell_v[0],voltage_cell_v[1],voltage_cell_v[2],voltage_cell_v[3],voltage_cell_v[4],voltage_cell_v[5],voltage_cell_v[6],voltage_cell_v[7],voltage_cell_v[8],voltage_cell_v[9],voltage_cell_v[10],voltage_cell_v[11],voltage_cell_v[12],voltage_cell_v[13],max_cell_voltage_delta,average_power,available_energy,remaining_capacity,design_capacity,nominal_voltage,capacity,cycle_count,run_time_to_empty,average_time_to_empty,serial_number,manufacture_date,state_of_health,max_error,interface_error,average_time_to_full,over_discharge_count,connected,source,priority,id,is_powering_off,warning
39613152,11.919794,11.906752,0.5615479,0.57029474,-1.0,6.376854,0.61493105,1.0582122,nan,3,3.9689171,3.9689171,3.9689171,0.0,0.0,0.0,0.0,0.0,0.0,0.0,0.0,0.0,0.0,0.0,0.0,0.0,0.0,0.0,0.0,0.0,0,0,0,0,0,0,0,0,0,0,0,1,0,0,1,0,0
39623330,11.946961,11.907149,0.55641174,0.5700225,-1.0,6.378427,0.6151566,1.058176,nan,3,3.9690497,3.9690497,3.9690497,0.0,0.0,0.0,0.0,0.0,0.0,0.0,0.0,0.0,0.0,0.0,0.0,0.0,0.0,0.0,0.0,0.0,0,0,0,0,0,0,0,0,0,0,0,1,0,0,1,0,0
39823153,11.859637,11.905333,0.5649719,0.5677676,-1.0,6.4096684,0.6142244,1.0583252,nan,3,3.968444,3.968444,3.968444,0.0,0.0,0.0,0.0,0.0,0.0,0.0,0.0,0.0,0.0,0.0,0.0,0.0,0.0,0.0,0.0,0.0,0,0,0,0,0,0,0,0,0,0,0,1,0,0,1,0,0
40023153,11.913972,11.901896,0.5846603,0.5687832,-1.0,6.4414196,0.61237854,1.0586206,nan,3,3.9672987,3.9672987,3.9672987,0.0,0.0,0.0,0.0,0.0,0.0,0.0,0.0,0.0,0.0,0.0,0.0,0.0,0.0,0.0,0.0,0.0,0,0,0,0,0,0,0,0,0,0,0,1,0,0,1,0,0
40213175,11.891657,11.89929,0.5752441,0.56833845,-1.0,6.4713707,0.61098,1.0588446,nan,3,3.96643,3.96643,3.96643,0.0,0.0,0.0,0.0,0.0,0.0,0.0,0.0,0.0,0.0,0.0,0.0,0.0,0.0,0.0,0.0,0.0,0,0,0,0,0,0,0,0,0,0,0,1,0,0,1,0,0
40413152,11.898448,11.897762,0.56069183,0.56854326,-1.0,6.5029845,0.61017364,1.0589737,nan,3,3.9659207,3.9659207,3.9659207,0.0,0.0,0.0,0.0,0.0,0.0,0.0,0.0,0.0,0.0,0.0,0.0,0.0,0.0,0.0,0.0,0.0,0,0,0,0,0,0,0,0,0,0,0,1,0,0,1,0,0
40623235,11.892626,11.896197,0.5752441,0.57019544,-1.0,6.5364385,0.6093411,1.0591071,nan,3,3.965399,3.965399,3.965399,0.0,0.0,0.0,0.0,0.0,0.0,0.0,0.0,0.0,0.0,0.0,0.0,0.0,0.0,0.0,0.0,0.0,0,0,0,0,0,0,0,0,0,0,0,1,0,0,1,0,0
40823152,11.891657,11.894958,0.57866824,0.5710407,-1.0,6.5682335,0.60868067,1.0592129,nan,3,3.9649858,3.9649858,3.9649858,0.0,0.0,0.0,0.0,0.0,0.0,0.0,0.0,0.0,0.0,0.0,0.0,0.0,0.0,0.0,0.0,0.0,0,0,0,0,0,0,0,0,0,0,0,1,0,0,1,0,0
41023150,11.9023285,11.893963,0.5778122,0.57237524,-1.0,6.60018,0.6081514,1.0592978,nan,3,3.9646542,3.9646542,3.9646542,0.0,0.0,0.0,0.0,0.0,0.0,0.0,0.0,0.0,0.0,0.0,0.0,0.0,0.0,0.0,0.0,0.0,0,0,0,0,0,0,0,0,0,0,0,1,0,0,1,0,0
41223153,11.894567,11.893007,0.57866824,0.5742255,-1.0,6.6323037,0.60763973,1.0593798,nan,3,3.9643357,3.9643357,3.9643357,0.0,0.0,0.0,0.0,0.0,0.0,0.0,0.0,0.0,0.0,0.0,0.0,0.0,0.0,0.0,0.0,0.0,0,0,0,0,0,0,0,0,0,0,0,1,0,0,1,0,0
41423150,11.886806,11.891866,0.5923645,0.5753777,-1.0,6.6643863,0.6070208,1.059479,nan,3,3.9639552,3.9639552,3.9639552,0.0,0.0,0.0,0.0,0.0,0.0,0.0,0.0,0.0,0.0,0.0,0.0,0.0,0.0,0.0,0.0,0.0,0,0,0,0,0,0,0,0,0,0,0,1,0,0,1,0,0
41623255,11.886806,11.891188,0.5838043,0.57729167,-1.0,6.696697,0.60665745,1.0595373,nan,3,3.9637291,3.9637291,3.9637291,0.0,0.0,0.0,0.0,0.0,0.0,0.0,0.0,0.0,0.0,0.0,0.0,0.0,0.0,0.0,0.0,0.0,0,0,0,0,0,0,0,0,0,0,0,1,0,0,1,0,0
41813176,11.890686,11.890499,0.56753993,0.5770886,-1.0,6.727117,0.60628504,1.059597,nan,3,3.9634998,3.9634998,3.9634998,0.0,0.0,0.0,0.0,0.0,0.0,0.0,0.0,0.0,0.0,0.0,0.0,0.0,0.0,0.0,0.0,0.0,0,0,0,0,0,0,0,0,0,0,0,1,0,0,1,0,0
42023152,11.893597,11.890163,0.5572678,0.57556874,-1.0,6.76055,0.6061072,1.0596256,nan,3,3.9633877,3.9633877,3.9633877,0.0,0.0,0.0,0.0,0.0,0.0,0.0,0.0,0.0,0.0,0.0,0.0,0.0,0.0,0.0,0.0,0.0,0,0,0,0,0,0,0,0,0,0,0,1,0,0,1,0,0
42223152,11.885835,11.888967,0.58551633,0.5761942,-1.0,6.7926445,0.6054496,1.059731,nan,3,3.9629889,3.9629889,3.9629889,0.0,0.0,0.0,0.0,0.0,0.0,0.0,0.0,0.0,0.0,0.0,0.0,0.0,0.0,0.0,0.0,0.0,0,0,0,0,0,0,0,0,0,0,0,1,0,0,1,0,0
42423199,11.87322,11.888485,0.5940765,0.57740074,-1.0,6.8248563,0.60518783,1.059773,nan,3,3.9628284,3.9628284,3.9628284,0.0,0.0,0.0,0.0,0.0,0.0,0.0,0.0,0.0,0.0,0.0,0.0,0.0,0.0,0.0,0.0,0.0,0,0,0,0,0,0,0,0,0,0,0,1,0,0,1,0,0
42623312,11.889715,11.887619,0.5889404,0.57773465,-1.0,6.8570027,0.6047115,1.0598495,nan,3,3.9625397,3.9625397,3.9625397,0.0,0.0,0.0,0.0,0.0,0.0,0.0,0.0,0.0,0.0,0.0,0.0,0.0,0.0,0.0,0.0,0.0,0,0,0,0,0,0,0,0,0,0,0,1,0,0,1,0,0
42823154,11.893597,11.886979,0.5752441,0.5771532,-1.0,6.8889413,0.60435957,1.059906,nan,3,3.9623263,3.9623263,3.9623263,0.0,0.0,0.0,0.0,0.0,0.0,0.0,0.0,0.0,0.0,0.0,0.0,0.0,0.0,0.0,0.0,0.0,0,0,0,0,0,0,0,0,0,0,0,1,0,0,1,0,0
43023161,11.894567,11.887401,0.5983566,0.5782078,-1.0,6.921177,0.6045975,1.0598677,nan,3,3.962467,3.962467,3.962467,0.0,0.0,0.0,0.0,0.0,0.0,0.0,0.0,0.0,0.0,0.0,0.0,0.0,0.0,0.0,0.0,0.0,0,0,0,0,0,0,0,0,0,0,0,1,0,0,1,0,0
43213153,11.882923,11.886323,0.59065247,0.57817066,-1.0,6.951668,0.604001,1.0599635,nan,3,3.9621077,3.9621077,3.9621077,0.0,0.0,0.0,0.0,0.0,0.0,0.0,0.0,0.0,0.0,0.0,0.0,0.0,0.0,0.0,0.0,0.0,0,0,0,0,0,0,0,0,0,0,0,1,0,0,1,0,0
43423149,11.885835,11.885903,0.5761001,0.57784665,-1.0,6.9853506,0.6037702,1.0600005,nan,3,3.9619677,3.9619677,3.9619677,0.0,0.0,0.0,0.0,0.0,0.0,0.0,0.0,0.0,0.0,0.0,0.0,0.0,0.0,0.0,0.0,0.0,0,0,0,0,0,0,0,0,0,0,0,1,0,0,1,0,0
43623491,11.884864,11.885397,0.5803802,0.57949615,-1.0,7.017779,0.6036734,1.060016,nan,3,3.961799,3.961799,3.961799,0.0,0.0,0.0,0.0,0.0,0.0,0.0,0.0,0.0,0.0,0.0,0.0,0.0,0.0,0.0,0.0,0.0,0,0,0,0,0,0,0,0,0,0,0,1,0,0,1,0,0
43823155,11.883894,11.884024,0.5889404,0.5806949,-1.0,7.050114,0.6047515,1.0598431,nan,3,3.9613411,3.9613411,3.9613411,0.0,0.0,0.0,0.0,0.0,0.0,0.0,0.0,0.0,0.0,0.0,0.0,0.0,0.0,0.0,0.0,0.0,0,0,0,0,0,0,0,0,0,0,0,1,0,0,1,0,0
44023155,11.86934,11.881127,0.5872284,0.5813393,-1.0,7.0824504,0.6070742,1.0594704,nan,3,3.9603758,3.9603758,3.9603758,0.0,0.0,0.0,0.0,0.0,0.0,0.0,0.0,0.0,0.0,0.0,0.0,0.0,0.0,0.0,0.0,0.0,0,0,0,0,0,0,0,0,0,0,0,1,0,0,1,0,0
44223153,11.852845,11.875604,0.59065247,0.5814796,-1.0,7.1147704,0.610249,1.0589616,nan,3,3.9585345,3.9585345,3.9585345,0.0,0.0,0.0,0.0,0.0,0.0,0.0,0.0,0.0,0.0,0.0,0.0,0.0,0.0,0.0,0.0,0.0,0,0,0,0,0,0,0,0,0,0,0,1,0,0,1,0,0
44413262,11.820826,11.867859,0.5820923,0.582554,-1.0,7.145651,0.6141481,1.0583373,nan,3,3.955953,3.955953,3.955953,0.0,0.0,0.0,0.0,0.0,0.0,0.0,0.0,0.0,0.0,0.0,0.0,0.0,0.0,0.0,0.0,0.0,0,0,0,0,0,0,0,0,0,0,0,1,0,0,1,0,0
44613151,11.79754,11.856378,0.58123624,0.58395684,-1.0,7.1782393,0.618823,1.0575898,nan,3,3.9521258,3.9521258,3.9521258,0.0,0.0,0.0,0.0,0.0,0.0,0.0,0.0,0.0,0.0,0.0,0.0,0.0,0.0,0.0,0.0,0.0,0,0,0,0,0,0,0,0,0,0,0,1,0,0,1,0,0
44823151,11.737382,11.837828,0.58551633,0.5841987,-1.0,7.2123165,0.62284464,1.0569476,nan,3,3.9459426,3.9459426,3.9459426,0.0,0.0,0.0,0.0,0.0,0.0,0.0,0.0,0.0,0.0,0.0,0.0,0.0,0.0,0.0,0.0,0.0,0,0,0,0,0,0,0,0,0,0,0,1,0,0,1,0,0
45023160,11.675285,11.815077,0.5889404,0.58576614,-1.0,7.245036,0.62607473,1.0564324,nan,3,3.938359,3.938359,3.938359,0.0,0.0,0.0,0.0,0.0,0.0,0.0,0.0,0.0,0.0,0.0,0.0,0.0,0.0,0.0,0.0,0.0,0,0,0,0,0,0,0,0,0,0,0,1,0,0,1,0,0
45223155,11.628713,11.788051,0.5957886,0.58609915,-1.0,7.277656,0.62747186,1.0562097,nan,3,3.9293501,3.9293501,3.9293501,0.0,0.0,0.0,0.0,0.0,0.0,0.0,0.0,0.0,0.0,0.0,0.0,0.0,0.0,0.0,0.0,0.0,0,0,0,0,0,0,0,0,0,0,0,1,0,0,1,0,0
45423156,11.606396,11.757695,0.5838043,0.58800495,-1.0,7.310542,0.6268334,1.0563114,nan,3,3.9192317,3.9192317,3.9192317,0.0,0.0,0.0,0.0,0.0,0.0,0.0,0.0,0.0,0.0,0.0,0.0,0.0,0.0,0.0,0.0,0.0,0,0,0,0,0,0,0,0,0,0,0,1,0,0,1,0,0
45623336,11.602514,11.73328,0.5838043,0.58848816,-1.0,7.343339,0.6255626,1.056514,nan,3,3.9110935,3.9110935,3.9110935,0.0,0.0,0.0,0.0,0.0,0.0,0.0,0.0,0.0,0.0,0.0,0.0,0.0,0.0,0.0,0.0,0.0,0,0,0,0,0,0,0,0,0,0,0,1,0,0,1,0,0
45813151,11.62095,11.712494,0.5923645,0.5901738,-1.0,7.3746643,0.62320703,1.0568898,nan,3,3.9041646,3.9041646,3.9041646,0.0,0.0,0.0,0.0,0.0,0.0,0.0,0.0,0.0,0.0,0.0,0.0,0.0,0.0,0.0,0.0,0.0,0,0,0,0,0,0,0,0,0,0,0,1,0,0,1,0,0
46013152,11.577288,11.685887,0.5923645,0.59076875,-1.0,7.407559,0.61662,1.0579419,nan,3,3.8952959,3.8952959,3.8952959,0.0,0.0,0.0,0.0,0.0,0.0,0.0,0.0,0.0,0.0,0.0,0.0,0.0,0.0,0.0,0.0,0.0,0,0,0,0,0,0,0,0,0,0,0,1,0,0,1,0,0
46223149,11.555943,11.658014,0.5923645,0.5895541,-1.0,7.4418106,0.608622,1.0592223,nan,3,3.8860047,3.8860047,3.8860047,0.0,0.0,0.0,0.0,0.0,0.0,0.0,0.0,0.0,0.0,0.0,0.0,0.0,0.0,0.0,0.0,0.0,0,0,0,0,0,0,0,0,0,0,0,1,0,0,1,0,0
46423151,11.570497,11.631288,0.5872284,0.5904206,-1.0,7.4746847,0.6000132,1.060604,nan,3,3.877096,3.877096,3.877096,0.0,0.0,0.0,0.0,0.0,0.0,0.0,0.0,0.0,0.0,0.0,0.0,0.0,0.0,0.0,0.0,0.0,0,0,0,0,0,0,0,0,0,0,0,1,0,0,1,0,0
46623208,11.503548,11.609647,0.6077728,0.59117204,-1.0,7.5075917,0.59339136,1.0616691,nan,3,3.8698823,3.8698823,3.8698823,0.0,0.0,0.0,0.0,0.0,0.0,0.0,0.0,0.0,0.0,0.0,0.0,0.0,0.0,0.0,0.0,0.0,0,0,0,0,0,0,0,0,0,0,0,1,0,0,1,0,0
46823153,11.471528,11.592889,0.57695615,0.5905059,-1.0,7.540329,0.58860964,1.0624397,nan,3,3.8642962,3.8642962,3.8642962,0.0,0.0,0.0,0.0,0.0,0.0,0.0,0.0,0.0,0.0,0.0,0.0,0.0,0.0,0.0,0.0,0.0,0,0,0,0,0,0,0,0,0,0,0,1,0,0,1,0,0
47023153,11.495785,11.576928,0.58551633,0.5907822,-1.0,7.573179,0.5833668,1.0632857,nan,3,3.8589761,3.8589761,3.8589761,0.0,0.0,0.0,0.0,0.0,0.0,0.0,0.0,0.0,0.0,0.0,0.0,0.0,0.0,0.0,0.0,0.0,0,0,0,0,0,0,0,0,0,0,0,1,0,0,1,0,0
47223159,11.559823,11.565877,0.5915085,0.59011364,-1.0,7.6059093,0.58016294,1.0638034,nan,3,3.8552923,3.8552923,3.8552923,0.0,0.0,0.0,0.0,0.0,0.0,0.0,0.0,0.0,0.0,0.0,0.0,0.0,0.0,0.0,0.0,0.0,0,0,0,0,0,0,0,0,0,0,0,1,0,0,1,0,0
47413266,11.506458,11.554814,0.60178065,0.59082675,-1.0,7.637187,0.57622904,1.0644398,nan,3,3.8516047,3.8516047,3.8516047,0.0,0.0,0.0,0.0,0.0,0.0,0.0,0.0,0.0,0.0,0.0,0.0,0.0,0.0,0.0,0.0,0.0,0,0,0,0,0,0,0,0,0,0,0,1,0,0,1,0,0
47623205,11.498696,11.546543,0.5923645,0.59054244,-1.0,7.671592,0.57368225,1.0648522,nan,3,3.8488476,3.8488476,3.8488476,0.0,0.0,0.0,0.0,0.0,0.0,0.0,0.0,0.0,0.0,0.0,0.0,0.0,0.0,0.0,0.0,0.0,0,0,0,0,0,0,0,0,0,0,0,1,0,0,1,0,0
47823368,11.493845,11.540278,0.5923645,0.5908339,-1.0,7.7044764,0.571845,1.0651499,nan,3,3.8467596,3.8467596,3.8467596,0.0,0.0,0.0,0.0,0.0,0.0,0.0,0.0,0.0,0.0,0.0,0.0,0.0,0.0,0.0,0.0,0.0,0,0,0,0,0,0,0,0,0,0,0,1,0,0,1,0,0
48023150,11.531685,11.534321,0.5957886,0.59155333,-1.0,7.7373924,0.56999344,1.0654501,nan,3,3.8447735,3.8447735,3.8447735,0.0,0.0,0.0,0.0,0.0,0.0,0.0,0.0,0.0,0.0,0.0,0.0,0.0,0.0,0.0,0.0,0.0,0,0,0,0,0,0,0,0,0,0,0,1,0,0,1,0,0
48223151,11.5122795,11.529775,0.57866824,0.5918966,-1.0,7.7703238,0.5685834,1.0656787,nan,3,3.8432581,3.8432581,3.8432581,0.0,0.0,0.0,0.0,0.0,0.0,0.0,0.0,0.0,0.0,0.0,0.0,0.0,0.0,0.0,0.0,0.0,0,0,0,0,0,0,0,0,0,0,0,1,0,0,1,0,0
48423149,11.482202,11.524485,0.5889404,0.5910848,-1.0,7.8030496,0.5664944,1.0660177,nan,3,3.8414948,3.8414948,3.8414948,0.0,0.0,0.0,0.0,0.0,0.0,0.0,0.0,0.0,0.0,0.0,0.0,0.0,0.0,0.0,0.0,0.0,0,0,0,0,0,0,0,0,0,0,0,1,0,0,1,0,0
48623168,11.526834,11.521534,0.5889404,0.5914262,-1.0,7.835958,0.56499285,1.0662616,nan,3,3.8405113,3.8405113,3.8405113,0.0,0.0,0.0,0.0,0.0,0.0,0.0,0.0,0.0,0.0,0.0,0.0,0.0,0.0,0.0,0.0,0.0,0,0,0,0,0,0,0,0,0,0,0,1,0,0,1,0,0
48813169,11.436598,11.517955,0.57695615,0.59131724,-1.0,7.8671675,0.56250995,1.066665,nan,3,3.8393183,3.8393183,3.8393183,0.0,0.0,0.0,0.0,0.0,0.0,0.0,0.0,0.0,0.0,0.0,0.0,0.0,0.0,0.0,0.0,0.0,0,0,0,0,0,0,0,0,0,0,0,1,0,0,1,0,0
49023152,11.504517,11.510163,0.5957886,0.5921828,-1.0,7.901788,0.5589637,1.0672418,nan,3,3.8367212,3.8367212,3.8367212,0.0,0.0,0.0,0.0,0.0,0.0,0.0,0.0,0.0,0.0,0.0,0.0,0.0,0.0,0.0,0.0,0.0,0,0,0,0,0,0,0,0,0,0,0,1,0,0,1,0,0
49223152,11.457944,11.503994,0.5983566,0.59258723,-1.0,7.934765,0.5566663,1.0676157,nan,3,3.8346646,3.8346646,3.8346646,0.0,0.0,0.0,0.0,0.0,0.0,0.0,0.0,0.0,0.0,0.0,0.0,0.0,0.0,0.0,0.0,0.0,0,0,0,0,0,0,0,0,0,0,0,1,0,0,1,0,0
49423149,11.456003,11.49936,0.5940765,0.59293014,-1.0,7.9677267,0.5550479,1.0678793,nan,3,3.83312,3.83312,3.83312,0.0,0.0,0.0,0.0,0.0,0.0,0.0,0.0,0.0,0.0,0.0,0.0,0.0,0.0,0.0,0.0,0.0,0,0,0,0,0,0,0,0,0,0,0,1,0,0,1,0,0
49623152,11.487053,11.495319,0.60606074,0.5932187,-1.0,8.000684,0.5534238,1.068144,nan,3,3.831773,3.831773,3.831773,0.0,0.0,0.0,0.0,0.0,0.0,0.0,0.0,0.0,0.0,0.0,0.0,0.0,0.0,0.0,0.0,0.0,0,0,0,0,0,0,0,0,0,0,0,1,0,0,1,0,0
49823166,11.488994,11.493982,0.5957886,0.59196293,-1.0,8.033446,0.55298704,1.0682151,nan,3,3.8313274,3.8313274,3.8313274,0.0,0.0,0.0,0.0,0.0,0.0,0.0,0.0,0.0,0.0,0.0,0.0,0.0,0.0,0.0,0.0,0.0,0,0,0,0,0,0,0,0,0,0,0,1,0,0,1,0,0
50013153,11.500636,11.491803,0.60606074,0.59243536,-1.0,8.064759,0.55177015,1.0684135,nan,3,3.830601,3.830601,3.830601,0.0,0.0,0.0,0.0,0.0,0.0,0.0,0.0,0.0,0.0,0.0,0.0,0.0,0.0,0.0,0.0,0.0,0,0,0,0,0,0,0,0,0,0,0,1,0,0,1,0,0
50213296,11.498696,11.490131,0.61290896,0.5919964,-1.0,8.09765,0.5508408,1.0685651,nan,3,3.8300438,3.8300438,3.8300438,0.0,0.0,0.0,0.0,0.0,0.0,0.0,0.0,0.0,0.0,0.0,0.0,0.0,0.0,0.0,0.0,0.0,0,0,0,0,0,0,0,0,0,0,0,1,0,0,1,0,0
50423150,11.47832,11.487954,0.5923645,0.5923705,-1.0,8.132219,0.5497331,1.0687459,nan,3,3.829318,3.829318,3.829318,0.0,0.0,0.0,0.0,0.0,0.0,0.0,0.0,0.0,0.0,0.0,0.0,0.0,0.0,0.0,0.0,0.0,0,0,0,0,0,0,0,0,0,0,0,1,0,0,1,0,0
50623162,11.495785,11.485823,0.5923645,0.5940645,-1.0,8.165416,0.5487651,1.0689038,nan,3,3.8286076,3.8286076,3.8286076,0.0,0.0,0.0,0.0,0.0,0.0,0.0,0.0,0.0,0.0,0.0,0.0,0.0,0.0,0.0,0.0,0.0,0,0,0,0,0,0,0,0,0,0,0,1,0,0,1,0,0
50823149,11.483171,11.484812,0.5983566,0.59390616,-1.0,8.198389,0.548449,1.0689554,nan,3,3.8282707,3.8282707,3.8282707,0.0,0.0,0.0,0.0,0.0,0.0,0.0,0.0,0.0,0.0,0.0,0.0,0.0,0.0,0.0,0.0,0.0,0,0,0,0,0,0,0,0,0,0,0,1,0,0,1,0,0
51023150,11.465706,11.483019,0.59065247,0.59256214,-1.0,8.231168,0.5477585,1.0690682,nan,3,3.827673,3.827673,3.827673,0.0,0.0,0.0,0.0,0.0,0.0,0.0,0.0,0.0,0.0,0.0,0.0,0.0,0.0,0.0,0.0,0.0,0,0,0,0,0,0,0,0,0,0,0,1,0,0,1,0,0
51223151,11.467648,11.4805975,0.5889404,0.5919904,-1.0,8.263985,0.54666466,1.0692468,nan,3,3.826866,3.826866,3.826866,0.0,0.0,0.0,0.0,0.0,0.0,0.0,0.0,0.0,0.0,0.0,0.0,0.0,0.0,0.0,0.0,0.0,0,0,0,0,0,0,0,0,0,0,0,1,0,0,1,0,0
51423173,11.476379,11.478853,0.5829483,0.59333986,-1.0,8.297106,0.54586643,1.0693771,nan,3,3.8262844,3.8262844,3.8262844,0.0,0.0,0.0,0.0,0.0,0.0,0.0,0.0,0.0,0.0,0.0,0.0,0.0,0.0,0.0,0.0,0.0,0,0,0,0,0,0,0,0,0,0,0,1,0,0,1,0,0
51613152,11.472499,11.47761,0.6026367,0.5940848,-1.0,8.328522,0.5452656,1.0694753,nan,3,3.8258698,3.8258698,3.8258698,0.0,0.0,0.0,0.0,0.0,0.0,0.0,0.0,0.0,0.0,0.0,0.0,0.0,0.0,0.0,0.0,0.0,0,0,0,0,0,0,0,0,0,0,0,1,0,0,1,0,0
51823153,11.471528,11.47588,0.6000687,0.5944184,-1.0,8.363223,0.544321,1.0696297,nan,3,3.8252933,3.8252933,3.8252933,0.0,0.0,0.0,0.0,0.0,0.0,0.0,0.0,0.0,0.0,0.0,0.0,0.0,0.0,0.0,0.0,0.0,0,0,0,0,0,0,0,0,0,0,0,1,0,0,1,0,0
52023151,11.476379,11.475003,0.61290896,0.59576076,-1.0,8.396443,0.54383177,1.0697097,nan,3,3.825001,3.825001,3.825001,0.0,0.0,0.0,0.0,0.0,0.0,0.0,0.0,0.0,0.0,0.0,0.0,0.0,0.0,0.0,0.0,0.0,0,0,0,0,0,0,0,0,0,0,0,1,0,0,1,0,0
52223150,11.467648,11.4733515,0.5983566,0.59664655,-1.0,8.429697,0.5429196,1.0698588,nan,3,3.8244505,3.8244505,3.8244505,0.0,0.0,0.0,0.0,0.0,0.0,0.0,0.0,0.0,0.0,0.0,0.0,0.0,0.0,0.0,0.0,0.0,0,0,0,0,0,0,0,0,0,0,0,1,0,0,1,0,0
52423244,11.44339,11.471874,0.60948485,0.5956164,-1.0,8.462697,0.542128,1.0699883,nan,3,3.8239582,3.8239582,3.8239582,0.0,0.0,0.0,0.0,0.0,0.0,0.0,0.0,0.0,0.0,0.0,0.0,0.0,0.0,0.0,0.0,0.0,0,0,0,0,0,0,0,0,0,0,0,1,0,0,1,0,0
52623152,11.473469,11.470006,0.5889404,0.59568936,-1.0,8.495794,0.5411429,1.0701494,nan,3,3.8233354,3.8233354,3.8233354,0.0,0.0,0.0,0.0,0.0,0.0,0.0,0.0,0.0,0.0,0.0,0.0,0.0,0.0,0.0,0.0,0.0,0,0,0,0,0,0,0,0,0,0,0,1,0,0,1,0,0
52813155,11.450183,11.467901,0.6026367,0.5958998,-1.0,8.527261,0.5400247,1.0703324,nan,3,3.8226337,3.8226337,3.8226337,0.0,0.0,0.0,0.0,0.0,0.0,0.0,0.0,0.0,0.0,0.0,0.0,0.0,0.0,0.0,0.0,0.0,0,0,0,0,0,0,0,0,0,0,0,1,0,0,1,0,0
53013159,11.458915,11.46616,0.5889404,0.5952022,-1.0,8.560268,0.5390572,1.0704907,nan,3,3.8220532,3.8220532,3.8220532,0.0,0.0,0.0,0.0,0.0,0.0,0.0,0.0,0.0,0.0,0.0,0.0,0.0,0.0,0.0,0.0,0.0,0,0,0,0,0,0,0,0,0,0,0,1,0,0,1,0,0
53223166,11.441449,11.464686,0.5889404,0.595992,-1.0,8.595128,0.5382442,1.0706238,nan,3,3.821562,3.821562,3.821562,0.0,0.0,0.0,0.0,0.0,0.0,0.0,0.0,0.0,0.0,0.0,0.0,0.0,0.0,0.0,0.0,0.0,0,0,0,0,0,0,0,0,0,0,0,1,0,0,1,0,0
53423617,11.456003,11.462479,0.6026367,0.59647214,-1.0,8.6284075,0.5370297,1.0708227,nan,3,3.8208263,3.8208263,3.8208263,0.0,0.0,0.0,0.0,0.0,0.0,0.0,0.0,0.0,0.0,0.0,0.0,0.0,0.0,0.0,0.0,0.0,0,0,0,0,0,0,0,0,0,0,0,1,0,0,1,0,0
53623150,11.457944,11.46074,0.6077728,0.5983315,-1.0,8.661782,0.5361051,1.0709742,nan,3,3.8202467,3.8202467,3.8202467,0.0,0.0,0.0,0.0,0.0,0.0,0.0,0.0,0.0,0.0,0.0,0.0,0.0,0.0,0.0,0.0,0.0,0,0,0,0,0,0,0,0,0,0,0,1,0,0,1,0,0
53823153,11.458915,11.458949,0.5923645,0.59840775,-1.0,8.695043,0.5352015,1.0711223,nan,3,3.8196497,3.8196497,3.8196497,0.0,0.0,0.0,0.0,0.0,0.0,0.0,0.0,0.0,0.0,0.0,0.0,0.0,0.0,0.0,0.0,0.0,0,0,0,0,0,0,0,0,0,0,0,1,0,0,1,0,0
54023194,11.445332,11.457199,0.5957886,0.59798735,-1.0,8.728227,0.53443235,1.0712483,nan,3,3.8190663,3.8190663,3.8190663,0.0,0.0,0.0,0.0,0.0,0.0,0.0,0.0,0.0,0.0,0.0,0.0,0.0,0.0,0.0,0.0,0.0,0,0,0,0,0,0,0,0,0,0,0,1,0,0,1,0,0
54213149,11.44339,11.455273,0.5829483,0.597547,-1.0,8.759712,0.53361887,1.0713817,nan,3,3.8184242,3.8184242,3.8184242,0.0,0.0,0.0,0.0,0.0,0.0,0.0,0.0,0.0,0.0,0.0,0.0,0.0,0.0,0.0,0.0,0.0,0,0,0,0,0,0,0,0,0,0,0,1,0,0,1,0,0
54413153,11.435629,11.453697,0.6026367,0.59785134,-1.0,8.792947,0.5329885,1.0714852,nan,3,3.817899,3.817899,3.817899,0.0,0.0,0.0,0.0,0.0,0.0,0.0,0.0,0.0,0.0,0.0,0.0,0.0,0.0,0.0,0.0,0.0,0,0,0,0,0,0,0,0,0,0,0,1,0,0,1,0,0
54623191,11.445332,11.451869,0.60948485,0.59873897,-1.0,8.827948,0.5320758,1.0716349,nan,3,3.8172896,3.8172896,3.8172896,0.0,0.0,0.0,0.0,0.0,0.0,0.0,0.0,0.0,0.0,0.0,0.0,0.0,0.0,0.0,0.0,0.0,0,0,0,0,0,0,0,0,0,0,0,1,0,0,1,0,0
54823153,11.438539,11.44946,0.6026367,0.5980363,-1.0,8.861075,0.53078836,1.0718461,nan,3,3.8164866,3.8164866,3.8164866,0.0,0.0,0.0,0.0,0.0,0.0,0.0,0.0,0.0,0.0,0.0,0.0,0.0,0.0,0.0,0.0,0.0,0,0,0,0,0,0,0,0,0,0,0,1,0,0,1,0,0
55023150,11.450183,11.44807,0.59493256,0.59779423,-1.0,8.894261,0.52994865,1.0719839,nan,3,3.816023,3.816023,3.816023,0.0,0.0,0.0,0.0,0.0,0.0,0.0,0.0,0.0,0.0,0.0,0.0,0.0,0.0,0.0,0.0,0.0,0,0,0,0,0,0,0,0,0,0,0,1,0,0,1,0,0
55223153,11.44242,11.446372,0.5940765,0.59752446,-1.0,8.927425,0.5289282,1.0721514,nan,3,3.8154573,3.8154573,3.8154573,0.0,0.0,0.0,0.0,0.0,0.0,0.0,0.0,0.0,0.0,0.0,0.0,0.0,0.0,0.0,0.0,0.0,0,0,0,0,0,0,0,0,0,0,0,1,0,0,1,0,0
55423153,11.4463005,11.44417,0.60948485,0.5980318,-1.0,8.9607,0.5277428,1.0723462,nan,3,3.8147233,3.8147233,3.8147233,0.0,0.0,0.0,0.0,0.0,0.0,0.0,0.0,0.0,0.0,0.0,0.0,0.0,0.0,0.0,0.0,0.0,0,0,0,0,0,0,0,0,0,0,0,1,0,0,1,0,0
55623157,11.425926,11.442717,0.5915085,0.59897256,-1.0,8.994112,0.5270609,1.0724581,nan,3,3.8142388,3.8142388,3.8142388,0.0,0.0,0.0,0.0,0.0,0.0,0.0,0.0,0.0,0.0,0.0,0.0,0.0,0.0,0.0,0.0,0.0,0,0,0,0,0,0,0,0,0,0,0,1,0,0,1,0,0
55813153,11.415253,11.440868,0.6026367,0.5991009,-1.0,9.025735,0.52605766,1.0726231,nan,3,3.8136227,3.8136227,3.8136227,0.0,0.0,0.0,0.0,0.0,0.0,0.0,0.0,0.0,0.0,0.0,0.0,0.0,0.0,0.0,0.0,0.0,0,0,0,0,0,0,0,0,0,0,0,1,0,0,1,0,0
56023158,11.423015,11.438289,0.59750056,0.5987557,-1.0,9.060607,0.5244588,1.0728859,nan,3,3.812763,3.812763,3.812763,0.0,0.0,0.0,0.0,0.0,0.0,0.0,0.0,0.0,0.0,0.0,0.0,0.0,0.0,0.0,0.0,0.0,0,0,0,0,0,0,0,0,0,0,0,1,0,0,1,0,0
56223153,11.421075,11.436031,0.60520476,0.59721583,-1.0,9.093601,0.5230536,1.073117,nan,3,3.8120105,3.8120105,3.8120105,0.0,0.0,0.0,0.0,0.0,0.0,0.0,0.0,0.0,0.0,0.0,0.0,0.0,0.0,0.0,0.0,0.0,0,0,0,0,0,0,0,0,0,0,0,1,0,0,1,0,0
56423155,11.441449,11.4340315,0.6026367,0.5978162,-1.0,9.126863,0.52183145,1.0733181,nan,3,3.811344,3.811344,3.811344,0.0,0.0,0.0,0.0,0.0,0.0,0.0,0.0,0.0,0.0,0.0,0.0,0.0,0.0,0.0,0.0,0.0,0,0,0,0,0,0,0,0,0,0,0,1,0,0,1,0,0
56623153,11.415253,11.432445,0.5923645,0.598855,-1.0,9.16026,0.52097315,1.0734594,nan,3,3.8108149,3.8108149,3.8108149,0.0,0.0,0.0,0.0,0.0,0.0,0.0,0.0,0.0,0.0,0.0,0.0,0.0,0.0,0.0,0.0,0.0,0,0,0,0,0,0,0,0,0,0,0,1,0,0,1,0,0
56823151,11.419133,11.430385,0.5923645,0.5998585,-1.0,9.193678,0.5198459,1.073645,nan,3,3.8101282,3.8101282,3.8101282,0.0,0.0,0.0,0.0,0.0,0.0,0.0,0.0,0.0,0.0,0.0,0.0,0.0,0.0,0.0,0.0,0.0,0,0,0,0,0,0,0,0,0,0,0,1,0,0,1,0,0
57023151,11.40749,11.4281,0.6009247,0.60028243,-1.0,9.227061,0.5184836,1.0738695,nan,3,3.8093665,3.8093665,3.8093665,0.0,0.0,0.0,0.0,0.0,0.0,0.0,0.0,0.0,0.0,0.0,0.0,0.0,0.0,0.0,0.0,0.0,0,0,0,0,0,0,0,0,0,0,0,1,0,0,1,0,0
57213154,11.4016695,11.426595,0.59750056,0.60151446,-1.0,9.258947,0.5175466,1.0740238,nan,3,3.8088648,3.8088648,3.8088648,0.0,0.0,0.0,0.0,0.0,0.0,0.0,0.0,0.0,0.0,0.0,0.0,0.0,0.0,0.0,0.0,0.0,0,0,0,0,0,0,0,0,0,0,0,1,0,0,1,0,0
57423157,11.434658,11.425605,0.6026367,0.60090286,-1.0,9.293921,0.51697105,1.0741186,nan,3,3.8085349,3.8085349,3.8085349,0.0,0.0,0.0,0.0,0.0,0.0,0.0,0.0,0.0,0.0,0.0,0.0,0.0,0.0,0.0,0.0,0.0,0,0,0,0,0,0,0,0,0,0,0,1,0,0,1,0,0
57623154,11.397787,11.424398,0.60349274,0.6022145,-1.0,9.327519,0.51628536,1.0742316,nan,3,3.808133,3.808133,3.808133,0.0,0.0,0.0,0.0,0.0,0.0,0.0,0.0,0.0,0.0,0.0,0.0,0.0,0.0,0.0,0.0,0.0,0,0,0,0,0,0,0,0,0,0,0,1,0,0,1,0,0
57823152,11.417192,11.423616,0.61718905,0.6027752,-1.0,9.361059,0.515901,1.074295,nan,3,3.807872,3.807872,3.807872,0.0,0.0,0.0,0.0,0.0,0.0,0.0,0.0,0.0,0.0,0.0,0.0,0.0,0.0,0.0,0.0,0.0,0,0,0,0,0,0,0,0,0,0,0,1,0,0,1,0,0
58023153,11.414282,11.421619,0.59921265,0.6022353,-1.0,9.39445,0.514842,1.0744697,nan,3,3.8072064,3.8072064,3.8072064,0.0,0.0,0.0,0.0,0.0,0.0,0.0,0.0,0.0,0.0,0.0,0.0,0.0,0.0,0.0,0.0,0.0,0,0,0,0,0,0,0,0,0,0,0,1,0,0,1,0,0
58223310,11.422044,11.420467,0.6043488,0.6026554,-1.0,9.427993,0.51411813,1.074589,nan,3,3.8068225,3.8068225,3.8068225,0.0,0.0,0.0,0.0,0.0,0.0,0.0,0.0,0.0,0.0,0.0,0.0,0.0,0.0,0.0,0.0,0.0,0,0,0,0,0,0,0,0,0,0,0,1,0,0,1,0,0
58423154,11.411372,11.418905,0.60606074,0.60233736,-1.0,9.461391,0.51310724,1.0747559,nan,3,3.8063018,3.8063018,3.8063018,0.0,0.0,0.0,0.0,0.0,0.0,0.0,0.0,0.0,0.0,0.0,0.0,0.0,0.0,0.0,0.0,0.0,0,0,0,0,0,0,0,0,0,0,0,1,0,0,1,0,0
58613152,11.413312,11.416942,0.6077728,0.6030067,-1.0,9.493275,0.5120711,1.0749269,nan,3,3.8056471,3.8056471,3.8056471,0.0,0.0,0.0,0.0,0.0,0.0,0.0,0.0,0.0,0.0,0.0,0.0,0.0,0.0,0.0,0.0,0.0,0,0,0,0,0,0,0,0,0,0,0,1,0,0,1,0,0
58823153,11.408461,11.415009,0.61290896,0.60333693,-1.0,9.528512,0.5111608,1.075077,nan,3,3.805003,3.805003,3.805003,0.0,0.0,0.0,0.0,0.0,0.0,0.0,0.0,0.0,0.0,0.0,0.0,0.0,0.0,0.0,0.0,0.0,0,0,0,0,0,0,0,0,0,0,0,1,0,0,1,0,0
59023177,11.404579,11.412526,0.5966446,0.6030947,-1.0,9.561988,0.50996584,1.0752745,nan,3,3.8041754,3.8041754,3.8041754,0.0,0.0,0.0,0.0,0.0,0.0,0.0,0.0,0.0,0.0,0.0,0.0,0.0,0.0,0.0,0.0,0.0,0,0,0,0,0,0,0,0,0,0,0,1,0,0,1,0,0
59223154,11.4016695,11.410085,0.61034083,0.6033303,-1.0,9.5954895,0.50871414,1.0754812,nan,3,3.8033617,3.8033617,3.8033617,0.0,0.0,0.0,0.0,0.0,0.0,0.0,0.0,0.0,0.0,0.0,0.0,0.0,0.0,0.0,0.0,0.0,0,0,0,0,0,0,0,0,0,0,0,1,0,0,1,0,0
59423153,11.4094305,11.407007,0.6077728,0.60390246,-1.0,9.629122,0.50717777,1.0757352,nan,3,3.8023357,3.8023357,3.8023357,0.0,0.0,0.0,0.0,0.0,0.0,0.0,0.0,0.0,0.0,0.0,0.0,0.0,0.0,0.0,0.0,0.0,0,0,0,0,0,0,0,0,0,0,0,1,0,0,1,0,0
59623153,11.362858,11.404026,0.6077728,0.6046085,-1.0,9.662782,0.5057625,1.0759692,nan,3,3.801342,3.801342,3.801342,0.0,0.0,0.0,0.0,0.0,0.0,0.0,0.0,0.0,0.0,0.0,0.0,0.0,0.0,0.0,0.0,0.0,0,0,0,0,0,0,0,0,0,0,0,1,0,0,1,0,0
59823159,11.37062,11.399662,0.59921265,0.60450315,-1.0,9.6963215,0.5037479,1.0763024,nan,3,3.7998874,3.7998874,3.7998874,0.0,0.0,0.0,0.0,0.0,0.0,0.0,0.0,0.0,0.0,0.0,0.0,0.0,0.0,0.0,0.0,0.0,0,0,0,0,0,0,0,0,0,0,0,1,0,0,1,0,0
60013153,11.376442,11.395784,0.61804503,0.6043106,-1.0,9.728177,0.50202745,1.0765873,nan,3,3.7985947,3.7985947,3.7985947,0.0,0.0,0.0,0.0,0.0,0.0,0.0,0.0,0.0,0.0,0.0,0.0,0.0,0.0,0.0,0.0,0.0,0,0,0,0,0,0,0,0,0,0,0,1,0,0,1,0,0
60223154,11.40555,11.392591,0.60606074,0.6048988,-1.0,9.763519,0.5006117,1.0768218,nan,3,3.7975304,3.7975304,3.7975304,0.0,0.0,0.0,0.0,0.0,0.0,0.0,0.0,0.0,0.0,0.0,0.0,0.0,0.0,0.0,0.0,0.0,0,0,0,0,0,0,0,0,0,0,0,1,0,0,1,0,0
60423155,11.392936,11.392085,0.5957886,0.60417455,-1.0,9.797007,0.5006179,1.0768207,nan,3,3.7973616,3.7973616,3.7973616,0.0,0.0,0.0,0.0,0.0,0.0,0.0,0.0,0.0,0.0,0.0,0.0,0.0,0.0,0.0,0.0,0.0,0,0,0,0,0,0,0,0,0,0,0,1,0,0,1,0,0
60623151,11.379353,11.391444,0.568396,0.60313934,-1.0,9.830428,0.5005836,1.0768263,nan,3,3.797148,3.797148,3.797148,0.0,0.0,0.0,0.0,0.0,0.0,0.0,0.0,0.0,0.0,0.0,0.0,0.0,0.0,0.0,0.0,0.0,0,0,0,0,0,0,0,0,0,0,0,1,0,0,1,0,0
60823154,11.402638,11.3922205,0.60520476,0.6045154,-1.0,9.864171,0.50074667,1.0767994,nan,3,3.797407,3.797407,3.797407,0.0,0.0,0.0,0.0,0.0,0.0,0.0,0.0,0.0,0.0,0.0,0.0,0.0,0.0,0.0,0.0,0.0,0,0,0,0,0,0,0,0,0,0,0,1,0,0,1,0,0
61023246,11.424955,11.3937025,0.6026367,0.60593987,-1.0,9.898004,0.50106806,1.0767461,nan,3,3.797901,3.797901,3.797901,0.0,0.0,0.0,0.0,0.0,0.0,0.0,0.0,0.0,0.0,0.0,0.0,0.0,0.0,0.0,0.0,0.0,0,0,0,0,0,0,0,0,0,0,0,1,0,0,1,0,0
61223290,11.388084,11.394098,0.60178065,0.6053213,-1.0,9.931581,0.5008325,1.0767852,nan,3,3.7980328,3.7980328,3.7980328,0.0,0.0,0.0,0.0,0.0,0.0,0.0,0.0,0.0,0.0,0.0,0.0,0.0,0.0,0.0,0.0,0.0,0,0,0,0,0,0,0,0,0,0,0,1,0,0,1,0,0
61413152,11.403609,11.394178,0.6026367,0.6053904,-1.0,9.963531,0.50080246,1.0767902,nan,3,3.7980595,3.7980595,3.7980595,0.0,0.0,0.0,0.0,0.0,0.0,0.0,0.0,0.0,0.0,0.0,0.0,0.0,0.0,0.0,0.0,0.0,0,0,0,0,0,0,0,0,0,0,0,1,0,0,1,0,0
61623153,11.383233,11.393715,0.60948485,0.60456604,-1.0,9.998703,0.50084585,1.076783,nan,3,3.797905,3.797905,3.797905,0.0,0.0,0.0,0.0,0.0,0.0,0.0,0.0,0.0,0.0,0.0,0.0,0.0,0.0,0.0,0.0,0.0,0,0,0,0,0,0,0,0,0,0,0,1,0,0,1,0,0
61823154,11.379353,11.392597,0.6026367,0.60414696,-1.0,10.032225,0.50069994,1.0768071,nan,3,3.7975323,3.7975323,3.7975323,0.0,0.0,0.0,0.0,0.0,0.0,0.0,0.0,0.0,0.0,0.0,0.0,0.0,0.0,0.0,0.0,0.0,0,0,0,0,0,0,0,0,0,0,0,1,0,0,1,0,0
62023499,11.37062,11.390878,0.6146209,0.6046365,-1.0,10.065926,0.5002689,1.0768785,nan,3,3.7969592,3.7969592,3.7969592,0.0,0.0,0.0,0.0,0.0,0.0,0.0,0.0,0.0,0.0,0.0,0.0,0.0,0.0,0.0,0.0,0.0,0,0,0,0,0,0,0,0,0,0,0,1,0,0,1,0,0
62223155,11.366739,11.389434,0.61376494,0.60577965,-1.0,10.099644,0.49987075,1.0769445,nan,3,3.796478,3.796478,3.796478,0.0,0.0,0.0,0.0,0.0,0.0,0.0,0.0,0.0,0.0,0.0,0.0,0.0,0.0,0.0,0.0,0.0,0,0,0,0,0,0,0,0,0,0,0,1,0,0,1,0,0
62423154,11.385174,11.387593,0.616333,0.6059084,-1.0,10.133305,0.49908587,1.0770745,nan,3,3.7958643,3.7958643,3.7958643,0.0,0.0,0.0,0.0,0.0,0.0,0.0,0.0,0.0,0.0,0.0,0.0,0.0,0.0,0.0,0.0,0.0,0,0,0,0,0,0,0,0,0,0,0,1,0,0,1,0,0
62623153,11.390996,11.387248,0.5957886,0.6057949,-1.0,10.166983,0.49905726,1.0770793,nan,3,3.7957494,3.7957494,3.7957494,0.0,0.0,0.0,0.0,0.0,0.0,0.0,0.0,0.0,0.0,0.0,0.0,0.0,0.0,0.0,0.0,0.0,0,0,0,0,0,0,0,0,0,0,0,1,0,0,1,0,0
62813154,11.387115,11.3864975,0.6077728,0.6064079,-1.0,10.199065,0.49877688,1.0771258,nan,3,3.795499,3.795499,3.795499,0.0,0.0,0.0,0.0,0.0,0.0,0.0,0.0,0.0,0.0,0.0,0.0,0.0,0.0,0.0,0.0,0.0,0,0,0,0,0,0,0,0,0,0,0,1,0,0,1,0,0
63023183,11.3725605,11.385717,0.5897964,0.6065992,-1.0,10.234496,0.4984183,1.0771852,nan,3,3.7952392,3.7952392,3.7952392,0.0,0.0,0.0,0.0,0.0,0.0,0.0,0.0,0.0,0.0,0.0,0.0,0.0,0.0,0.0,0.0,0.0,0,0,0,0,0,0,0,0,0,0,0,1,0,0,1,0,0
63223151,11.390025,11.384535,0.6026367,0.607325,-1.0,10.268311,0.49773595,1.0772983,nan,3,3.7948449,3.7948449,3.7948449,0.0,0.0,0.0,0.0,0.0,0.0,0.0,0.0,0.0,0.0,0.0,0.0,0.0,0.0,0.0,0.0,0.0,0,0,0,0,0,0,0,0,0,0,0,1,0,0,1,0,0
63423153,11.378382,11.383712,0.6026367,0.60669595,-1.0,10.30195,0.4973912,1.0773555,nan,3,3.7945707,3.7945707,3.7945707,0.0,0.0,0.0,0.0,0.0,0.0,0.0,0.0,0.0,0.0,0.0,0.0,0.0,0.0,0.0,0.0,0.0,0,0,0,0,0,0,0,0,0,0,0,1,0,0,1,0,0
63623150,11.360917,11.382367,0.6043488,0.6072228,-1.0,10.335739,0.49677417,1.0774578,nan,3,3.7941225,3.7941225,3.7941225,0.0,0.0,0.0,0.0,0.0,0.0,0.0,0.0,0.0,0.0,0.0,0.0,0.0,0.0,0.0,0.0,0.0,0,0,0,0,0,0,0,0,0,0,0,1,0,0,1,0,0
63823171,11.385174,11.380997,0.59921265,0.6064217,-1.0,10.369355,0.49609038,1.0775712,nan,3,3.7936656,3.7936656,3.7936656,0.0,0.0,0.0,0.0,0.0,0.0,0.0,0.0,0.0,0.0,0.0,0.0,0.0,0.0,0.0,0.0,0.0,0,0,0,0,0,0,0,0,0,0,0,1,0,0,1,0,0
64023160,11.389055,11.380003,0.60948485,0.6062101,-1.0,10.402994,0.49559066,1.0776541,nan,3,3.7933342,3.7933342,3.7933342,0.0,0.0,0.0,0.0,0.0,0.0,0.0,0.0,0.0,0.0,0.0,0.0,0.0,0.0,0.0,0.0,0.0,0,0,0,0,0,0,0,0,0,0,0,1,0,0,1,0,0
64213157,11.371591,11.378277,0.6026367,0.6071612,-1.0,10.4351225,0.4946346,1.0778127,nan,3,3.792759,3.792759,3.792759,0.0,0.0,0.0,0.0,0.0,0.0,0.0,0.0,0.0,0.0,0.0,0.0,0.0,0.0,0.0,0.0,0.0,0,0,0,0,0,0,0,0,0,0,0,1,0,0,1,0,0
64423152,11.371591,11.377246,0.6009247,0.608764,-1.0,10.4708395,0.49406,1.077908,nan,3,3.7924154,3.7924154,3.7924154,0.0,0.0,0.0,0.0,0.0,0.0,0.0,0.0,0.0,0.0,0.0,0.0,0.0,0.0,0.0,0.0,0.0,0,0,0,0,0,0,0,0,0,0,0,1,0,0,1,0,0
64623153,11.359946,11.37646,0.60948485,0.61003697,-1.0,10.504846,0.49358413,1.0779871,nan,3,3.7921534,3.7921534,3.7921534,0.0,0.0,0.0,0.0,0.0,0.0,0.0,0.0,0.0,0.0,0.0,0.0,0.0,0.0,0.0,0.0,0.0,0,0,0,0,0,0,0,0,0,0,0,1,0,0,1,0,0
64823197,11.371591,11.375844,0.6043488,0.6090909,-1.0,10.538581,0.49316832,1.0780561,nan,3,3.791948,3.791948,3.791948,0.0,0.0,0.0,0.0,0.0,0.0,0.0,0.0,0.0,0.0,0.0,0.0,0.0,0.0,0.0,0.0,0.0,0,0,0,0,0,0,0,0,0,0,0,1,0,0,1,0,0
65023265,11.367709,11.374847,0.60606074,0.6087239,-1.0,10.572337,0.4926128,1.0781484,nan,3,3.7916157,3.7916157,3.7916157,0.0,0.0,0.0,0.0,0.0,0.0,0.0,0.0,0.0,0.0,0.0,0.0,0.0,0.0,0.0,0.0,0.0,0,0,0,0,0,0,0,0,0,0,0,1,0,0,1,0,0
65223152,11.364798,11.373246,0.6077728,0.60860527,-1.0,10.606111,0.4917793,1.0782868,nan,3,3.7910821,3.7910821,3.7910821,0.0,0.0,0.0,0.0,0.0,0.0,0.0,0.0,0.0,0.0,0.0,0.0,0.0,0.0,0.0,0.0,0.0,0,0,0,0,0,0,0,0,0,0,0,1,0,0,1,0,0
65413223,11.368679,11.372614,0.6266052,0.60932714,-1.0,10.638345,0.49147794,1.0783368,nan,3,3.7908714,3.7908714,3.7908714,0.0,0.0,0.0,0.0,0.0,0.0,0.0,0.0,0.0,0.0,0.0,0.0,0.0,0.0,0.0,0.0,0.0,0,0,0,0,0,0,0,0,0,0,0,1,0,0,1,0,0
65613156,11.358976,11.371488,0.616333,0.60892236,-1.0,10.67213,0.49095628,1.0784235,nan,3,3.7904959,3.7904959,3.7904959,0.0,0.0,0.0,0.0,0.0,0.0,0.0,0.0,0.0,0.0,0.0,0.0,0.0,0.0,0.0,0.0,0.0,0,0,0,0,0,0,0,0,0,0,0,1,0,0,1,0,0
65823148,11.3745,11.370443,0.60948485,0.6088746,-1.0,10.707645,0.49044368,1.0785087,nan,3,3.7901478,3.7901478,3.7901478,0.0,0.0,0.0,0.0,0.0,0.0,0.0,0.0,0.0,0.0,0.0,0.0,0.0,0.0,0.0,0.0,0.0,0,0,0,0,0,0,0,0,0,0,0,1,0,0,1,0,0
66023151,11.358976,11.36962,0.60606074,0.6087624,-1.0,10.7414465,0.49004075,1.0785756,nan,3,3.7898734,3.7898734,3.7898734,0.0,0.0,0.0,0.0,0.0,0.0,0.0,0.0,0.0,0.0,0.0,0.0,0.0,0.0,0.0,0.0,0.0,0,0,0,0,0,0,0,0,0,0,0,1,0,0,1,0,0
66223150,11.3580065,11.367598,0.6077728,0.609598,-1.0,10.775414,0.48898074,1.0787518,nan,3,3.789199,3.789199,3.789199,0.0,0.0,0.0,0.0,0.0,0.0,0.0,0.0,0.0,0.0,0.0,0.0,0.0,0.0,0.0,0.0,0.0,0,0,0,0,0,0,0,0,0,0,0,1,0,0,1,0,0
66423152,11.364798,11.366584,0.61290896,0.6108273,-1.0,10.809482,0.48843476,1.0788426,nan,3,3.7888613,3.7888613,3.7888613,0.0,0.0,0.0,0.0,0.0,0.0,0.0,0.0,0.0,0.0,0.0,0.0,0.0,0.0,0.0,0.0,0.0,0,0,0,0,0,0,0,0,0,0,0,1,0,0,1,0,0
66623169,11.350244,11.366288,0.59750056,0.61114746,-1.0,10.843491,0.48829266,1.0788662,nan,3,3.7887628,3.7887628,3.7887628,0.0,0.0,0.0,0.0,0.0,0.0,0.0,0.0,0.0,0.0,0.0,0.0,0.0,0.0,0.0,0.0,0.0,0,0,0,0,0,0,0,0,0,0,0,1,0,0,1,0,0
66823368,11.363828,11.365243,0.59921265,0.61016047,-1.0,10.877318,0.48772046,1.0789614,nan,3,3.7884142,3.7884142,3.7884142,0.0,0.0,0.0,0.0,0.0,0.0,0.0,0.0,0.0,0.0,0.0,0.0,0.0,0.0,0.0,0.0,0.0,0,0,0,0,0,0,0,0,0,0,0,1,0,0,1,0,0
67013155,11.352185,11.363832,0.5932205,0.6096851,-1.0,10.909421,0.48689792,1.0790982,nan,3,3.787944,3.787944,3.787944,0.0,0.0,0.0,0.0,0.0,0.0,0.0,0.0,0.0,0.0,0.0,0.0,0.0,0.0,0.0,0.0,0.0,0,0,0,0,0,0,0,0,0,0,0,1,0,0,1,0,0
67223153,11.360917,11.362847,0.61804503,0.61074954,-1.0,10.945156,0.48635575,1.0791885,nan,3,3.7876158,3.7876158,3.7876158,0.0,0.0,0.0,0.0,0.0,0.0,0.0,0.0,0.0,0.0,0.0,0.0,0.0,0.0,0.0,0.0,0.0,0,0,0,0,0,0,0,0,0,0,0,1,0,0,1,0,0
67423150,11.356066,11.361795,0.61290896,0.6117471,-1.0,10.97925,0.48571345,1.0792953,nan,3,3.787265,3.787265,3.787265,0.0,0.0,0.0,0.0,0.0,0.0,0.0,0.0,0.0,0.0,0.0,0.0,0.0,0.0,0.0,0.0,0.0,0,0,0,0,0,0,0,0,0,0,0,1,0,0,1,0,0
67623462,11.360917,11.361175,0.6077728,0.6123609,-1.0,11.013402,0.48523757,1.0793744,nan,3,3.787058,3.787058,3.787058,0.0,0.0,0.0,0.0,0.0,0.0,0.0,0.0,0.0,0.0,0.0,0.0,0.0,0.0,0.0,0.0,0.0,0,0,0,0,0,0,0,0,0,0,0,1,0,0,1,0,0
67823272,11.356066,11.36053,0.62403715,0.6136829,-1.0,11.047588,0.48476073,1.0794538,nan,3,3.7868433,3.7868433,3.7868433,0.0,0.0,0.0,0.0,0.0,0.0,0.0,0.0,0.0,0.0,0.0,0.0,0.0,0.0,0.0,0.0,0.0,0,0,0,0,0,0,0,0,0,0,0,1,0,0,1,0,0
68023164,11.360917,11.358836,0.62146914,0.61332285,-1.0,11.081584,0.48370788,1.0796291,nan,3,3.7862787,3.7862787,3.7862787,0.0,0.0,0.0,0.0,0.0,0.0,0.0,0.0,0.0,0.0,0.0,0.0,0.0,0.0,0.0,0.0,0.0,0,0,0,0,0,0,0,0,0,0,0,1,0,0,1,0,0
68223159,11.362858,11.358714,0.6266052,0.61513126,-1.0,11.115968,0.48352763,1.0796591,nan,3,3.786238,3.786238,3.786238,0.0,0.0,0.0,0.0,0.0,0.0,0.0,0.0,0.0,0.0,0.0,0.0,0.0,0.0,0.0,0.0,0.0,0,0,0,0,0,0,0,0,0,0,0,1,0,0,1,0,0
68413300,11.360917,11.357792,0.62146914,0.61517996,-1.0,11.148454,0.48307845,1.079734,nan,3,3.7859306,3.7859306,3.7859306,0.0,0.0,0.0,0.0,0.0,0.0,0.0,0.0,0.0,0.0,0.0,0.0,0.0,0.0,0.0,0.0,0.0,0,0,0,0,0,0,0,0,0,0,0,1,0,0,1,0,0
68623150,11.371591,11.356592,0.618901,0.6149588,-1.0,11.184272,0.48252007,1.079827,nan,3,3.7855308,3.7855308,3.7855308,0.0,0.0,0.0,0.0,0.0,0.0,0.0,0.0,0.0,0.0,0.0,0.0,0.0,0.0,0.0,0.0,0.0,0,0,0,0,0,0,0,0,0,0,0,1,0,0,1,0,0
68823153,11.349274,11.353913,0.61975706,0.6141224,-1.0,11.21829,0.47929618,1.0803642,nan,3,3.7846377,3.7846377,3.7846377,0.0,0.0,0.0,0.0,0.0,0.0,0.0,0.0,0.0,0.0,0.0,0.0,0.0,0.0,0.0,0.0,0.0,0,0,0,0,0,0,0,0,0,0,0,1,0,0,1,0,0
69023152,11.362858,11.358036,0.616333,0.6135458,-1.0,11.252299,0.47728917,1.080699,nan,3,3.786012,3.786012,3.786012,0.0,0.0,0.0,0.0,0.0,0.0,0.0,0.0,0.0,0.0,0.0,0.0,0.0,0.0,0.0,0.0,0.0,0,0,0,0,0,0,0,0,0,0,0,1,0,0,1,0,0
69223152,11.342483,11.3599205,0.6300293,0.61467564,-1.0,11.2865925,0.4753742,1.0810186,nan,3,3.7866402,3.7866402,3.7866402,0.0,0.0,0.0,0.0,0.0,0.0,0.0,0.0,0.0,0.0,0.0,0.0,0.0,0.0,0.0,0.0,0.0,0,0,0,0,0,0,0,0,0,0,0,1,0,0,1,0,0
69423233,11.337631,11.356583,0.61975706,0.615099,-1.0,11.320812,0.47451827,1.0811615,nan,3,3.7855275,3.7855275,3.7855275,0.0,0.0,0.0,0.0,0.0,0.0,0.0,0.0,0.0,0.0,0.0,0.0,0.0,0.0,0.0,0.0,0.0,0,0,0,0,0,0,0,0,0,0,0,1,0,0,1,0,0
69623153,11.340541,11.350849,0.6077728,0.6156887,-1.0,11.355068,0.47408816,1.0812333,nan,3,3.7836163,3.7836163,3.7836163,0.0,0.0,0.0,0.0,0.0,0.0,0.0,0.0,0.0,0.0,0.0,0.0,0.0,0.0,0.0,0.0,0.0,0,0,0,0,0,0,0,0,0,0,0,1,0,0,1,0,0
69813154,11.318226,11.348968,0.61547697,0.616286,-1.0,11.387663,0.4743285,1.0811932,nan,3,3.7829893,3.7829893,3.7829893,0.0,0.0,0.0,0.0,0.0,0.0,0.0,0.0,0.0,0.0,0.0,0.0,0.0,0.0,0.0,0.0,0.0,0,0,0,0,0,0,0,0,0,0,0,1,0,0,1,0,0
70023153,11.357037,11.349314,0.6077728,0.6166922,-1.0,11.423698,0.47491214,1.0810958,nan,3,3.7831047,3.7831047,3.7831047,0.0,0.0,0.0,0.0,0.0,0.0,0.0,0.0,0.0,0.0,0.0,0.0,0.0,0.0,0.0,0.0,0.0,0,0,0,0,0,0,0,0,0,0,0,1,0,0,1,0,0
70223182,11.371591,11.35125,0.56325984,0.6158513,-1.0,11.45786,0.47512242,1.0810606,nan,3,3.7837498,3.7837498,3.7837498,0.0,0.0,0.0,0.0,0.0,0.0,0.0,0.0,0.0,0.0,0.0,0.0,0.0,0.0,0.0,0.0,0.0,0,0,0,0,0,0,0,0,0,0,0,1,0,0,1,0,0
70423163,11.516161,11.362551,0.61718905,0.61555296,-1.0,11.492026,0.4761071,1.0808963,nan,3,3.7875168,3.7875168,3.7875168,0.0,0.0,0.0,0.0,0.0,0.0,0.0,0.0,0.0,0.0,0.0,0.0,0.0,0.0,0.0,0.0,0.0,0,0,0,0,0,0,0,0,0,0,0,1,0,0,1,0,0
70623150,11.504517,11.381917,0.61290896,0.61491543,-1.0,11.526128,0.47561404,1.0809785,nan,3,3.7939723,3.7939723,3.7939723,0.0,0.0,0.0,0.0,0.0,0.0,0.0,0.0,0.0,0.0,0.0,0.0,0.0,0.0,0.0,0.0,0.0,0,0,0,0,0,0,0,0,0,0,0,1,0,0,1,0,0
70823156,11.492874,11.404001,0.6077728,0.6160016,-1.0,11.560488,0.47457168,1.0811526,nan,3,3.8013337,3.8013337,3.8013337,0.0,0.0,0.0,0.0,0.0,0.0,0.0,0.0,0.0,0.0,0.0,0.0,0.0,0.0,0.0,0.0,0.0,0,0,0,0,0,0,0,0,0,0,0,1,0,0,1,0,0
71013464,11.5491495,11.425884,0.618901,0.6167378,-1.0,11.593154,0.473978,1.0812517,nan,3,3.808628,3.808628,3.808628,0.0,0.0,0.0,0.0,0.0,0.0,0.0,0.0,0.0,0.0,0.0,0.0,0.0,0.0,0.0,0.0,0.0,0,0,0,0,0,0,0,0,0,0,0,1,0,0,1,0,0
71213151,11.521012,11.445033,0.62403715,0.61836475,-1.0,11.6276455,0.4726586,1.0814722,nan,3,3.815011,3.815011,3.815011,0.0,0.0,0.0,0.0,0.0,0.0,0.0,0.0,0.0,0.0,0.0,0.0,0.0,0.0,0.0,0.0,0.0,0,0,0,0,0,0,0,0,0,0,0,1,0,0,1,0,0
71423152,11.541388,11.46095,0.6231811,0.6183356,-1.0,11.66373,0.47126004,1.0817058,nan,3,3.8203166,3.8203166,3.8203166,0.0,0.0,0.0,0.0,0.0,0.0,0.0,0.0,0.0,0.0,0.0,0.0,0.0,0.0,0.0,0.0,0.0,0,0,0,0,0,0,0,0,0,0,0,1,0,0,1,0,0
71623154,11.532656,11.474437,0.6248932,0.6204837,-1.0,11.698447,0.47080132,1.0817826,nan,3,3.8248122,3.8248122,3.8248122,0.0,0.0,0.0,0.0,0.0,0.0,0.0,0.0,0.0,0.0,0.0,0.0,0.0,0.0,0.0,0.0,0.0,0,0,0,0,0,0,0,0,0,0,0,1,0,0,1,0,0
71823157,11.607366,11.497357,0.61975706,0.6222801,-1.0,11.73324,0.4667687,1.0824571,nan,3,3.8324525,3.8324525,3.8324525,0.0,0.0,0.0,0.0,0.0,0.0,0.0,0.0,0.0,0.0,0.0,0.0,0.0,0.0,0.0,0.0,0.0,0,0,0,0,0,0,0,0,0,0,0,1,0,0,1,0,0
72023151,11.613188,11.516922,0.6291733,0.6230625,-1.0,11.767958,0.46340892,1.0830197,nan,3,3.838974,3.838974,3.838974,0.0,0.0,0.0,0.0,0.0,0.0,0.0,0.0,0.0,0.0,0.0,0.0,0.0,0.0,0.0,0.0,0.0,0,0,0,0,0,0,0,0,0,0,0,1,0,0,1,0,0
72223237,11.634535,11.533368,0.6574218,0.62417364,-1.0,11.802776,0.46088502,1.0834429,nan,3,3.844456,3.844456,3.844456,0.0,0.0,0.0,0.0,0.0,0.0,0.0,0.0,0.0,0.0,0.0,0.0,0.0,0.0,0.0,0.0,0.0,0,0,0,0,0,0,0,0,0,0,0,1,0,0,1,0,0
72423162,11.6151285,11.547349,0.6300293,0.62274593,-1.0,11.837169,0.45909593,1.083743,nan,3,3.8491163,3.8491163,3.8491163,0.0,0.0,0.0,0.0,0.0,0.0,0.0,0.0,0.0,0.0,0.0,0.0,0.0,0.0,0.0,0.0,0.0,0,0,0,0,0,0,0,0,0,0,0,1,0,0,1,0,0
72613150,11.61998,11.560097,0.616333,0.62361896,-1.0,11.870187,0.45870158,1.0838091,nan,3,3.8533657,3.8533657,3.8533657,0.0,0.0,0.0,0.0,0.0,0.0,0.0,0.0,0.0,0.0,0.0,0.0,0.0,0.0,0.0,0.0,0.0,0,0,0,0,0,0,0,0,0,0,0,1,0,0,1,0,0
72823152,11.632593,11.572211,0.6274612,0.6249795,-1.0,11.906824,0.45865723,1.0838165,nan,3,3.8574038,3.8574038,3.8574038,0.0,0.0,0.0,0.0,0.0,0.0,0.0,0.0,0.0,0.0,0.0,0.0,0.0,0.0,0.0,0.0,0.0,0,0,0,0,0,0,0,0,0,0,0,1,0,0,1,0,0
73023153,11.624831,11.582041,0.62146914,0.625017,-1.0,11.941557,0.4588575,1.0837829,nan,3,3.8606803,3.8606803,3.8606803,0.0,0.0,0.0,0.0,0.0,0.0,0.0,0.0,0.0,0.0,0.0,0.0,0.0,0.0,0.0,0.0,0.0,0,0,0,0,0,0,0,0,0,0,0,1,0,0,1,0,0
73223592,11.6151285,11.590376,0.6266052,0.6240172,-1.0,11.97618,0.459177,1.0837294,nan,3,3.8634586,3.8634586,3.8634586,0.0,0.0,0.0,0.0,0.0,0.0,0.0,0.0,0.0,0.0,0.0,0.0,0.0,0.0,0.0,0.0,0.0,0,0,0,0,0,0,0,0,0,0,0,1,0,0,1,0,0
73423152,11.636475,11.598494,0.61975706,0.62475365,-1.0,12.010925,0.46015403,1.0835655,nan,3,3.8661644,3.8661644,3.8661644,0.0,0.0,0.0,0.0,0.0,0.0,0.0,0.0,0.0,0.0,0.0,0.0,0.0,0.0,0.0,0.0,0.0,0,0,0,0,0,0,0,0,0,0,0,1,0,0,1,0,0
73623154,11.65685,11.605954,0.61290896,0.62492305,-1.0,12.045674,0.46140334,1.083356,nan,3,3.8686514,3.8686514,3.8686514,0.0,0.0,0.0,0.0,0.0,0.0,0.0,0.0,0.0,0.0,0.0,0.0,0.0,0.0,0.0,0.0,0.0,0,0,0,0,0,0,0,0,0,0,0,1,0,0,1,0,0
73813452,11.65685,11.614766,0.6231811,0.62654644,-1.0,12.078997,0.46403357,1.0829151,nan,3,3.8715887,3.8715887,3.8715887,0.0,0.0,0.0,0.0,0.0,0.0,0.0,0.0,0.0,0.0,0.0,0.0,0.0,0.0,0.0,0.0,0.0,0,0,0,0,0,0,0,0,0,0,0,1,0,0,1,0,0
74013151,11.661701,11.622557,0.60349274,0.62513316,-1.0,12.113531,0.46639678,1.0825194,nan,3,3.8741856,3.8741856,3.8741856,0.0,0.0,0.0,0.0,0.0,0.0,0.0,0.0,0.0,0.0,0.0,0.0,0.0,0.0,0.0,0.0,0.0,0,0,0,0,0,0,0,0,0,0,0,1,0,0,1,0,0
74223164,11.6374445,11.629072,0.61975706,0.62377065,-1.0,12.149744,0.46833465,1.082195,nan,3,3.8763573,3.8763573,3.8763573,0.0,0.0,0.0,0.0,0.0,0.0,0.0,0.0,0.0,0.0,0.0,0.0,0.0,0.0,0.0,0.0,0.0,0,0,0,0,0,0,0,0,0,0,0,1,0,0,1,0,0
74423152,11.663643,11.635491,0.6206131,0.6221926,-1.0,12.184134,0.47059485,1.081817,nan,3,3.8784971,3.8784971,3.8784971,0.0,0.0,0.0,0.0,0.0,0.0,0.0,0.0,0.0,0.0,0.0,0.0,0.0,0.0,0.0,0.0,0.0,0,0,0,0,0,0,0,0,0,0,0,1,0,0,1,0,0
